date,geography,geography code,Ethnic group: Total: All usual residents,"Ethnic group: Asian, Asian British or Asian Welsh","Ethnic group: Asian, Asian British or Asian Welsh: Bangladeshi","Ethnic group: Asian, Asian British or Asian Welsh: Chinese","Ethnic group: Asian, Asian British or Asian Welsh: Indian","Ethnic group: Asian, Asian British or Asian Welsh: Pakistani","Ethnic group: Asian, Asian British or Asian Welsh: Other Asian","Ethnic group: Black, Black British, Black Welsh, Caribbean or African","Ethnic group: Black, Black British, Black Welsh, Caribbean or African: African","Ethnic group: Black, Black British, Black Welsh, Caribbean or African: Caribbean","Ethnic group: Black, Black British, Black Welsh, Caribbean or African: Other Black",Ethnic group: Mixed or Multiple ethnic groups,Ethnic group: Mixed or Multiple ethnic groups: White and Asian,Ethnic group: Mixed or Multiple ethnic groups: White and Black African,Ethnic group: Mixed or Multiple ethnic groups: White and Black Caribbean,Ethnic group: Mixed or Multiple ethnic groups: Other Mixed or Multiple ethnic groups,Ethnic group: White,"Ethnic group: White: English, Welsh, Scottish, Northern Irish or British",Ethnic group: White: Irish,Ethnic group: White: Gypsy or Irish Traveller,Ethnic group: White: Roma,Ethnic group: White: Other White,Ethnic group: Other ethnic group,Ethnic group: Other ethnic group: Arab,Ethnic group: Other ethnic group: Any other ethnic group
2021,Birmingham 001,E02001827,6450,850,24,78,517,126,105,134,50,64,20,226,87,5,99,35,5078,4884,75,7,1,111,162,26,136
2021,Birmingham 002,E02001828,7141,653,20,80,359,126,68,134,47,71,16,196,70,3,83,40,6083,5859,96,0,0,128,75,15,60
2021,Birmingham 003,E02001829,9160,1160,38,142,723,177,80,164,62,81,21,247,69,27,100,51,7410,7140,94,1,6,169,179,47,132
2021,Birmingham 004,E02001830,9686,1374,48,102,927,220,77,184,69,81,34,242,98,13,88,43,7724,7275,176,2,1,270,162,40,122
2021,Birmingham 005,E02001831,10682,819,43,87,376,190,123,495,170,250,75,559,111,19,352,77,8670,8187,144,0,0,339,139,47,92
2021,Birmingham 006,E02001832,7929,596,14,80,300,129,73,223,88,107,28,263,74,14,135,40,6713,6353,145,1,2,212,134,22,112
2021,Birmingham 007,E02001833,5936,832,32,60,494,187,59,266,76,153,37,250,51,16,115,68,4473,4271,82,0,1,119,115,12,103
2021,Birmingham 008,E02001834,6108,443,66,30,178,108,61,435,141,218,76,293,64,14,161,54,4851,4585,79,1,0,186,86,13,73
2021,Birmingham 009,E02001835,8475,684,41,91,285,186,81,185,71,97,17,317,106,16,117,78,7147,6666,189,2,8,282,142,53,89
2021,Birmingham 010,E02001836,9105,1356,71,119,761,264,141,409,71,279,59,332,81,20,152,79,6811,6323,250,0,5,233,197,56,141
2021,Birmingham 011,E02001837,10667,1096,230,99,195,354,218,1197,547,470,180,501,93,37,298,73,7677,6962,164,13,9,529,196,33,163
2021,Birmingham 012,E02001838,7571,651,16,99,386,90,60,163,65,69,29,156,48,8,64,36,6483,6179,151,5,1,147,118,50,68
2021,Birmingham 013,E02001839,6442,795,81,53,422,150,89,539,117,332,90,250,53,12,141,44,4747,4429,108,0,5,205,111,0,111
2021,Birmingham 014,E02001840,9601,1173,255,84,287,385,162,1419,587,624,208,644,100,38,387,119,6171,5528,130,4,8,501,194,51,143
2021,Birmingham 015,E02001841,5965,903,66,55,426,273,83,146,44,81,21,165,55,10,48,52,4600,4326,159,0,1,114,151,27,124
2021,Birmingham 016,E02001842,8069,2250,341,61,1168,517,163,1057,216,717,124,407,66,20,242,79,4118,3721,142,0,6,249,237,34,203
2021,Birmingham 017,E02001843,6638,821,61,32,243,347,138,578,135,359,84,289,66,25,143,55,4826,4458,118,2,0,248,124,22,102
2021,Birmingham 018,E02001844,9717,761,69,51,293,229,119,517,96,339,82,427,95,20,210,102,7853,7180,294,1,10,368,159,47,112
2021,Birmingham 019,E02001845,6664,1132,252,24,500,245,111,693,174,424,95,325,60,15,176,74,4353,4023,115,5,9,201,161,30,131
2021,Birmingham 020,E02001846,8157,1147,113,37,197,676,124,1014,382,493,139,532,60,83,298,91,5222,4433,167,2,12,608,242,117,125
2021,Birmingham 021,E02001847,5601,420,21,44,180,128,47,165,67,77,21,205,48,8,117,32,4728,4458,111,0,4,155,83,14,69
2021,Birmingham 022,E02001848,7319,1484,248,21,239,795,181,1655,872,600,183,416,82,42,236,56,3530,2992,82,7,11,438,234,60,174
2021,Birmingham 023,E02001849,8789,1117,128,77,220,553,139,1643,905,526,212,580,95,53,314,118,5254,4178,227,5,10,834,195,69,126
2021,Birmingham 024,E02001850,8605,3710,647,55,1159,1565,284,1417,430,769,218,427,107,30,163,127,2636,2105,115,0,17,399,415,79,336
2021,Birmingham 025,E02001851,9077,1103,61,186,262,465,129,924,297,490,137,536,101,40,304,91,6280,5664,223,0,1,392,234,94,140
2021,Birmingham 026,E02001852,7032,1636,190,56,258,1006,126,1067,359,583,125,397,84,36,187,90,3726,3005,90,10,23,598,206,72,134
2021,Birmingham 029,E02001855,9932,261,29,11,34,138,49,804,245,420,139,857,98,43,622,94,7905,7509,152,0,0,244,105,16,89
2021,Birmingham 030,E02001856,9638,3067,494,88,398,1907,180,1711,645,866,200,582,99,35,315,133,3871,2751,129,7,38,946,407,139,268
2021,Birmingham 031,E02001857,13855,3548,262,105,382,2399,400,2427,857,1225,345,828,164,85,400,179,6516,4901,254,18,52,1291,536,184,352
2021,Birmingham 032,E02001858,9146,4032,621,84,1670,1324,333,2117,733,1073,311,449,107,68,149,125,2055,1474,51,1,25,504,493,79,414
2021,Birmingham 033,E02001859,10395,7190,2048,30,1512,3347,253,1601,931,514,156,266,73,28,96,69,996,661,60,5,19,251,342,68,274
2021,Birmingham 034,E02001860,8470,4626,698,15,2163,1347,403,1586,514,886,186,333,73,24,137,99,1343,627,42,20,37,617,582,53,529
2021,Birmingham 035,E02001861,11209,6356,1560,31,1226,3086,453,2876,1324,1326,226,442,95,58,184,105,1001,556,69,3,25,348,534,68,466
2021,Birmingham 036,E02001862,9877,5440,1016,37,2853,1044,490,1984,670,1044,270,410,52,28,185,145,1267,627,34,19,44,543,776,68,708
2021,Birmingham 037,E02001863,8406,5597,2357,41,249,2713,237,1411,827,468,116,212,54,20,89,49,816,534,43,0,8,231,370,107,263
2021,Birmingham 039,E02001865,11401,7271,1200,64,2944,2573,490,2099,940,892,267,351,112,25,134,80,904,440,24,11,31,398,776,116,660
2021,Birmingham 040,E02001866,9450,6331,2565,38,548,2814,366,1723,860,647,216,316,87,20,122,87,720,436,36,3,23,222,360,81,279
2021,Birmingham 041,E02001867,8668,4776,2523,46,421,1515,271,2475,1378,789,308,302,60,42,108,92,657,476,23,5,7,146,458,123,335
2021,Birmingham 042,E02001868,9818,6869,328,45,145,5722,629,313,166,115,32,257,100,23,78,56,1936,1648,77,0,19,192,443,72,371
2021,Birmingham 043,E02001869,7008,1551,340,87,65,916,143,3275,2392,571,312,454,98,32,209,115,1243,1006,80,0,1,156,485,159,326
2021,Birmingham 044,E02001870,12991,8362,555,36,159,6799,813,1094,706,272,116,353,93,37,138,85,2519,2034,70,23,99,293,663,130,533
2021,Birmingham 045,E02001871,8338,1388,153,9,74,967,185,641,246,296,99,531,99,16,335,81,5601,5253,94,1,3,250,177,36,141
2021,Birmingham 046,E02001872,7424,436,26,14,30,282,84,482,153,231,98,542,67,21,382,72,5880,5550,94,1,5,230,84,17,67
2021,Birmingham 047,E02001873,11382,4409,465,84,1460,1965,435,3364,1642,1353,369,687,104,95,296,192,2103,1267,94,20,35,687,819,156,663
2021,Birmingham 048,E02001874,9956,6984,524,9,141,5790,520,1172,825,194,153,306,103,14,123,66,978,686,27,54,29,182,516,105,411
2021,Birmingham 049,E02001875,8962,2968,1455,69,258,893,293,3230,2105,838,287,405,92,46,163,104,1823,1409,81,1,9,323,536,167,369
2021,Birmingham 050,E02001876,16085,4293,915,568,1387,893,530,5643,4213,1047,383,827,194,157,288,188,4416,3439,110,11,34,822,906,347,559
2021,Birmingham 051,E02001877,12395,9146,910,24,151,7268,793,1359,1126,169,64,311,125,35,77,74,902,613,37,30,44,178,677,184,493
2021,Birmingham 052,E02001878,9521,5548,835,58,150,3852,653,2020,1436,400,184,341,98,26,110,107,844,634,26,2,18,164,768,248,520
2021,Birmingham 053,E02001879,10025,4596,271,71,628,3159,467,2293,1189,856,248,477,97,47,188,145,1950,1301,95,17,19,518,709,199,510
2021,Birmingham 054,E02001880,10033,3133,272,21,109,2322,409,1024,516,352,156,614,151,32,293,138,4923,4475,77,13,13,345,339,112,227
2021,Birmingham 055,E02001881,10496,6992,676,17,154,5630,515,875,623,175,77,313,109,25,103,76,1585,1256,67,18,32,212,731,164,567
2021,Birmingham 056,E02001882,8911,4049,143,42,243,3226,395,793,396,305,92,448,110,28,210,100,3258,2899,129,4,8,218,363,105,258
2021,Birmingham 057,E02001883,8516,1188,118,26,84,726,234,647,284,256,107,662,133,32,417,80,5852,5407,124,12,5,304,167,64,103
2021,Birmingham 058,E02001884,10188,7014,687,16,103,5629,579,1163,970,146,47,266,81,39,52,94,823,556,28,27,53,159,922,207,715
2021,Birmingham 060,E02001886,9894,4154,112,105,1817,1629,491,1484,928,448,108,460,97,60,163,140,3012,2091,107,11,31,772,784,200,584
2021,Birmingham 062,E02001888,7180,1874,204,11,201,1183,275,551,321,178,52,355,111,20,170,54,4194,3831,115,3,12,233,206,77,129
2021,Birmingham 063,E02001889,9053,6214,1320,28,109,4338,419,913,692,158,63,307,81,47,65,114,917,716,46,6,10,139,702,241,461
2021,Birmingham 064,E02001890,9976,2701,103,219,1441,603,335,1401,926,393,82,551,175,50,184,142,4598,3294,97,6,48,1153,725,229,496
2021,Birmingham 066,E02001892,11584,6378,1041,13,291,4419,614,926,631,228,67,556,160,45,196,155,2801,2406,112,13,30,240,923,423,500
2021,Birmingham 067,E02001893,8824,3583,544,25,333,2348,333,607,359,176,72,306,82,23,162,39,4051,3647,186,0,13,205,277,108,169
2021,Birmingham 069,E02001895,8956,1300,275,32,161,674,158,584,294,210,80,512,128,30,291,63,6344,5928,139,0,6,271,216,86,130
2021,Birmingham 070,E02001896,10161,7636,2202,0,133,4907,394,1081,881,162,38,248,59,23,55,111,478,292,48,6,10,122,718,377,341
2021,Birmingham 071,E02001897,8626,3500,794,67,256,2091,292,2477,1789,488,200,502,91,83,178,150,931,700,78,1,6,146,1216,893,323
2021,Birmingham 072,E02001898,6558,1242,231,21,141,777,72,191,15,146,30,185,44,8,108,25,4770,4547,124,0,4,95,170,58,112
2021,Birmingham 073,E02001899,8535,2681,22,169,1778,439,273,341,135,154,52,330,137,26,108,59,4654,4079,194,3,7,371,529,111,418
2021,Birmingham 074,E02001900,6711,2084,110,215,578,913,268,1170,620,408,142,396,100,58,139,99,2259,1768,70,1,13,407,802,509,293
2021,Birmingham 075,E02001901,8142,1037,35,212,491,183,116,339,171,139,29,471,188,36,121,126,5978,5172,215,1,25,565,317,157,160
2021,Birmingham 076,E02001902,6256,1387,244,16,209,767,151,259,108,126,25,226,49,13,117,47,4231,3855,128,4,7,237,153,42,111
2021,Birmingham 077,E02001903,8076,5963,973,17,254,4449,270,670,456,151,63,188,82,15,59,32,430,226,28,4,45,127,825,454,371
2021,Birmingham 078,E02001904,7724,3361,743,11,236,2152,219,483,233,194,56,367,102,23,123,119,3100,2400,172,5,22,501,413,110,303
2021,Birmingham 079,E02001905,10274,2847,112,606,1234,560,335,493,287,157,49,497,157,58,115,167,5888,4952,135,1,8,792,549,246,303
2021,Birmingham 080,E02001906,9567,1503,124,93,784,304,198,867,352,404,111,607,113,57,318,119,6233,5632,180,0,13,408,357,80,277
2021,Birmingham 081,E02001907,10414,1419,267,37,312,651,152,381,187,148,46,445,137,22,203,83,8021,7360,258,0,3,400,148,34,114
2021,Birmingham 082,E02001908,8951,7330,1088,18,316,5532,376,455,326,93,36,184,75,21,35,53,399,240,22,1,3,133,583,299,284
2021,Birmingham 083,E02001909,8286,5150,765,14,289,3755,327,726,450,215,61,340,105,32,96,107,712,484,39,3,23,163,1358,1102,256
2021,Birmingham 084,E02001910,7234,3487,380,22,207,2616,262,964,532,351,81,337,73,35,118,111,980,749,59,7,10,155,1466,1188,278
2021,Birmingham 085,E02001911,8741,1291,110,101,359,402,319,1612,954,479,179,705,100,138,343,124,4599,4009,125,8,20,437,534,141,393
2021,Birmingham 087,E02001913,7442,1641,81,347,593,384,236,794,514,202,78,385,99,29,144,113,4170,3473,152,6,5,534,452,193,259
2021,Birmingham 088,E02001914,7059,3220,154,56,551,2166,293,420,162,178,80,326,103,21,91,111,2244,1876,76,0,4,288,849,506,343
2021,Birmingham 089,E02001915,11960,3214,295,80,847,1772,220,673,288,307,78,609,203,18,272,116,7002,5869,378,15,19,721,462,125,337
2021,Birmingham 090,E02001916,9897,4988,565,35,642,3333,413,582,343,180,59,437,168,32,148,89,3435,2790,205,14,10,416,455,200,255
2021,Birmingham 092,E02001918,8646,1902,85,70,342,1219,186,725,273,343,109,500,150,39,194,117,5031,4287,244,5,11,484,488,249,239
2021,Birmingham 093,E02001919,6941,3500,137,30,463,2632,238,313,153,132,28,279,96,10,86,87,2366,1976,114,2,9,265,483,208,275
2021,Birmingham 094,E02001920,7654,761,65,45,124,169,358,933,442,359,132,495,76,37,300,82,5199,4851,94,0,8,246,266,109,157
2021,Birmingham 095,E02001921,7742,1148,45,147,384,281,291,723,366,239,118,557,106,112,225,114,4917,4369,99,5,2,442,397,188,209
2021,Birmingham 096,E02001922,15988,2822,180,956,912,364,410,1121,757,291,73,889,360,81,283,165,10642,9638,165,7,11,821,514,175,339
2021,Birmingham 097,E02001923,11117,7477,418,27,921,5550,561,412,176,188,48,331,128,20,85,98,2290,1778,217,4,18,273,607,234,373
2021,Birmingham 098,E02001924,7078,3462,287,23,710,2239,203,345,116,185,44,282,87,20,109,66,2657,2289,164,1,2,201,332,104,228
2021,Birmingham 099,E02001925,6735,1147,47,250,415,207,228,409,211,153,45,353,141,25,107,80,4583,4035,99,10,14,425,243,96,147
2021,Birmingham 100,E02001926,7827,1610,200,165,404,642,199,517,239,188,90,479,88,41,219,131,5000,4273,236,4,9,478,221,79,142
2021,Birmingham 101,E02001927,7671,743,78,87,166,153,259,666,332,226,108,458,93,23,278,64,5542,5116,98,5,18,305,262,109,153
2021,Birmingham 102,E02001928,6820,338,24,31,95,114,74,703,328,250,125,486,64,62,260,100,5164,4947,61,0,1,155,129,49,80
2021,Birmingham 103,E02001929,10505,3557,361,42,550,2296,308,571,252,227,92,647,183,40,269,155,5337,4650,217,12,0,458,393,138,255
2021,Birmingham 104,E02001930,7707,1562,54,50,369,977,112,266,60,170,36,454,171,39,133,111,5237,4519,290,1,12,415,188,78,110
2021,Birmingham 105,E02001931,8592,3931,169,37,913,2524,288,272,73,158,41,350,120,32,111,87,3625,3127,283,0,6,209,414,198,216
2021,Birmingham 106,E02001932,7429,632,54,93,144,178,163,747,358,270,119,559,97,50,307,105,5298,4967,84,0,4,243,193,61,132
2021,Birmingham 107,E02001933,7720,1513,258,73,315,758,109,465,192,204,69,461,117,21,220,103,5038,4483,187,15,6,347,243,78,165
2021,Birmingham 108,E02001934,7150,3845,232,49,1077,2224,263,185,91,66,28,227,65,13,59,90,2513,2060,296,0,6,151,380,115,265
2021,Birmingham 109,E02001935,8081,919,68,235,201,199,216,564,269,180,115,441,70,40,194,137,5761,5404,76,1,4,276,396,167,229
2021,Birmingham 110,E02001936,6386,1328,60,99,470,583,116,335,153,145,37,328,112,14,122,80,4239,3837,190,0,0,212,156,69,87
2021,Birmingham 111,E02001937,8389,2431,207,56,433,1530,205,478,241,195,42,482,111,24,236,111,4671,4223,186,0,16,246,327,175,152
2021,Birmingham 112,E02001938,7869,525,122,55,113,166,69,337,124,164,49,450,126,31,191,102,6414,5823,210,3,1,377,143,47,96
2021,Birmingham 113,E02001939,6295,569,31,88,259,80,111,414,176,169,69,404,75,27,241,61,4744,4451,95,2,5,191,164,69,95
2021,Birmingham 115,E02001941,6551,1517,106,15,265,982,149,355,162,140,53,331,67,19,168,77,4024,3693,174,1,5,151,324,112,212
2021,Birmingham 116,E02001942,6779,348,51,45,58,86,108,509,260,182,67,389,91,22,215,61,5378,4976,152,0,6,244,155,62,93
2021,Birmingham 117,E02001943,6476,926,70,78,242,452,84,412,169,188,55,342,70,18,184,70,4634,4314,162,1,2,155,162,78,84
2021,Birmingham 118,E02001944,8067,1108,49,54,301,553,151,516,168,261,87,466,98,40,225,103,5814,5385,246,0,0,183,163,46,117
2021,Birmingham 119,E02001945,7894,540,0,70,85,128,257,620,329,216,75,541,88,43,301,109,5969,5558,104,7,12,288,224,90,134
2021,Birmingham 120,E02001946,7585,486,17,103,183,71,112,307,152,117,38,335,69,22,180,64,6309,5913,187,0,0,209,148,32,116
2021,Birmingham 121,E02001947,6242,545,47,39,84,282,93,730,373,264,93,429,45,40,273,71,4292,4029,125,3,0,135,246,146,100
2021,Birmingham 122,E02001948,7345,739,63,37,176,391,72,240,103,124,13,322,89,14,168,51,5931,5645,148,1,6,131,113,52,61
2021,Birmingham 123,E02001949,6161,454,16,36,130,201,71,493,203,175,115,505,122,56,232,95,4646,4359,121,5,4,157,63,9,54
2021,Birmingham 124,E02001950,8571,373,13,56,102,79,123,500,248,164,88,446,67,46,272,61,7119,6681,192,6,5,235,133,26,107
2021,Birmingham 125,E02001951,9433,356,18,39,63,145,91,887,404,321,162,696,136,37,436,87,7328,7000,119,1,6,202,166,77,89
2021,Birmingham 126,E02001952,9127,457,41,84,65,120,147,1051,602,314,135,530,67,39,352,72,6901,6537,114,1,1,248,188,48,140
2021,Birmingham 127,E02001953,7109,366,9,30,165,94,68,342,164,143,35,337,90,31,148,68,5925,5612,123,3,10,177,139,24,115
2021,Birmingham 128,E02001954,7580,451,53,39,81,193,85,758,386,265,107,575,95,59,342,79,5572,5290,92,9,7,174,224,76,148
2021,Birmingham 129,E02001955,8096,322,31,64,93,74,60,596,306,218,72,457,82,45,271,59,6625,6334,107,0,0,184,96,22,74
2021,Birmingham 130,E02001956,6842,249,16,67,92,33,41,356,146,170,40,364,65,12,227,60,5825,5621,92,0,0,112,48,22,26
2021,Birmingham 131,E02001957,7885,213,4,8,58,52,91,372,163,131,78,288,53,20,160,55,6899,6680,105,0,0,114,113,29,84
2021,Coventry 001,E02001958,8077,1364,38,32,923,158,213,672,528,82,62,306,81,41,153,31,5403,4637,62,24,22,658,332,41,291
2021,Coventry 002,E02001959,6928,1347,19,32,857,143,296,385,292,47,46,205,74,25,85,21,4698,4121,167,4,7,399,293,23,270
2021,Coventry 004,E02001961,7967,1201,63,18,620,233,267,817,613,119,85,381,77,44,185,75,5279,4419,128,6,41,685,289,39,250
2021,Coventry 005,E02001962,7210,2223,87,18,1089,623,406,830,642,87,101,281,56,35,126,64,3425,2519,43,12,30,821,451,66,385
2021,Coventry 006,E02001963,6142,694,4,36,467,60,127,165,98,46,21,165,38,19,89,19,4916,4530,131,4,0,251,202,13,189
2021,Coventry 007,E02001964,11008,678,66,31,254,113,214,2268,1834,167,267,575,103,98,280,94,7268,5616,114,20,17,1501,219,54,165
2021,Coventry 008,E02001965,8083,1192,14,54,820,114,190,567,384,121,62,244,61,32,113,38,5900,5343,147,6,4,400,180,24,156
2021,Coventry 009,E02001966,7354,3647,249,30,880,2023,465,727,588,62,77,202,60,19,64,59,2179,1072,32,20,55,1000,599,136,463
2021,Coventry 010,E02001967,6965,335,22,49,198,29,37,93,55,18,20,152,48,22,62,20,6328,5972,172,0,0,184,57,9,48
2021,Coventry 011,E02001968,7960,2314,47,34,1096,611,526,650,494,93,63,268,80,60,89,39,4269,3289,97,13,57,813,459,25,434
2021,Coventry 012,E02001969,6776,1145,20,43,474,301,307,351,233,76,42,255,75,23,110,47,4810,3836,174,4,202,594,215,24,191
2021,Coventry 013,E02001970,5759,864,16,28,571,119,130,441,354,50,37,143,34,21,58,30,4153,3694,132,0,3,324,158,30,128
2021,Coventry 014,E02001971,6287,468,21,7,257,117,66,225,163,42,20,172,53,21,80,18,5095,4548,259,1,5,282,327,266,61
2021,Coventry 015,E02001972,11720,5259,589,54,1900,2070,646,1595,1278,132,185,461,108,82,148,123,3557,2016,67,38,77,1359,848,188,660
2021,Coventry 016,E02001973,8534,1703,180,25,906,321,271,826,638,90,98,331,103,48,127,53,5231,3998,123,9,32,1069,443,59,384
2021,Coventry 017,E02001974,9462,909,52,70,397,244,146,224,151,55,18,286,88,23,116,59,7854,6983,417,1,12,441,189,34,155
2021,Coventry 018,E02001975,7637,1379,71,25,857,196,230,387,256,60,71,223,74,17,86,46,5432,4927,139,0,11,355,216,22,194
2021,Coventry 019,E02001976,7499,1314,28,33,903,97,253,667,515,76,76,284,85,60,106,33,5057,4554,70,0,13,420,177,19,158
2021,Coventry 020,E02001977,10016,2046,89,129,748,639,441,1634,1321,226,87,386,98,49,163,76,5499,3930,141,15,38,1375,451,67,384
2021,Coventry 021,E02001978,6809,1659,123,15,931,350,240,607,519,53,35,195,54,21,82,38,4093,3424,115,8,15,531,255,30,225
2021,Coventry 022,E02001979,5605,310,6,17,205,47,35,74,51,18,5,131,52,7,41,31,5030,4760,105,0,0,165,60,15,45
2021,Coventry 023,E02001980,5793,306,10,45,182,40,29,70,39,20,11,115,47,11,41,16,5266,5008,108,0,0,150,36,5,31
2021,Coventry 024,E02001981,13439,4509,1310,140,1500,887,672,2828,2373,245,210,711,150,95,323,143,4392,2750,97,12,124,1409,999,234,765
2021,Coventry 025,E02001982,8407,448,14,63,225,82,64,203,151,43,9,206,52,12,96,46,7451,7093,105,0,1,252,99,15,84
2021,Coventry 026,E02001983,7609,606,5,60,228,226,87,255,168,68,19,231,64,28,99,40,6415,5772,247,6,8,382,102,36,66
2021,Coventry 027,E02001984,10464,1799,62,71,1127,179,360,981,798,106,77,399,92,82,161,64,6899,5859,219,0,33,788,386,51,335
2021,Coventry 028,E02001985,9242,1715,98,203,846,241,327,1514,1246,158,110,367,101,70,122,74,5129,3219,132,26,70,1682,517,102,415
2021,Coventry 029,E02001986,7980,370,14,53,161,63,79,556,404,77,75,230,39,44,97,50,6694,5998,115,7,6,568,130,24,106
2021,Coventry 030,E02001987,5911,743,32,97,229,213,172,396,319,56,21,210,65,24,62,59,4393,3496,188,3,16,690,169,61,108
2021,Coventry 031,E02001988,11151,2902,111,1108,949,284,450,2192,1748,247,197,443,86,89,134,134,4972,3549,137,6,56,1224,642,281,361
2021,Coventry 032,E02001989,6291,535,11,166,173,81,104,367,275,43,49,169,39,31,64,35,5077,4541,94,4,14,424,143,28,115
2021,Coventry 033,E02001990,9186,1442,13,60,1180,64,125,259,171,57,31,155,53,19,63,20,7088,6589,130,6,1,362,242,20,222
2021,Coventry 034,E02001991,8476,858,25,81,586,71,95,164,118,24,22,247,110,15,68,54,7078,6321,249,1,5,502,129,8,121
2021,Coventry 035,E02001992,10785,860,100,56,449,105,150,1931,1613,101,217,395,75,92,155,73,7414,6402,125,0,8,879,185,32,153
2021,Coventry 036,E02001993,8985,1586,58,396,749,135,248,705,530,94,81,268,85,25,81,77,6141,5380,110,7,11,633,285,57,228
2021,Coventry 037,E02001994,7960,2189,220,119,1426,170,254,401,265,66,70,280,116,19,81,64,4854,4229,87,6,3,529,236,28,208
2021,Coventry 038,E02001995,9426,1871,71,145,1281,104,270,891,751,68,72,286,61,83,81,61,5998,4527,137,4,32,1298,380,74,306
2021,Coventry 039,E02001996,7689,473,17,12,275,69,100,1283,1037,59,187,301,53,61,135,52,5496,4572,85,10,16,813,136,41,95
2021,Coventry 040,E02001997,8511,2307,125,100,1690,137,255,178,108,37,33,165,78,12,52,23,5518,5134,142,8,26,208,343,26,317
2021,Coventry 041,E02001998,6035,1406,102,99,910,144,151,196,111,28,57,129,44,8,51,26,4019,3753,70,0,6,190,285,25,260
2021,Coventry 042,E02001999,9105,2786,53,687,1445,263,338,440,355,50,35,364,165,27,69,103,5196,4213,125,5,11,842,319,67,252
2021,Dudley 001,E02002000,8552,461,0,13,328,83,37,378,155,175,48,317,51,12,194,60,7296,7068,10,21,4,193,100,13,87
2021,Dudley 002,E02002001,6064,177,7,6,104,18,42,67,33,29,5,129,33,6,76,14,5670,5580,28,7,0,55,21,8,13
2021,Dudley 003,E02002002,6900,184,0,3,123,15,43,58,10,31,17,111,30,3,63,15,6513,6429,20,4,0,60,34,6,28
2021,Dudley 004,E02002003,9023,375,0,24,257,61,33,159,65,74,20,243,90,5,131,17,8177,8000,17,16,4,140,69,7,62
2021,Dudley 005,E02002004,7578,284,13,17,136,87,31,268,136,112,20,233,31,8,164,30,6756,6580,25,11,7,133,37,6,31
2021,Dudley 006,E02002005,9889,889,40,33,305,350,161,794,426,265,103,499,96,26,325,52,7611,7118,10,8,7,468,96,10,86
2021,Dudley 007,E02002006,6476,175,10,22,62,39,42,127,53,53,21,250,43,16,150,41,5896,5790,20,5,2,79,28,9,19
2021,Dudley 008,E02002007,9024,75,0,4,40,16,15,79,34,30,15,163,35,3,110,15,8686,8555,34,15,1,81,21,4,17
2021,Dudley 009,E02002008,8165,931,6,33,630,197,65,275,102,146,27,224,53,7,125,39,6662,6546,23,3,0,90,73,10,63
2021,Dudley 010,E02002009,7116,2270,33,20,362,1714,141,618,214,315,89,371,72,33,212,54,3551,3125,14,21,10,381,306,92,214
2021,Dudley 011,E02002010,8376,2316,31,20,781,1278,206,944,451,374,119,365,80,37,203,45,4522,4038,14,6,14,450,229,52,177
2021,Dudley 012,E02002011,5906,155,0,16,77,35,27,30,8,18,4,81,36,2,34,9,5608,5482,13,57,0,56,32,14,18
2021,Dudley 013,E02002012,8407,1055,19,30,299,567,140,335,176,117,42,315,68,19,208,20,6583,6279,11,19,10,264,119,26,93
2021,Dudley 014,E02002013,6572,108,3,18,63,15,9,26,8,15,3,134,85,2,37,10,6283,6202,22,0,1,58,21,5,16
2021,Dudley 015,E02002014,8314,2226,32,26,346,1615,207,654,277,322,55,343,76,24,192,51,4852,4431,19,14,14,374,239,51,188
2021,Dudley 016,E02002015,7061,312,3,25,174,66,44,56,30,21,5,141,40,4,77,20,6522,6392,13,31,0,86,30,9,21
2021,Dudley 017,E02002016,8050,500,0,22,157,242,79,210,104,73,33,277,43,12,182,40,6995,6649,19,45,22,260,68,26,42
2021,Dudley 018,E02002017,8071,1205,36,29,181,837,122,323,138,137,48,303,70,19,177,37,6101,5840,21,7,5,228,139,51,88
2021,Dudley 019,E02002018,8935,157,0,7,95,26,29,28,11,17,0,137,45,7,64,21,8580,8493,31,3,0,53,33,13,20
2021,Dudley 020,E02002019,7796,612,18,15,85,444,50,190,65,84,41,312,61,12,217,22,6571,6438,16,6,0,111,111,40,71
2021,Dudley 021,E02002020,9486,168,0,23,82,33,30,37,5,28,4,154,39,5,85,25,9108,8993,46,3,2,64,19,9,10
2021,Dudley 022,E02002021,7707,1019,6,55,104,781,73,236,140,63,33,278,75,15,148,40,6029,5655,20,19,13,322,145,63,82
2021,Dudley 023,E02002022,8881,301,3,25,79,146,48,87,50,32,5,232,58,6,147,21,8232,8070,33,6,12,111,29,5,24
2021,Dudley 024,E02002023,5362,44,4,0,24,9,7,31,4,13,14,91,28,5,41,17,5182,5109,14,0,0,59,14,1,13
2021,Dudley 025,E02002024,8740,394,8,31,68,253,34,139,72,53,14,237,59,1,144,33,7894,7715,23,24,0,132,76,26,50
2021,Dudley 026,E02002025,8899,1500,222,53,446,629,150,291,87,157,47,403,76,27,226,74,6398,6153,36,4,0,205,307,173,134
2021,Dudley 027,E02002026,6783,282,1,32,51,180,18,42,10,28,4,104,29,5,54,16,6329,6232,20,11,7,59,26,0,26
2021,Dudley 028,E02002027,5380,135,1,10,49,56,19,23,10,13,0,51,11,3,25,12,5156,5115,13,1,0,27,15,9,6
2021,Dudley 029,E02002028,5731,81,7,3,41,14,16,18,3,13,2,79,20,6,37,16,5540,5464,22,2,0,52,13,2,11
2021,Dudley 030,E02002029,6227,686,16,35,411,165,59,298,33,241,24,225,54,15,124,32,4894,4752,51,2,1,88,124,43,81
2021,Dudley 031,E02002030,6815,476,2,15,60,366,33,65,30,25,10,159,37,8,84,30,6064,5923,23,6,6,106,51,8,43
2021,Dudley 032,E02002031,6266,1639,18,14,93,1476,38,74,23,49,2,145,48,12,61,24,4310,4131,21,10,33,115,98,21,77
2021,Dudley 033,E02002032,10217,749,8,44,124,466,107,201,91,72,38,389,84,16,208,81,8327,8125,22,0,1,179,551,456,95
2021,Dudley 034,E02002033,7811,372,16,61,104,146,45,119,46,57,16,192,55,1,108,28,6857,6693,27,3,1,133,271,240,31
2021,Dudley 035,E02002034,8168,335,7,21,69,212,26,104,44,55,5,155,47,17,56,35,7524,7253,47,5,1,218,50,27,23
2021,Dudley 036,E02002035,6117,573,15,29,369,100,60,122,41,66,15,163,39,10,95,19,5135,5024,52,2,1,56,124,29,95
2021,Dudley 037,E02002036,6662,1504,0,25,59,1305,115,119,66,37,16,184,63,9,87,25,4758,4480,67,15,8,188,97,59,38
2021,Dudley 038,E02002037,5922,113,3,4,84,17,5,30,11,17,2,150,34,14,76,26,5609,5503,47,3,0,56,20,2,18
2021,Dudley 039,E02002038,9610,519,21,63,198,100,137,231,109,98,24,279,75,19,128,57,8197,7984,45,1,1,166,384,317,67
2021,Dudley 040,E02002039,6208,527,0,40,156,276,55,80,41,15,24,150,50,4,60,36,5412,5252,30,6,6,118,39,8,31
2021,Dudley 041,E02002040,5941,239,1,20,139,56,23,27,5,19,3,85,35,7,26,17,5543,5442,24,1,0,76,47,12,35
2021,Dudley 042,E02002041,6273,656,4,14,234,353,51,111,64,30,17,165,48,9,96,12,5249,5143,22,3,0,81,92,15,77
2021,Dudley 043,E02002042,8026,284,8,10,161,66,39,72,17,40,15,166,51,5,76,34,7416,7313,35,1,2,65,88,46,42
2021,Sandwell 001,E02002043,8758,1423,713,15,475,154,66,281,125,108,48,279,64,21,153,41,6644,6372,20,0,0,252,131,37,94
2021,Sandwell 002,E02002044,8052,2421,337,41,1585,273,185,709,238,372,99,404,72,62,200,70,4236,3997,16,0,1,222,282,20,262
2021,Sandwell 003,E02002045,7812,920,267,41,479,65,68,335,143,129,63,218,48,13,109,48,6223,6006,14,5,9,189,116,13,103
2021,Sandwell 004,E02002046,5715,367,25,10,192,80,60,384,99,250,35,259,39,7,178,35,4643,4397,15,0,0,231,62,8,54
2021,Sandwell 005,E02002047,7553,1382,823,11,427,60,61,235,92,105,38,204,39,11,123,31,5610,5326,24,4,8,248,122,52,70
2021,Sandwell 006,E02002048,6828,2040,93,15,1566,255,111,360,71,260,29,217,71,11,80,55,3944,3732,81,2,0,129,267,13,254
2021,Sandwell 007,E02002049,6308,482,21,0,295,121,45,405,163,190,52,206,49,10,114,33,5154,4903,33,22,4,192,61,9,52
2021,Sandwell 009,E02002051,6169,519,43,15,326,76,59,405,171,131,103,191,34,9,135,13,4964,4716,14,5,1,228,90,22,68
2021,Sandwell 010,E02002052,11368,2291,161,8,1728,205,189,1273,355,635,283,514,98,39,324,53,6968,6306,25,5,26,606,322,9,313
2021,Sandwell 011,E02002053,6322,1514,174,20,954,210,156,902,301,495,106,348,90,20,156,82,3337,3031,111,1,9,185,221,19,202
2021,Sandwell 012,E02002054,5821,1687,110,24,1087,269,197,720,154,472,94,280,64,28,124,64,2897,2631,34,0,6,226,237,16,221
2021,Sandwell 013,E02002055,11126,3228,165,33,2379,218,433,1045,392,528,125,389,65,13,245,66,5934,5244,20,6,8,656,530,27,503
2021,Sandwell 014,E02002056,9883,851,49,21,537,142,102,656,322,223,111,394,67,19,276,32,7896,7342,24,8,4,518,86,18,68
2021,Sandwell 015,E02002057,10718,2903,731,21,1086,856,209,656,306,262,88,357,86,28,195,48,6492,5913,20,9,3,547,310,98,212
2021,Sandwell 016,E02002058,13568,4449,614,38,2319,1176,302,1189,546,491,152,473,89,24,295,65,6921,6014,20,12,16,859,536,35,501
2021,Sandwell 017,E02002059,11794,4363,431,19,2846,476,591,914,251,515,148,450,103,15,227,105,5288,4381,27,11,17,852,779,131,648
2021,Sandwell 018,E02002060,7353,2535,694,17,1050,444,330,642,247,294,101,332,68,17,211,36,3402,2846,10,24,8,514,442,86,356
2021,Sandwell 019,E02002061,7059,3454,1391,17,1136,609,301,554,237,267,50,212,48,10,111,43,2331,1881,15,1,12,422,508,154,354
2021,Sandwell 020,E02002062,8955,3783,404,33,2149,663,534,1104,338,613,153,460,101,30,241,88,3061,2354,29,12,18,648,547,55,492
2021,Sandwell 021,E02002063,10330,3403,73,21,1847,1183,279,1161,406,605,150,453,92,22,254,85,4836,4193,28,5,15,595,477,15,462
2021,Sandwell 022,E02002064,12493,1614,40,46,986,367,175,894,318,420,156,610,106,25,405,74,9076,8501,35,2,8,530,299,42,257
2021,Sandwell 023,E02002065,14170,9079,2181,32,3870,2139,857,1471,722,570,179,445,119,53,174,99,2009,1423,18,6,17,545,1166,62,1104
2021,Sandwell 024,E02002066,8259,3931,50,24,1572,1933,352,738,242,390,106,374,92,24,194,64,2759,2267,41,8,14,429,457,20,437
2021,Sandwell 025,E02002067,6320,473,12,10,256,131,64,285,135,83,67,211,35,13,124,39,5216,4990,18,0,0,208,135,19,116
2021,Sandwell 027,E02002069,7245,1093,39,43,656,225,130,608,258,231,119,396,104,20,210,62,4941,4675,31,2,2,231,207,74,133
2021,Sandwell 028,E02002070,10336,4596,219,36,2021,1904,416,1738,1107,494,137,537,155,36,260,86,2762,2109,27,66,24,536,703,53,650
2021,Sandwell 029,E02002071,6714,442,22,32,212,117,59,276,109,128,39,286,52,11,183,40,5622,5459,21,4,1,137,88,17,71
2021,Sandwell 030,E02002072,8923,2122,67,43,1322,501,189,825,339,366,120,430,107,28,240,55,5188,4828,41,0,10,309,358,52,306
2021,Sandwell 031,E02002073,8410,2481,114,21,1049,963,334,755,308,335,112,546,124,35,306,81,4240,3875,41,4,14,306,388,44,344
2021,Sandwell 032,E02002074,8207,1688,54,35,995,424,180,524,173,270,81,428,83,19,252,74,5327,4986,69,1,4,267,240,22,218
2021,Sandwell 033,E02002075,8735,918,97,25,365,337,94,403,131,218,54,364,68,24,232,40,6901,6541,34,7,5,314,149,44,105
2021,Sandwell 034,E02002076,10669,1566,64,80,760,419,243,936,465,347,124,763,183,73,374,133,7000,5732,260,15,38,955,404,66,338
2021,Sandwell 035,E02002077,10883,1534,82,40,198,1080,134,537,323,169,45,425,117,20,217,71,8034,7809,34,5,1,185,353,258,95
2021,Sandwell 036,E02002078,6570,1252,34,28,869,179,142,386,155,192,39,382,102,12,183,85,4243,3866,101,2,9,265,307,48,259
2021,Sandwell 037,E02002079,8663,1170,42,36,670,269,153,590,173,330,87,466,94,23,277,72,6166,5750,92,6,7,311,271,51,220
2021,Sandwell 038,E02002080,7382,563,43,20,106,341,53,187,75,88,24,362,124,18,161,59,6158,5939,24,36,0,159,112,49,63
2021,Solihull 001,E02002081,5434,488,17,29,112,305,25,145,26,106,13,211,48,6,116,41,4541,4394,80,0,1,66,49,6,43
2021,Solihull 002,E02002082,5840,103,10,8,31,33,21,309,92,156,61,365,40,17,264,44,5019,4867,26,0,0,126,44,12,32
2021,Solihull 003,E02002083,6026,456,27,24,38,327,40,89,6,75,8,180,50,3,90,37,5258,5133,60,8,1,56,43,18,25
2021,Solihull 004,E02002084,6745,233,17,34,43,121,18,301,97,164,40,362,33,19,269,41,5783,5513,87,8,0,175,66,23,43
2021,Solihull 005,E02002085,6660,247,9,11,99,98,30,233,81,110,42,351,31,22,255,43,5806,5503,83,0,6,214,23,10,13
2021,Solihull 006,E02002086,5924,161,0,20,44,63,34,198,30,118,50,320,31,15,235,39,5208,4995,74,0,1,138,37,13,24
2021,Solihull 007,E02002087,6297,198,5,19,55,52,67,212,74,108,30,416,49,16,315,36,5430,5188,93,0,3,146,41,11,30
2021,Solihull 008,E02002088,9586,203,20,19,65,49,50,296,81,172,43,534,63,34,401,36,8524,8162,107,5,1,249,29,4,25
2021,Solihull 009,E02002089,8065,413,22,65,155,97,74,232,74,120,38,359,77,19,212,51,6960,6726,102,3,0,129,101,20,81
2021,Solihull 010,E02002090,5962,1335,226,35,312,682,80,119,36,63,20,163,44,12,62,45,4233,3913,193,0,0,127,112,38,74
2021,Solihull 011,E02002091,7652,1019,83,59,258,548,71,149,42,84,23,201,67,7,84,43,6162,5827,135,0,2,198,121,31,90
2021,Solihull 012,E02002092,7270,962,119,35,264,434,110,103,40,54,9,218,78,14,93,33,5864,5503,113,4,8,236,123,46,77
2021,Solihull 013,E02002093,6693,1129,97,41,417,456,118,143,40,86,17,262,89,9,114,50,5007,4639,188,1,5,174,152,75,77
2021,Solihull 014,E02002094,5982,1072,71,46,491,394,70,53,20,28,5,163,71,9,50,33,4579,4255,178,1,1,144,115,44,71
2021,Solihull 015,E02002095,8623,1321,25,103,687,383,123,143,80,46,17,223,68,24,87,44,6702,6338,138,0,5,221,234,42,192
2021,Solihull 016,E02002096,10373,2104,51,118,1205,568,162,167,79,64,24,297,115,28,72,82,7446,6845,235,0,4,362,359,95,264
2021,Solihull 017,E02002097,7343,358,10,20,209,106,13,51,12,25,14,216,84,8,87,37,6671,6428,102,7,2,132,47,8,39
2021,Solihull 018,E02002098,9737,2120,68,174,1089,602,187,161,54,71,36,315,115,19,128,53,6895,6430,241,0,3,221,246,71,175
2021,Solihull 019,E02002099,6902,1577,20,143,950,358,106,58,26,25,7,183,73,16,44,50,4861,4481,180,1,1,198,223,62,161
2021,Solihull 021,E02002101,6304,592,19,46,268,186,73,119,41,59,19,190,34,9,102,45,5319,5114,107,0,1,97,84,9,75
2021,Solihull 022,E02002102,8775,1507,29,133,740,465,140,108,60,41,7,284,109,18,93,64,6639,6180,212,0,2,245,237,72,165
2021,Solihull 023,E02002103,6085,625,15,63,377,119,51,51,23,22,6,131,64,4,34,29,5200,4885,182,0,1,132,78,21,57
2021,Solihull 024,E02002104,5847,841,19,116,522,122,62,62,30,26,6,139,53,6,42,38,4721,4453,123,0,0,145,84,12,72
2021,Solihull 025,E02002105,8264,434,5,31,315,32,51,53,23,21,9,199,91,11,61,36,7530,7269,78,11,0,172,48,7,41
2021,Solihull 026,E02002106,9727,550,10,53,322,115,50,73,32,36,5,265,122,13,84,46,8749,8405,133,0,0,211,90,20,70
2021,Solihull 027,E02002107,5414,998,15,89,652,185,57,82,51,25,6,131,49,10,32,40,4065,3823,102,0,1,139,138,39,99
2021,Solihull 028,E02002108,9846,507,12,52,294,110,39,45,28,13,4,206,92,19,52,43,8997,8598,147,7,2,243,91,26,65
2021,Solihull 029,E02002109,12131,1090,27,91,711,190,71,104,37,59,8,427,165,24,160,78,10371,9749,247,17,5,353,139,27,112
2021,Walsall 001,E02002110,7026,200,8,19,106,45,22,114,40,54,20,142,26,6,83,27,6505,6386,17,0,0,102,65,4,61
2021,Walsall 002,E02002111,6419,138,0,9,64,43,22,114,31,60,23,135,32,16,72,15,6013,5810,25,9,4,165,19,0,19
2021,Walsall 003,E02002112,5269,72,0,4,51,10,7,65,37,23,5,85,20,5,42,18,5034,4971,20,0,0,43,13,0,13
2021,Walsall 004,E02002113,6398,229,6,14,151,39,19,136,47,67,22,168,34,9,91,34,5822,5652,38,17,0,115,43,1,42
2021,Walsall 005,E02002114,6078,149,1,30,83,18,17,79,35,32,12,118,61,3,39,15,5708,5615,26,6,1,60,24,6,18
2021,Walsall 006,E02002115,6822,223,9,16,127,42,29,163,69,68,26,190,39,21,100,30,6226,6002,17,18,0,189,20,2,18
2021,Walsall 007,E02002116,6757,272,4,24,173,55,16,91,34,47,10,155,38,8,69,40,6200,6072,45,6,0,77,39,0,39
2021,Walsall 008,E02002117,6255,192,18,39,98,14,23,115,36,60,19,119,25,11,63,20,5815,5679,19,11,0,106,14,0,14
2021,Walsall 009,E02002118,7419,194,18,15,77,54,30,249,153,68,28,180,36,15,100,29,6763,6467,13,5,2,276,33,7,26
2021,Walsall 010,E02002119,5982,510,9,26,379,65,31,156,32,104,20,142,40,8,76,18,5076,4990,20,3,0,63,98,7,91
2021,Walsall 011,E02002120,6112,529,1,16,450,39,23,110,36,57,17,193,53,7,113,20,5192,5077,16,0,6,93,88,0,88
2021,Walsall 012,E02002121,6665,280,4,13,135,91,37,357,164,151,42,237,43,18,153,23,5751,5459,11,24,0,257,40,0,40
2021,Walsall 013,E02002122,7157,584,30,36,245,188,85,664,371,183,110,286,78,24,142,42,5530,4926,26,33,8,537,93,25,68
2021,Walsall 014,E02002123,6600,619,10,20,448,76,65,178,65,90,23,222,39,8,142,33,5475,5314,13,5,0,143,106,0,106
2021,Walsall 015,E02002124,6917,213,5,15,132,42,19,111,38,61,12,186,55,9,100,22,6380,6199,66,5,1,109,27,5,22
2021,Walsall 016,E02002125,6449,402,9,22,227,104,40,300,179,105,16,243,69,12,135,27,5463,5329,24,6,3,101,41,0,41
2021,Walsall 017,E02002126,6678,206,32,19,51,72,32,324,172,114,38,197,37,17,109,34,5915,5660,11,26,1,217,36,0,36
2021,Walsall 018,E02002127,9792,2504,96,42,484,1702,180,1114,667,319,128,356,91,33,162,70,5558,4788,16,0,6,748,260,31,229
2021,Walsall 019,E02002128,5625,468,19,10,348,53,38,139,71,47,21,117,30,2,66,19,4808,4678,19,1,0,110,93,1,92
2021,Walsall 020,E02002129,6031,599,5,9,467,77,41,74,14,45,15,140,38,6,76,20,5076,4972,16,10,0,78,142,1,141
2021,Walsall 021,E02002130,6861,1419,41,19,314,979,66,370,193,146,31,226,60,13,128,25,4761,4458,15,15,7,266,85,6,79
2021,Walsall 022,E02002131,7776,734,18,17,569,74,56,116,28,81,7,164,55,7,75,27,6655,6475,83,1,2,94,107,2,105
2021,Walsall 023,E02002132,6440,742,25,5,502,155,55,319,123,149,47,268,62,11,170,25,5000,4745,6,9,5,235,111,21,90
2021,Walsall 024,E02002133,6900,1735,41,27,693,831,143,410,166,191,53,332,93,37,143,59,4217,3751,26,12,3,425,206,22,184
2021,Walsall 025,E02002134,9236,1250,26,36,935,140,113,564,185,301,78,466,102,13,302,49,6751,6307,9,34,9,392,205,2,203
2021,Walsall 026,E02002135,7980,3434,167,21,599,2419,228,731,414,212,105,321,120,31,123,47,3153,2638,19,3,27,466,341,137,204
2021,Walsall 027,E02002136,8005,1771,15,28,1485,91,152,407,154,201,52,365,55,31,223,56,5083,4724,12,16,6,325,379,6,373
2021,Walsall 028,E02002137,6115,869,2,49,632,132,54,73,27,37,9,104,34,8,40,22,4941,4782,69,2,2,86,128,4,124
2021,Walsall 029,E02002138,6359,3064,90,24,1125,1667,158,211,88,90,33,208,65,8,79,56,2523,2242,11,0,12,258,353,26,327
2021,Walsall 030,E02002139,10859,4154,1103,40,995,1719,297,1159,664,328,167,485,127,57,209,92,4644,3807,35,22,31,749,417,32,385
2021,Walsall 031,E02002140,8557,4374,783,16,1343,1991,241,793,484,205,104,332,106,38,131,57,2738,2255,24,5,28,426,320,22,298
2021,Walsall 032,E02002141,6461,976,29,39,771,81,56,103,48,37,18,171,50,16,65,40,5055,4876,82,1,2,94,156,6,150
2021,Walsall 033,E02002142,7551,2604,594,14,1017,883,96,540,364,129,47,532,95,21,364,52,3775,3442,12,8,5,308,100,15,85
2021,Walsall 034,E02002143,10265,7197,2087,25,1704,3084,297,587,373,155,59,255,92,23,96,44,1845,1351,24,12,26,432,381,35,346
2021,Walsall 035,E02002144,6847,3328,89,24,2332,680,203,185,80,94,11,158,62,5,43,48,2513,2409,32,1,4,67,663,21,642
2021,Walsall 036,E02002145,8493,1536,198,12,806,412,108,621,278,252,91,435,81,18,264,72,5795,5248,18,15,7,507,106,22,84
2021,Walsall 037,E02002146,6425,2993,602,24,1009,1180,178,293,133,116,44,206,71,9,83,43,2707,2454,18,6,4,225,226,9,217
2021,Walsall 038,E02002147,9106,1165,142,20,737,170,96,507,249,193,65,356,102,16,195,43,6978,6524,11,6,4,433,100,24,76
2021,Walsall 039,E02002148,11428,1262,41,50,864,221,86,376,94,214,68,328,78,24,167,59,9278,8996,106,1,0,175,184,8,176
2021,Wolverhampton 001,E02002149,10088,549,16,18,392,61,62,636,236,296,104,540,63,28,375,74,8219,7842,53,1,12,311,144,26,118
2021,Wolverhampton 002,E02002150,5791,681,23,17,483,84,74,502,218,215,69,347,51,27,232,37,4188,3845,35,6,3,299,73,14,59
2021,Wolverhampton 003,E02002151,5557,483,39,38,277,82,47,534,181,265,88,398,55,32,280,31,4063,3705,28,6,11,313,79,14,65
2021,Wolverhampton 004,E02002152,6272,342,9,13,246,39,35,619,295,222,102,420,41,16,322,41,4815,4535,16,0,5,259,76,11,65
2021,Wolverhampton 005,E02002153,7478,251,4,15,197,10,25,242,90,104,48,263,53,7,174,29,6686,6565,24,0,1,96,36,0,36
2021,Wolverhampton 006,E02002154,7412,1391,26,39,1048,174,104,897,387,335,175,478,76,15,308,79,4496,4070,36,13,9,368,150,12,138
2021,Wolverhampton 007,E02002155,6518,396,7,15,263,34,77,1055,516,379,160,566,44,52,406,64,4357,3886,18,27,20,406,144,6,138
2021,Wolverhampton 008,E02002156,8306,1230,18,22,953,103,134,465,103,293,69,405,84,21,251,49,5978,5725,63,6,7,177,228,25,203
2021,Wolverhampton 009,E02002157,7825,1484,14,30,1058,297,85,382,128,203,51,312,78,22,171,41,5506,5245,55,0,0,206,141,19,122
2021,Wolverhampton 010,E02002158,7524,763,5,14,625,38,81,290,107,140,43,318,53,8,222,35,6010,5835,36,0,0,139,143,5,138
2021,Wolverhampton 011,E02002159,6177,1027,3,22,778,120,104,1130,542,444,144,377,64,23,245,45,3381,2759,25,7,12,578,262,45,217
2021,Wolverhampton 012,E02002160,7577,1681,9,32,1386,44,210,332,136,138,58,288,56,20,166,46,5036,4785,49,14,5,183,240,15,225
2021,Wolverhampton 013,E02002161,7121,2305,21,14,830,1116,324,1087,472,426,189,404,64,50,216,74,2726,1694,25,15,22,970,599,35,564
2021,Wolverhampton 014,E02002162,7774,1651,14,35,1323,152,127,245,74,144,27,282,85,18,139,40,5359,5138,47,1,4,169,237,20,217
2021,Wolverhampton 015,E02002163,11876,2282,51,59,1447,176,549,2281,1202,779,300,844,106,75,518,145,5860,4593,35,10,24,1198,609,93,516
2021,Wolverhampton 016,E02002164,6742,2065,52,14,730,841,428,1357,822,409,126,350,47,47,190,66,2350,1301,22,16,21,990,620,119,501
2021,Wolverhampton 017,E02002165,7894,1951,7,15,1165,450,314,917,382,446,89,423,119,53,173,78,4081,3205,88,8,40,740,522,172,350
2021,Wolverhampton 018,E02002166,9408,1487,4,34,1172,104,173,1126,478,435,213,600,67,27,423,83,5963,5485,27,15,6,430,232,31,201
2021,Wolverhampton 019,E02002167,6639,955,14,8,827,60,46,227,84,112,31,307,83,16,173,35,5021,4818,40,5,0,158,129,10,119
2021,Wolverhampton 020,E02002168,11532,3458,45,56,2145,902,310,2206,1414,607,185,699,137,53,367,142,4614,3335,59,13,88,1119,555,71,484
2021,Wolverhampton 021,E02002169,8810,2333,7,35,1963,203,125,305,83,188,34,325,105,14,158,48,5625,5356,67,1,0,201,222,15,207
2021,Wolverhampton 022,E02002170,6316,1309,4,15,1099,59,132,355,133,143,79,325,48,15,224,38,4166,3926,12,7,7,214,161,2,159
2021,Wolverhampton 023,E02002171,7725,1489,0,9,1274,82,124,495,157,266,72,474,85,23,311,55,5073,4761,12,7,10,283,194,9,185
2021,Wolverhampton 026,E02002174,7643,2344,37,21,1870,296,120,374,133,187,54,349,100,5,172,72,4330,4064,44,1,10,211,246,13,233
2021,Wolverhampton 027,E02002175,7790,1656,12,19,1441,60,124,714,321,284,109,444,84,38,253,69,4731,4176,7,10,7,531,245,7,238
2021,Wolverhampton 028,E02002176,7844,969,1,17,804,79,68,355,133,177,45,531,119,27,320,65,5839,5591,55,3,0,190,150,14,136
2021,Wolverhampton 029,E02002177,11507,3414,15,34,2826,204,335,1615,756,627,232,790,138,62,459,131,5174,4356,21,18,15,764,514,47,467
2021,Wolverhampton 030,E02002178,8141,4120,12,16,3689,109,294,444,137,216,91,254,74,25,111,44,2626,2326,21,5,11,263,697,9,688
2021,Wolverhampton 031,E02002179,6570,1537,3,22,1348,81,83,277,90,152,35,293,78,18,158,39,4294,4190,39,0,7,58,169,15,154
2021,Wolverhampton 032,E02002180,6489,1603,6,11,1409,48,129,374,119,190,65,222,47,10,135,30,4018,3837,22,7,4,148,272,7,265
2021,Wolverhampton 033,E02002181,8439,912,11,40,699,84,78,529,289,167,73,382,94,12,222,54,6502,6004,28,18,14,438,114,11,103
2021,Wolverhampton 034,E02002182,6584,1396,13,15,1195,50,123,332,121,156,55,307,55,20,195,37,4346,4222,13,5,3,103,203,4,199
2021,Derby 014,E02002809,7053,114,3,8,55,23,25,120,66,42,12,193,38,13,116,26,6604,6369,43,8,5,179,22,3,19
2021,Derby 017,E02002812,7817,2394,13,52,765,1278,286,352,209,108,35,321,97,30,134,60,4492,4064,85,3,17,323,258,56,202
2021,Derby 018,E02002813,11567,5767,175,60,378,4633,521,841,599,161,81,450,126,57,107,160,3803,2168,41,102,264,1228,706,110,596
2021,Derby 019,E02002814,7182,815,7,35,475,242,56,137,65,50,22,178,79,12,56,31,5932,5710,84,2,5,131,120,13,107
2021,Derby 020,E02002815,8956,4853,81,34,761,3571,406,664,399,178,87,490,91,87,101,211,2259,1141,26,46,227,819,690,100,590
2021,Derby 021,E02002816,9416,3225,24,83,1882,934,302,318,173,111,34,356,127,27,129,73,4937,4643,64,1,0,229,580,78,502
2021,Derby 022,E02002817,6311,2238,16,12,1022,987,201,263,114,134,15,214,77,16,90,31,3306,3050,51,4,13,188,290,48,242
2021,Derby 023,E02002818,8536,2746,93,37,693,1607,316,731,379,233,119,637,118,102,210,207,3889,2936,37,25,99,792,533,61,472
2021,Derby 024,E02002819,7562,432,10,47,195,76,104,298,174,87,37,286,60,22,156,48,6474,5983,47,3,3,438,72,0,72
2021,Derby 025,E02002820,9937,671,8,25,227,236,175,362,215,107,40,391,74,28,211,78,8295,7488,78,11,11,707,218,32,186
2021,Derby 026,E02002821,12446,1284,55,38,447,434,310,821,569,150,102,593,118,67,289,119,9268,7596,212,30,59,1371,480,29,451
2021,Derby 027,E02002822,6941,1897,5,19,809,866,198,368,96,189,83,330,78,15,186,51,3980,3609,82,4,10,275,366,22,344
2021,Derby 028,E02002823,7683,331,3,27,88,123,90,187,68,88,31,275,48,16,185,26,6828,6508,70,5,12,233,62,12,50
2021,Derby 029,E02002824,10805,2578,26,47,1415,855,235,778,327,359,92,495,114,38,279,64,6325,5462,36,10,28,789,629,31,598
2021,Derby 030,E02002825,8676,931,2,45,679,108,97,287,175,76,36,297,69,23,143,62,7008,6587,63,2,3,353,153,11,142
2021,Derby 031,E02002826,7095,615,0,87,381,82,65,141,83,38,20,268,78,21,136,33,5993,5784,22,9,0,178,78,12,66
2021,Herefordshire 001,E02002905,6262,31,0,1,10,1,19,5,3,2,0,46,6,5,21,14,6162,6022,39,1,0,100,18,1,17
2021,Herefordshire 004,E02002908,8836,50,0,16,13,1,20,10,7,3,0,78,24,10,20,24,8693,8463,43,3,1,183,5,1,4
2021,Herefordshire 005,E02002909,10681,78,3,11,38,2,24,16,9,3,4,94,35,11,22,26,10450,10005,44,38,7,356,43,5,38
2021,Telford and Wrekin 001,E02002928,6064,119,0,9,73,16,21,17,6,11,0,67,32,1,18,16,5830,5680,38,0,6,106,31,9,22
2021,Telford and Wrekin 002,E02002929,6665,154,0,66,46,20,22,29,13,13,3,69,21,6,35,7,6383,6218,50,0,1,114,30,1,29
2021,Telford and Wrekin 003,E02002930,6994,185,5,56,64,13,47,75,57,13,5,133,54,9,47,23,6568,6350,41,3,0,174,33,2,31
2021,Telford and Wrekin 004,E02002931,6564,358,1,47,243,27,40,52,30,14,8,158,79,0,45,34,5960,5766,28,8,0,158,36,8,28
2021,Telford and Wrekin 005,E02002932,8960,187,1,7,106,43,30,414,335,40,39,282,45,55,147,35,7995,7231,38,20,27,679,82,17,65
2021,Telford and Wrekin 006,E02002933,8000,358,18,21,124,148,47,101,50,26,25,164,50,5,74,35,7344,7045,27,0,0,272,33,4,29
2021,Telford and Wrekin 007,E02002934,6174,750,41,34,293,300,82,162,112,36,14,183,61,16,76,30,4956,4641,21,2,4,288,123,20,103
2021,Telford and Wrekin 008,E02002935,6776,449,5,33,361,26,24,138,82,38,18,181,48,18,98,17,5854,5437,19,2,19,377,154,4,150
2021,Telford and Wrekin 009,E02002936,11157,1419,25,48,405,815,126,571,454,81,36,435,126,68,187,54,8498,7140,30,19,14,1295,234,44,190
2021,Telford and Wrekin 010,E02002937,10749,318,6,26,220,34,32,95,52,25,18,191,73,19,74,25,10101,9855,65,31,1,149,44,5,39
2021,Telford and Wrekin 011,E02002938,7321,1546,13,61,115,1280,77,312,233,49,30,245,75,48,81,41,5102,4509,18,6,32,537,116,39,77
2021,Telford and Wrekin 012,E02002939,7569,491,22,28,140,193,108,210,140,43,27,256,77,28,101,50,6536,6106,33,9,2,386,76,12,64
2021,Telford and Wrekin 013,E02002940,5859,92,0,7,58,12,15,88,48,31,9,115,24,13,53,25,5545,5344,24,2,4,171,19,0,19
2021,Telford and Wrekin 014,E02002941,10465,314,5,20,192,46,51,168,109,32,27,249,50,39,112,48,9665,9111,30,8,18,498,69,6,63
2021,Telford and Wrekin 015,E02002942,8048,908,8,141,611,53,95,166,112,31,23,225,65,21,94,45,6621,6396,28,2,5,190,128,24,104
2021,Telford and Wrekin 017,E02002944,8337,284,3,19,128,90,44,368,299,28,41,261,66,78,87,30,7381,6897,17,8,7,452,43,2,41
2021,Telford and Wrekin 018,E02002945,9442,616,9,42,479,47,39,643,523,47,73,273,57,52,122,42,7808,7063,25,14,23,683,102,5,97
2021,Telford and Wrekin 019,E02002946,7581,144,0,13,96,11,24,90,62,18,10,125,45,17,57,6,7197,6975,25,4,0,193,25,8,17
2021,Telford and Wrekin 020,E02002947,7133,167,19,13,72,38,25,593,484,27,82,174,34,35,86,19,6156,5764,30,6,0,356,43,7,36
2021,Telford and Wrekin 021,E02002948,7597,111,0,6,55,23,27,332,232,37,63,251,31,46,144,30,6856,6464,24,6,10,352,47,1,46
2021,Telford and Wrekin 022,E02002949,5327,96,1,9,66,8,12,24,9,12,3,115,16,8,66,25,5072,4900,35,4,0,133,20,1,19
2021,Telford and Wrekin 023,E02002950,5855,167,5,11,86,37,28,256,209,14,33,151,28,31,62,30,5253,4883,22,12,5,331,28,1,27
2021,Derbyshire Dales 010,E02004077,8263,143,7,27,31,69,9,66,14,31,21,87,29,4,44,10,7954,7774,41,7,1,131,13,3,10
2021,Erewash 009,E02004086,7168,85,0,18,38,8,21,51,20,24,7,139,33,14,66,26,6862,6716,48,0,0,98,31,3,28
2021,Erewash 011,E02004088,7618,376,1,60,249,16,50,87,54,28,5,123,41,10,44,28,6994,6765,41,2,8,178,38,5,33
2021,Erewash 013,E02004090,5946,88,0,13,47,11,17,19,1,11,7,114,26,7,49,32,5712,5595,44,0,0,73,13,2,11
2021,Erewash 014,E02004091,9309,170,3,32,89,17,29,113,35,64,14,216,45,14,131,26,8791,8429,54,5,5,298,19,2,17
2021,Erewash 015,E02004092,9384,154,17,22,70,20,25,50,9,31,10,226,57,19,110,40,8915,8595,47,6,5,262,39,4,35
2021,South Derbyshire 001,E02004118,7714,297,1,18,192,49,37,64,40,16,8,155,61,17,53,24,7139,6942,45,18,0,134,59,20,39
2021,South Derbyshire 002,E02004119,11894,331,0,33,230,20,48,81,43,29,9,271,81,28,104,58,11145,10743,55,11,12,324,66,5,61
2021,South Derbyshire 003,E02004120,10937,2102,17,59,1602,220,204,327,188,108,31,395,142,41,135,77,7729,7279,67,3,10,370,384,43,341
2021,South Derbyshire 004,E02004121,9288,357,0,43,208,49,57,151,78,53,20,224,57,16,123,28,8493,8226,57,3,0,207,63,2,61
2021,South Derbyshire 005,E02004122,6916,179,1,48,100,19,11,40,21,11,8,117,43,14,41,19,6565,6420,28,6,6,105,15,1,14
2021,South Derbyshire 006,E02004123,6769,27,0,5,10,1,11,13,2,7,4,91,33,4,34,20,6620,6454,29,7,0,130,18,0,18
2021,South Derbyshire 007,E02004124,7559,79,0,13,37,10,19,20,6,10,4,67,19,5,29,14,7376,7129,18,9,0,220,17,2,15
2021,South Derbyshire 008,E02004125,8682,58,0,10,33,1,14,39,17,21,1,115,28,18,54,15,8457,8191,14,2,3,247,13,1,12
2021,South Derbyshire 009,E02004126,7450,83,2,13,40,2,26,38,24,9,5,72,22,4,27,19,7234,6992,31,1,3,207,23,3,20
2021,South Derbyshire 011,E02004128,11473,126,2,24,70,8,22,28,14,12,2,163,54,18,62,29,11126,10874,44,5,15,188,30,1,29
2021,Blaby 003,E02005335,7551,752,0,25,647,36,44,65,40,19,6,165,69,18,45,33,6448,6211,44,11,7,175,121,6,115
2021,Blaby 010,E02005342,7428,111,0,9,81,1,20,69,38,31,0,124,38,5,53,28,7098,6950,46,5,1,96,26,7,19
2021,Blaby 012,E02005344,9249,147,0,17,118,2,10,43,31,12,0,138,42,15,52,29,8891,8646,50,33,0,162,30,7,23
2021,Charnwood 005,E02005349,7923,132,11,28,59,7,27,37,19,9,9,103,36,6,36,25,7628,7404,41,4,0,179,23,1,22
2021,Charnwood 006,E02005350,6947,151,9,20,72,3,47,29,15,8,6,79,23,12,25,19,6661,6427,39,0,8,187,27,6,21
2021,Harborough 006,E02005372,10228,129,1,10,91,3,24,29,15,11,3,137,41,11,55,30,9904,9630,62,1,1,210,29,2,27
2021,Hinckley and Bosworth 001,E02005377,9063,271,1,39,193,8,30,50,40,4,6,123,48,12,35,28,8569,8305,57,14,0,193,50,5,45
2021,Hinckley and Bosworth 004,E02005380,8679,75,0,14,38,2,21,15,6,7,2,99,41,12,27,19,8463,8291,49,7,1,115,27,2,25
2021,Hinckley and Bosworth 005,E02005381,8873,238,1,23,184,11,19,36,17,12,7,168,54,21,57,36,8366,8133,30,5,2,196,65,8,57
2021,Hinckley and Bosworth 006,E02005382,10629,255,1,27,163,15,49,104,75,18,11,191,56,27,63,45,10022,9597,44,9,9,363,57,8,49
2021,Hinckley and Bosworth 007,E02005383,9148,114,0,10,63,14,27,65,47,12,6,133,38,14,51,30,8796,8474,37,15,1,269,40,5,35
2021,Hinckley and Bosworth 008,E02005384,7407,157,0,12,68,27,50,31,11,20,0,130,41,18,34,37,7061,6848,35,4,1,173,28,9,19
2021,Hinckley and Bosworth 009,E02005385,6640,169,4,33,117,4,11,47,30,12,5,119,29,25,33,32,6274,6061,56,6,1,150,31,0,31
2021,Hinckley and Bosworth 010,E02005386,9114,206,4,41,84,23,54,45,21,16,8,172,45,14,68,45,8614,7976,37,4,15,582,77,13,64
2021,Hinckley and Bosworth 011,E02005387,9956,237,8,24,124,39,42,101,62,28,11,188,57,22,73,36,9369,8949,30,9,1,380,61,0,61
2021,Hinckley and Bosworth 012,E02005388,6229,234,33,38,123,5,35,80,58,15,7,126,39,11,43,33,5750,5398,32,1,9,310,39,10,29
2021,Hinckley and Bosworth 013,E02005389,6048,120,9,20,57,17,17,16,4,10,2,74,34,4,15,21,5800,5639,32,0,2,127,38,4,34
2021,Hinckley and Bosworth 014,E02005390,10460,377,16,42,255,20,44,35,18,8,9,172,69,7,64,32,9842,9551,52,1,3,235,34,8,26
2021,North West Leicestershire 001,E02005397,9260,145,2,17,40,2,84,41,23,15,3,150,45,12,57,36,8853,8496,75,24,9,249,71,17,54
2021,North West Leicestershire 002,E02005398,6864,79,0,32,36,0,11,27,15,6,6,99,45,12,20,22,6617,6304,54,4,8,247,42,11,31
2021,North West Leicestershire 003,E02005399,8322,167,1,34,84,9,39,53,31,11,11,113,43,15,33,22,7960,7696,34,12,0,218,29,1,28
2021,North West Leicestershire 004,E02005400,5835,45,0,7,23,5,10,20,16,3,1,75,29,9,23,14,5662,5488,22,15,5,132,33,0,33
2021,North West Leicestershire 005,E02005401,6466,66,0,3,43,5,15,19,11,4,4,103,49,2,34,18,6247,6044,33,13,2,155,31,7,24
2021,North West Leicestershire 006,E02005402,6802,79,0,20,39,3,17,36,21,12,3,111,45,4,39,23,6566,6369,40,4,6,147,10,0,10
2021,North West Leicestershire 007,E02005403,6557,52,0,7,28,1,16,11,6,3,2,63,18,14,18,13,6405,6239,26,1,4,135,26,2,24
2021,North West Leicestershire 008,E02005404,8723,71,0,6,54,2,9,29,16,13,0,142,55,16,55,16,8465,8289,35,12,0,129,16,2,14
2021,North West Leicestershire 009,E02005405,7200,126,6,13,73,11,23,69,46,16,7,111,35,15,29,32,6861,6531,19,2,3,306,33,8,25
2021,North West Leicestershire 010,E02005406,7901,222,0,23,83,1,115,84,72,6,6,154,61,18,49,26,7378,6679,13,9,25,652,63,6,57
2021,North West Leicestershire 011,E02005407,10931,258,4,30,144,23,57,148,115,21,12,180,61,20,58,41,10280,9780,31,17,1,451,65,5,60
2021,North West Leicestershire 012,E02005408,7838,86,0,16,45,7,18,45,16,15,14,114,32,14,50,18,7562,7229,28,4,0,301,31,4,27
2021,North West Leicestershire 013,E02005409,12001,148,2,26,91,0,29,59,36,16,7,172,60,18,65,29,11592,11286,43,13,0,250,30,4,26
2021,Shropshire 025,E02006008,10457,221,0,29,149,27,16,61,32,17,12,218,74,7,95,42,9927,9727,32,5,11,152,30,1,29
2021,Shropshire 027,E02006009,7934,116,1,9,51,8,47,55,20,20,15,119,37,13,48,21,7331,7178,44,11,0,98,313,174,139
2021,Shropshire 029,E02006010,11879,59,1,9,27,7,15,15,5,6,4,107,32,18,28,29,11673,11459,51,9,6,148,25,3,22
2021,Shropshire 031,E02006011,5658,29,4,8,4,0,13,14,3,7,4,45,14,2,23,6,5562,5463,23,11,3,62,8,1,7
2021,Shropshire 033,E02006012,6193,71,2,28,6,0,35,12,7,2,3,58,20,8,18,12,6036,5898,41,0,2,95,16,0,16
2021,Shropshire 034,E02006013,7876,75,1,6,40,15,13,25,6,12,7,73,28,1,32,12,7684,7559,35,5,7,78,19,0,19
2021,Shropshire 035,E02006014,9911,58,0,8,21,0,29,12,5,6,1,65,19,6,20,20,9752,9622,32,3,2,93,24,3,21
2021,Shropshire 002,E02006016,8148,32,0,7,9,2,14,13,5,6,2,88,32,10,28,18,7993,7748,53,28,10,154,22,2,20
2021,Shropshire 005,E02006018,12591,108,3,29,27,23,26,45,18,22,5,136,36,12,45,43,12267,11794,35,11,9,418,35,5,30
2021,Shropshire 009,E02006020,7745,147,27,5,51,47,17,96,25,40,31,133,28,11,63,31,7322,7038,129,37,1,117,47,0,47
2021,Shropshire 013,E02006022,6061,55,3,9,16,13,14,5,4,1,0,70,28,14,10,18,5914,5792,27,9,0,86,17,1,16
2021,Shropshire 024,E02006038,8422,35,3,13,10,1,8,22,11,7,4,101,27,13,37,24,8229,8044,32,8,4,141,35,7,28
2021,Shropshire 028,E02006040,7785,257,0,102,115,5,35,25,20,1,4,87,28,10,12,37,7403,7196,40,24,4,139,13,3,10
2021,Shropshire 036,E02006043,6718,117,4,9,21,69,14,15,7,8,0,67,16,8,30,13,6488,6241,31,0,1,215,31,4,27
2021,Shropshire 039,E02006046,8917,34,1,8,13,1,11,9,4,3,2,70,33,4,21,12,8788,8623,27,4,0,134,16,5,11
2021,Cannock Chase 001,E02006118,7409,88,2,19,46,1,20,34,12,20,2,67,24,7,30,6,7203,7086,27,4,1,85,17,1,16
2021,Cannock Chase 002,E02006119,8189,109,30,25,21,2,31,33,23,7,3,121,28,16,53,24,7906,7598,39,0,4,265,20,1,19
2021,Cannock Chase 003,E02006120,9286,96,10,12,44,0,30,37,11,14,12,99,34,6,39,20,9026,8775,30,1,10,210,28,1,27
2021,Cannock Chase 004,E02006121,5869,50,0,6,27,8,9,12,0,9,3,64,20,4,32,8,5729,5641,11,0,1,76,14,6,8
2021,Cannock Chase 005,E02006122,8055,114,0,19,57,11,27,44,21,16,7,139,32,12,68,27,7735,7560,16,1,4,154,23,4,19
2021,Cannock Chase 006,E02006123,6462,66,0,7,36,3,20,31,17,14,0,77,24,4,41,8,6265,6171,16,9,2,67,23,0,23
2021,Cannock Chase 007,E02006124,7344,92,1,13,34,23,21,27,8,14,5,117,25,11,59,22,7088,6899,27,0,1,161,20,2,18
2021,Cannock Chase 008,E02006125,7308,41,4,9,19,3,6,40,11,22,7,93,21,5,53,14,7122,6978,24,0,5,115,12,2,10
2021,Cannock Chase 009,E02006126,8379,90,1,16,41,15,17,44,16,20,8,98,19,11,57,11,8132,8040,9,0,0,83,15,1,14
2021,Cannock Chase 010,E02006127,7133,81,0,31,23,8,19,29,8,18,3,121,26,8,67,20,6869,6758,25,0,0,86,33,0,33
2021,Cannock Chase 011,E02006128,8473,150,1,18,91,26,14,41,15,22,4,114,32,7,60,15,8130,7946,42,2,2,138,38,5,33
2021,Cannock Chase 012,E02006129,8302,169,15,58,28,17,51,57,30,22,5,159,26,12,91,30,7892,7653,22,8,0,209,25,3,22
2021,Cannock Chase 013,E02006130,8320,66,5,12,34,0,15,46,20,16,10,147,32,8,82,25,8038,7915,27,9,0,87,23,2,21
2021,East Staffordshire 001,E02006131,7739,38,0,22,8,2,6,22,7,13,2,62,18,16,18,10,7592,7448,29,1,6,108,25,1,24
2021,East Staffordshire 002,E02006132,7086,40,0,13,12,7,8,23,14,6,3,66,27,6,21,12,6946,6731,20,0,1,194,11,1,10
2021,East Staffordshire 003,E02006133,6938,88,5,17,26,4,36,24,6,15,3,69,25,8,14,22,6729,6491,30,5,10,193,28,1,27
2021,East Staffordshire 004,E02006134,10438,274,16,13,92,112,41,32,12,18,2,163,58,16,66,23,9918,9670,49,4,4,191,51,24,27
2021,East Staffordshire 005,E02006135,7762,269,0,35,77,125,32,39,14,16,9,106,25,8,53,20,7285,7152,13,0,0,120,63,8,55
2021,East Staffordshire 006,E02006136,9029,204,11,15,35,110,33,102,28,38,36,140,34,12,74,20,8561,8354,65,24,0,118,22,0,22
2021,East Staffordshire 007,E02006137,9159,1157,12,25,177,737,206,153,79,62,12,301,90,22,139,50,7398,6513,53,1,15,816,150,9,141
2021,East Staffordshire 008,E02006138,8056,1897,7,22,103,1591,174,206,127,51,28,253,102,21,85,45,5544,4369,17,6,19,1133,156,30,126
2021,East Staffordshire 009,E02006139,8474,2699,11,40,151,2263,234,166,94,51,21,289,104,13,122,50,5082,3672,26,14,29,1341,238,44,194
2021,East Staffordshire 010,E02006140,8386,226,12,4,67,90,53,48,22,19,7,231,75,31,104,21,7826,7065,47,5,11,698,55,5,50
2021,East Staffordshire 011,E02006141,12152,3167,102,59,102,2646,258,329,186,110,33,413,115,15,181,102,7909,5037,36,34,89,2713,334,47,287
2021,East Staffordshire 012,E02006142,5265,119,0,15,36,54,14,36,12,21,3,87,27,3,52,5,4999,4810,27,0,13,149,24,4,20
2021,East Staffordshire 013,E02006143,9377,1043,33,37,120,761,92,117,68,39,10,248,79,8,131,30,7884,7366,34,7,9,468,85,8,77
2021,East Staffordshire 014,E02006144,8196,233,0,14,37,124,58,59,32,19,8,203,57,17,88,41,7639,6712,41,1,8,877,62,7,55
2021,East Staffordshire 015,E02006145,5961,96,0,21,37,12,26,17,8,8,1,94,37,4,39,14,5735,5629,36,0,0,70,19,2,17
2021,Lichfield 001,E02006146,8793,90,1,8,57,3,21,38,2,31,5,114,37,8,45,24,8544,8350,47,3,1,143,7,0,7
2021,Lichfield 002,E02006147,8414,155,1,13,92,29,20,43,6,29,8,172,39,17,78,38,8010,7783,37,0,6,184,34,9,25
2021,Lichfield 003,E02006148,7153,65,0,9,41,7,8,17,6,10,1,75,26,2,28,19,6977,6859,48,0,0,70,19,1,18
2021,Lichfield 004,E02006149,10722,218,35,53,70,11,49,61,26,27,8,240,70,14,107,49,10158,9645,65,4,4,440,45,10,35
2021,Lichfield 005,E02006150,11453,246,43,45,105,21,32,34,9,19,6,191,59,13,60,59,10925,10496,101,3,5,320,57,9,48
2021,Lichfield 006,E02006151,9772,119,1,38,67,2,11,23,7,13,3,112,29,7,58,18,9499,9350,33,1,3,112,19,3,16
2021,Lichfield 007,E02006152,10401,238,57,44,99,4,34,80,24,50,6,263,102,22,100,39,9791,9439,67,3,1,281,29,5,24
2021,Lichfield 008,E02006153,9163,213,6,29,106,32,40,74,28,31,15,186,53,23,66,44,8662,8400,64,5,12,181,28,4,24
2021,Lichfield 009,E02006154,9639,82,5,17,48,8,4,33,11,19,3,118,45,15,39,19,9396,9287,47,3,2,57,10,0,10
2021,Lichfield 010,E02006155,5730,45,0,12,25,2,6,14,7,5,2,131,27,8,63,33,5527,5390,20,0,0,117,13,0,13
2021,Lichfield 011,E02006156,7963,881,0,40,687,79,75,45,25,18,2,181,81,14,48,38,6728,6484,77,0,0,167,128,2,126
2021,Lichfield 012,E02006157,7232,148,14,9,80,35,10,139,49,65,25,196,40,22,102,32,6702,6471,59,7,8,157,47,7,40
2021,Newcastle-under-Lyme 016,E02006173,6934,152,1,25,70,25,31,36,26,9,1,82,18,10,34,20,6642,6533,43,0,2,64,22,4,18
2021,South Staffordshire 001,E02006174,10922,113,1,13,74,7,18,43,14,27,2,179,58,15,80,26,10555,10442,41,5,0,67,32,1,31
2021,South Staffordshire 002,E02006175,6848,139,0,14,82,23,20,47,27,15,5,79,24,4,35,16,6565,6447,27,15,1,75,18,2,16
2021,South Staffordshire 003,E02006176,7326,104,2,6,61,23,12,41,21,17,3,125,54,0,48,23,7047,6918,54,9,2,64,9,1,8
2021,South Staffordshire 004,E02006177,9779,107,4,18,62,6,17,32,8,24,0,113,27,10,56,20,9493,9404,36,4,1,48,34,5,29
2021,South Staffordshire 005,E02006178,7509,131,0,12,95,11,13,14,1,9,4,108,22,6,66,14,7253,7151,30,1,8,63,3,1,2
2021,South Staffordshire 006,E02006179,9536,534,42,12,198,234,48,371,84,209,78,410,66,26,249,69,8173,7878,61,88,11,135,48,7,41
2021,South Staffordshire 007,E02006180,6951,223,1,5,177,27,13,86,25,49,12,157,38,4,100,15,6451,6333,22,40,3,53,34,1,33
2021,South Staffordshire 008,E02006181,5559,218,1,13,159,16,29,49,7,35,7,191,44,12,118,17,5070,4966,25,7,1,71,31,6,25
2021,South Staffordshire 009,E02006182,7145,331,0,15,261,26,29,46,20,19,7,175,55,2,92,26,6527,6413,38,1,0,75,66,4,62
2021,South Staffordshire 012,E02006185,7122,249,0,15,195,7,32,37,17,17,3,113,22,8,71,12,6698,6614,25,3,0,56,25,4,21
2021,South Staffordshire 013,E02006186,12492,380,5,14,328,6,27,91,29,47,15,171,53,13,74,31,11741,11593,46,4,1,97,109,3,106
2021,South Staffordshire 014,E02006187,7105,90,3,8,53,17,9,29,5,18,6,122,39,4,60,19,6821,6735,23,3,1,59,43,17,26
2021,Stafford 002,E02006189,7172,169,2,23,83,28,33,45,22,18,5,92,26,7,34,25,6852,6738,39,0,0,75,14,1,13
2021,Stafford 003,E02006190,11080,166,3,25,75,10,53,45,31,10,4,178,40,21,81,36,10642,10368,57,4,3,210,49,15,34
2021,Stafford 004,E02006191,8118,113,8,27,41,19,18,26,12,8,6,123,41,9,44,29,7825,7670,32,1,1,121,31,11,20
2021,Stafford 005,E02006192,9191,107,0,23,42,20,22,44,16,22,6,161,50,26,61,24,8841,8664,55,6,10,106,38,14,24
2021,Stafford 006,E02006193,7483,371,12,41,181,67,70,89,51,30,8,123,38,8,52,25,6847,6615,30,5,0,197,53,12,41
2021,Stafford 007,E02006194,8384,228,17,31,118,18,44,122,52,50,20,236,48,23,130,35,7746,7356,24,22,5,339,52,10,42
2021,Stafford 008,E02006195,8749,63,1,15,27,3,17,30,4,26,0,103,30,11,36,26,8534,8411,43,7,1,72,19,1,18
2021,Stafford 009,E02006196,7260,676,23,23,286,72,272,207,103,79,25,162,23,23,83,33,6086,5639,42,5,14,386,129,28,101
2021,Stafford 010,E02006197,9443,457,3,51,125,50,228,233,107,71,55,255,67,22,106,60,8362,7580,53,12,16,701,136,41,95
2021,Stafford 011,E02006198,8953,491,11,53,189,49,189,81,50,23,8,165,57,20,50,38,8158,7855,61,28,0,214,58,20,38
2021,Stafford 012,E02006199,8318,303,9,38,203,12,41,86,55,23,8,138,44,14,62,18,7746,7491,55,0,0,200,45,9,36
2021,Stafford 013,E02006200,7735,121,0,16,42,30,33,135,52,52,31,225,31,19,133,42,7216,6744,42,6,10,414,38,8,30
2021,Stafford 014,E02006201,12115,546,25,83,280,87,71,86,58,21,7,231,96,18,69,48,11118,10848,55,0,1,214,134,26,108
2021,Stafford 015,E02006202,9206,62,0,4,25,2,31,33,15,12,6,98,30,5,39,24,8981,8785,45,4,0,147,32,8,24
2021,Stafford 016,E02006203,7684,228,27,18,105,38,40,153,69,59,25,196,38,19,97,42,7037,6718,39,2,0,278,70,22,48
2021,Tamworth 001,E02006217,10208,129,2,24,70,8,25,50,11,24,15,183,54,15,95,19,9819,9477,58,6,1,277,27,6,21
2021,Tamworth 002,E02006218,8447,114,9,23,49,8,25,66,31,31,4,157,41,18,77,21,8073,7339,45,1,43,645,37,4,33
2021,Tamworth 003,E02006219,8322,122,4,9,81,6,22,50,9,39,2,172,41,16,77,38,7953,7520,48,1,8,376,25,2,23
2021,Tamworth 004,E02006220,7336,80,7,9,38,9,17,22,11,10,1,134,28,10,72,24,7060,6714,44,1,5,296,40,10,30
2021,Tamworth 005,E02006221,5814,96,5,35,28,5,23,38,7,26,5,109,24,8,51,26,5537,5216,32,1,15,273,34,15,19
2021,Tamworth 006,E02006222,6902,119,4,19,44,15,37,39,11,20,8,122,19,8,78,17,6590,6150,46,2,11,381,32,11,21
2021,Tamworth 007,E02006223,6862,48,1,9,18,1,19,46,15,18,13,152,24,14,88,26,6588,6141,29,0,11,407,28,3,25
2021,Tamworth 008,E02006224,7487,142,2,13,74,29,24,87,25,46,16,121,37,7,67,10,7116,6838,60,0,7,211,21,2,19
2021,Tamworth 009,E02006225,7341,128,4,31,57,6,30,35,8,21,6,140,57,5,58,20,7009,6867,30,0,1,111,29,2,27
2021,Tamworth 010,E02006226,9933,107,0,28,47,18,14,66,23,28,15,182,45,18,95,24,9562,9194,57,3,8,300,16,2,14
2021,North Warwickshire 001,E02006468,10958,84,3,9,43,6,23,42,19,16,7,98,20,10,43,25,10721,10466,63,6,4,182,13,0,13
2021,North Warwickshire 002,E02006469,8777,83,6,9,45,10,13,59,21,30,8,155,41,15,64,35,8454,8186,52,2,7,207,26,2,24
2021,North Warwickshire 003,E02006470,11737,155,0,11,88,28,28,58,14,36,8,177,43,12,90,32,11307,10803,54,0,37,413,40,5,35
2021,North Warwickshire 004,E02006471,6968,138,0,11,76,27,24,44,12,24,8,115,18,15,61,21,6645,6490,68,0,4,83,26,5,21
2021,North Warwickshire 005,E02006472,9824,101,0,10,59,16,16,70,23,40,7,126,30,14,61,21,9493,9272,46,1,1,173,34,2,32
2021,North Warwickshire 006,E02006473,10380,133,2,22,52,29,28,54,15,31,8,285,60,23,154,48,9882,9587,130,0,1,164,26,6,20
2021,North Warwickshire 007,E02006474,6393,150,0,17,101,8,24,35,9,17,9,160,56,12,69,23,6013,5794,63,10,2,144,35,12,23
2021,Nuneaton and Bedworth 001,E02006475,9587,546,0,30,388,55,73,163,94,44,25,168,53,15,67,33,8645,8380,58,0,7,200,65,4,61
2021,Nuneaton and Bedworth 002,E02006476,9601,400,14,28,128,51,179,360,280,36,44,207,58,21,90,38,8558,7753,32,7,10,756,76,5,71
2021,Nuneaton and Bedworth 003,E02006477,8735,737,4,28,524,100,81,158,100,27,31,145,47,20,54,24,7571,7297,43,3,4,224,124,2,122
2021,Nuneaton and Bedworth 004,E02006478,8402,208,0,14,111,45,38,90,59,27,4,139,35,13,67,24,7930,7639,30,1,3,257,35,3,32
2021,Nuneaton and Bedworth 005,E02006479,9148,2236,35,30,1355,167,649,215,150,36,29,189,57,22,70,40,6291,5416,29,9,21,816,217,30,187
2021,Nuneaton and Bedworth 006,E02006480,7490,409,2,12,242,23,130,119,65,35,19,134,38,6,66,24,6770,6320,27,5,15,403,58,3,55
2021,Nuneaton and Bedworth 007,E02006481,7319,161,6,14,84,21,36,133,89,30,14,141,21,21,78,21,6860,6456,27,4,23,350,24,4,20
2021,Nuneaton and Bedworth 008,E02006482,7255,635,5,31,445,54,100,205,130,45,30,140,38,20,66,16,6212,5874,31,0,7,300,63,17,46
2021,Nuneaton and Bedworth 009,E02006483,7959,1468,21,16,959,149,323,123,78,34,11,166,55,26,52,33,6011,5329,43,15,16,608,191,41,150
2021,Nuneaton and Bedworth 010,E02006484,7645,528,0,30,322,33,143,79,41,27,11,136,38,15,54,29,6845,6499,54,5,0,287,57,4,53
2021,Nuneaton and Bedworth 011,E02006485,6588,326,5,8,273,25,15,51,34,7,10,72,22,5,38,7,6107,5923,67,0,0,117,32,0,32
2021,Nuneaton and Bedworth 012,E02006486,7083,301,0,14,240,9,38,55,31,21,3,79,15,6,36,22,6613,6342,35,0,4,232,35,1,34
2021,Nuneaton and Bedworth 013,E02006487,6949,171,0,8,114,12,37,84,44,23,17,118,28,16,61,13,6545,6261,44,9,0,231,31,8,23
2021,Nuneaton and Bedworth 014,E02006488,6079,162,3,4,107,16,32,35,26,4,5,58,32,0,14,12,5789,5617,51,17,1,103,35,8,27
2021,Nuneaton and Bedworth 015,E02006489,8050,1074,3,36,823,81,131,243,185,35,23,194,63,22,78,31,6296,5803,32,9,0,452,243,13,230
2021,Nuneaton and Bedworth 016,E02006490,7743,580,7,34,394,32,113,125,73,36,16,142,38,23,60,21,6774,6393,29,6,9,337,122,10,112
2021,Rugby 003,E02006494,7274,514,35,37,266,85,91,365,187,136,42,280,52,56,122,50,6022,4534,77,5,35,1371,93,5,88
2021,Rugby 004,E02006495,7772,410,9,21,323,28,29,67,27,27,13,118,46,17,31,24,7122,6825,105,7,3,182,55,0,55
2021,Rugby 006,E02006497,8087,619,8,42,403,49,117,325,186,102,37,344,109,41,140,54,6672,5039,81,11,22,1519,127,12,115
2021,Rugby 007,E02006498,13863,940,18,100,596,67,159,294,197,50,47,369,112,50,129,78,12126,11039,100,16,14,957,134,32,102
2021,Rugby 012,E02006503,10171,513,24,72,314,39,64,200,129,40,31,268,104,32,78,54,9128,8698,78,0,4,348,62,2,60
2021,Stratford-on-Avon 001,E02006504,5876,232,6,10,141,51,24,15,3,12,0,99,40,17,29,13,5492,5295,94,0,2,101,38,3,35
2021,Stratford-on-Avon 002,E02006505,6962,83,5,11,32,5,30,21,7,13,1,83,27,12,31,13,6749,6487,78,6,0,178,26,4,22
2021,Stratford-on-Avon 003,E02006506,6035,76,1,14,27,11,23,19,13,6,0,97,29,0,53,15,5821,5619,60,6,2,134,22,2,20
2021,Stratford-on-Avon 004,E02006507,11031,197,2,34,108,11,42,51,32,9,10,189,91,25,41,32,10568,10136,80,5,0,347,26,3,23
2021,Stratford-on-Avon 005,E02006508,11154,153,1,19,83,14,36,40,24,14,2,177,77,24,51,25,10759,10347,103,3,2,304,25,2,23
2021,Stratford-on-Avon 006,E02006509,5869,114,1,20,55,6,32,19,11,5,3,95,39,8,28,20,5623,5412,41,1,0,169,18,1,17
2021,Stratford-on-Avon 007,E02006510,6852,102,1,28,40,7,26,13,8,5,0,95,41,14,20,20,6619,6319,62,24,0,214,23,7,16
2021,Stratford-on-Avon 008,E02006511,10657,136,0,20,89,3,24,48,24,18,6,171,66,20,38,47,10243,9768,88,8,13,366,59,18,41
2021,Stratford-on-Avon 009,E02006512,12299,463,9,85,200,44,125,74,43,22,9,310,137,31,72,70,11255,9550,108,15,36,1546,197,50,147
2021,Stratford-on-Avon 010,E02006513,8337,263,1,65,101,16,80,52,25,21,6,196,80,25,42,49,7769,7104,106,6,5,548,57,5,52
2021,Stratford-on-Avon 011,E02006514,8862,217,2,43,100,16,56,42,21,18,3,191,68,23,36,64,8356,7620,100,1,2,633,56,16,40
2021,Stratford-on-Avon 013,E02006516,9593,195,3,29,92,23,48,47,13,21,13,139,53,12,34,40,9174,8758,55,1,6,354,38,4,34
2021,Warwick 001,E02006519,7992,360,3,87,170,14,86,49,22,20,7,193,83,20,41,49,7348,6808,111,0,0,429,42,8,34
2021,Warwick 002,E02006520,8441,399,0,73,234,33,59,33,17,13,3,199,90,14,44,51,7736,7275,84,4,7,366,74,6,68
2021,Warwick 003,E02006521,7304,247,3,71,107,20,46,26,16,8,2,120,64,12,27,17,6875,6496,97,1,0,281,36,1,35
2021,Warwick 004,E02006522,5806,153,0,17,102,9,25,24,9,14,1,113,54,6,30,23,5457,5248,90,0,0,119,59,20,39
2021,Warwick 005,E02006523,12902,1365,20,329,726,70,220,285,226,36,23,401,160,28,99,114,10680,9833,177,1,5,664,171,62,109
2021,Warwick 006,E02006524,5525,338,15,33,169,37,84,108,63,35,10,219,81,22,71,45,4781,4274,106,0,3,398,79,13,66
2021,Warwick 007,E02006525,13034,1146,7,114,815,53,157,119,74,32,13,409,173,34,96,106,11157,9615,257,9,23,1253,203,39,164
2021,Warwick 008,E02006526,8652,586,7,39,413,52,75,85,46,29,10,253,82,31,79,61,7626,7020,114,4,12,476,102,20,82
2021,Warwick 009,E02006527,9357,910,1,91,649,54,115,133,90,29,14,344,123,40,75,106,7817,6730,193,9,12,873,153,22,131
2021,Warwick 010,E02006528,11244,1722,8,81,1372,89,172,179,101,55,23,462,173,40,124,125,8529,6783,210,3,26,1507,352,25,327
2021,Warwick 011,E02006529,12694,907,13,101,560,93,140,111,62,37,12,335,104,43,115,73,11211,10212,111,6,30,852,130,17,113
2021,Warwick 012,E02006530,13234,1866,29,201,1364,94,178,135,92,37,6,452,185,40,118,109,10415,9347,121,4,20,923,366,24,342
2021,Warwick 013,E02006531,10335,2125,19,100,1640,118,248,167,94,51,22,354,132,48,81,93,7396,6069,173,13,15,1126,293,30,263
2021,Warwick 014,E02006532,11642,710,7,65,488,61,89,75,42,27,6,355,143,42,88,82,10422,9778,97,0,4,543,80,6,74
2021,Warwick 015,E02006533,10284,1568,0,54,1303,86,125,85,44,23,18,273,98,31,81,63,8080,7159,175,1,8,737,278,11,267
2021,Bromsgrove 001,E02006696,7317,454,11,24,311,71,37,41,13,20,8,213,85,10,73,45,6545,6389,42,5,0,109,64,7,57
2021,Bromsgrove 002,E02006697,7418,140,3,10,94,22,11,31,9,19,3,150,53,4,61,32,7059,6903,46,4,0,106,38,10,28
2021,Bromsgrove 003,E02006698,6421,95,5,17,45,6,22,68,25,28,15,146,34,12,79,21,6091,5925,91,2,0,73,21,1,20
2021,Bromsgrove 004,E02006699,5920,159,4,16,72,33,34,50,18,29,3,208,53,14,98,43,5458,5244,133,14,3,64,45,16,29
2021,Bromsgrove 005,E02006700,6355,276,4,23,190,38,21,62,26,28,8,152,47,8,68,29,5822,5632,126,17,0,47,43,10,33
2021,Bromsgrove 006,E02006701,7350,382,2,50,263,20,47,91,30,45,16,240,98,7,81,54,6582,6337,98,0,0,147,55,6,49
2021,Bromsgrove 007,E02006702,5957,109,4,13,69,7,16,45,14,25,6,89,26,4,43,16,5681,5580,35,1,2,63,33,8,25
2021,Bromsgrove 008,E02006703,8038,315,0,33,228,30,24,79,28,40,11,189,60,11,79,39,7416,7213,59,1,0,143,39,15,24
2021,Bromsgrove 009,E02006704,6936,190,3,18,121,29,19,37,7,24,6,182,62,10,91,19,6509,6302,89,22,2,94,18,3,15
2021,Bromsgrove 010,E02006705,7378,161,4,10,93,22,32,42,14,23,5,192,45,22,83,42,6948,6791,41,0,0,116,35,7,28
2021,Bromsgrove 011,E02006706,6946,303,4,114,78,20,87,68,34,20,14,125,56,4,43,22,6418,6167,61,0,0,190,32,12,20
2021,Bromsgrove 012,E02006707,6819,242,4,46,147,29,16,33,14,15,4,155,63,8,46,38,6344,6166,51,0,0,127,45,13,32
2021,Bromsgrove 013,E02006708,8024,110,8,15,47,18,22,59,22,29,8,214,60,20,96,38,7612,7398,51,4,0,159,29,4,25
2021,Bromsgrove 014,E02006709,8308,224,9,21,97,57,40,64,25,30,9,161,39,8,82,32,7823,7631,61,14,2,115,36,11,25
2021,Malvern Hills 001,E02006710,8420,17,0,3,6,0,8,21,14,5,2,90,35,11,28,16,8275,8032,36,11,2,194,17,2,15
2021,Malvern Hills 002,E02006711,8527,66,2,14,20,12,18,15,11,4,0,122,52,14,24,32,8303,8066,32,11,1,193,21,1,20
2021,Malvern Hills 003,E02006712,7666,77,8,10,27,10,22,14,6,6,2,94,42,7,18,27,7452,7290,35,10,1,116,29,9,20
2021,Redditch 001,E02006721,6639,222,7,6,59,126,24,70,30,26,14,172,47,10,89,26,6142,5788,38,2,2,312,33,8,25
2021,Redditch 002,E02006722,5449,93,3,9,11,44,26,65,20,35,10,198,38,6,135,19,5059,4400,31,2,4,622,34,6,28
2021,Redditch 003,E02006723,9341,581,40,35,112,360,34,127,32,78,17,307,64,25,180,38,8290,7677,60,14,7,532,36,3,33
2021,Redditch 004,E02006724,7015,1684,54,39,162,1359,70,215,101,77,37,228,44,11,129,44,4774,3660,29,16,20,1049,114,2,112
2021,Redditch 005,E02006725,5525,133,5,14,54,42,18,42,5,31,6,107,14,9,69,15,5211,4672,35,2,4,498,32,3,29
2021,Redditch 006,E02006726,6368,825,61,7,121,597,39,91,8,70,13,168,41,6,86,35,5190,4514,43,0,2,631,94,15,79
2021,Redditch 007,E02006727,5938,432,27,21,124,239,21,76,28,35,13,110,23,1,69,17,5299,5014,34,1,1,249,21,0,21
2021,Redditch 008,E02006728,7747,129,1,12,49,43,24,44,13,27,4,155,49,4,87,15,7399,7187,49,5,0,158,20,1,19
2021,Redditch 009,E02006729,7636,216,6,43,86,53,28,78,19,42,17,215,44,14,108,49,7075,6471,40,3,0,561,52,15,37
2021,Redditch 010,E02006730,6783,313,13,15,108,164,13,88,20,54,14,207,37,10,139,21,6149,5431,34,5,4,675,26,3,23
2021,Redditch 011,E02006731,5568,115,6,10,42,35,22,77,28,40,9,142,35,10,88,9,5210,4940,47,0,3,220,24,3,21
2021,Redditch 012,E02006732,6971,142,0,6,48,66,22,45,15,23,7,137,25,4,87,21,6626,6423,49,0,7,147,21,2,19
2021,Redditch 013,E02006733,6055,115,4,17,68,18,8,36,15,14,7,138,37,12,63,26,5744,5564,48,2,2,128,22,3,19
2021,Worcester 001,E02006734,8222,141,23,21,41,39,17,45,35,7,3,121,51,16,26,28,7880,7584,58,4,1,233,35,4,31
2021,Worcester 002,E02006735,5529,139,16,22,19,51,31,76,56,7,13,124,28,17,50,29,5162,4743,22,16,7,374,28,0,28
2021,Worcester 003,E02006736,6501,269,13,45,137,26,48,40,22,14,4,114,34,21,22,37,6026,5633,26,10,7,350,52,18,34
2021,Worcester 004,E02006737,8302,352,49,27,62,171,43,88,64,14,10,159,59,23,42,35,7653,7167,48,0,4,434,50,14,36
2021,Worcester 005,E02006738,9217,507,32,18,49,335,73,118,75,20,23,222,66,60,60,36,8256,7248,41,6,13,948,114,3,111
2021,Worcester 006,E02006739,5731,128,7,9,43,15,54,78,59,17,2,109,45,14,34,16,5380,5083,32,3,3,259,36,16,20
2021,Worcester 007,E02006740,7339,433,92,36,81,144,80,157,117,23,17,214,51,47,65,51,6420,5429,60,7,14,910,115,13,102
2021,Worcester 008,E02006741,6282,561,6,46,341,78,90,69,42,21,6,147,54,15,39,39,5434,5135,29,0,1,269,71,11,60
2021,Wychavon 001,E02006748,8794,147,3,21,94,12,17,60,19,31,10,164,63,8,59,34,8410,8080,31,90,3,206,13,1,12
2021,Wychavon 002,E02006749,5409,92,0,7,28,14,43,30,14,5,11,85,23,15,32,15,5176,4789,26,9,12,340,26,8,18
2021,Wychavon 003,E02006750,5429,89,1,15,43,6,24,29,15,8,6,69,22,7,13,27,5223,5023,39,7,0,154,19,4,15
2021,Wychavon 004,E02006751,5868,72,0,13,28,3,28,34,24,7,3,74,16,9,26,23,5679,5442,39,11,0,187,9,0,9
2021,Wychavon 005,E02006752,8335,149,5,23,91,9,21,35,17,11,7,100,31,15,38,16,8018,7807,28,6,0,177,33,9,24
2021,Wychavon 006,E02006753,7385,115,2,10,50,23,30,15,8,4,3,93,32,8,20,33,7116,6884,22,59,14,137,46,17,29
2021,Wychavon 007,E02006754,5808,27,1,1,7,0,18,11,4,7,0,64,27,4,13,20,5686,5548,33,11,4,90,20,12,8
2021,Wychavon 008,E02006755,5865,37,0,2,12,8,15,6,1,5,0,65,32,3,18,12,5740,5616,29,7,1,87,17,2,15
2021,Wyre Forest 001,E02006767,9584,342,158,17,108,35,24,28,13,8,7,128,45,8,53,22,9044,8888,43,17,0,96,42,6,36
2021,Wyre Forest 002,E02006768,7000,69,9,22,21,2,15,24,9,14,1,53,18,3,23,9,6825,6676,24,13,0,112,29,2,27
2021,Wyre Forest 003,E02006769,7076,129,51,20,18,5,35,29,9,16,4,113,41,10,40,22,6774,6510,41,10,0,213,31,6,25
2021,Wyre Forest 004,E02006770,8386,608,391,52,56,40,69,63,35,24,4,187,55,16,88,28,7483,6876,23,39,9,536,45,6,39
2021,Wyre Forest 005,E02006771,6757,51,9,7,21,4,10,9,2,6,1,75,25,5,34,11,6612,6485,38,7,0,82,10,0,10
2021,Wyre Forest 006,E02006772,6680,72,6,13,26,3,24,25,12,9,4,101,32,14,39,16,6454,6266,18,26,6,138,28,7,21
2021,Wyre Forest 007,E02006773,8226,167,52,28,29,26,32,49,17,19,13,144,36,14,67,27,7819,7451,48,14,6,300,47,14,33
2021,Wyre Forest 008,E02006774,7557,148,36,27,25,4,56,38,15,14,9,126,37,15,47,27,7197,6842,34,17,4,300,48,11,37
2021,Wyre Forest 009,E02006775,6099,70,8,12,24,0,26,17,9,4,4,106,28,7,47,24,5887,5572,26,93,3,193,19,3,16
2021,Wyre Forest 010,E02006776,6393,104,5,23,38,7,31,56,24,22,10,107,39,7,43,18,6097,5899,13,18,6,161,29,5,24
2021,Wyre Forest 011,E02006777,7205,32,1,4,12,1,14,14,3,10,1,114,40,7,38,29,7034,6905,54,0,0,75,11,1,10
2021,Wyre Forest 012,E02006778,7177,64,9,2,29,12,12,8,1,6,1,59,21,0,19,19,7026,6881,28,37,3,77,20,3,17
2021,Wyre Forest 013,E02006779,7577,54,7,19,15,2,11,23,7,9,7,80,32,4,31,13,7406,7127,55,115,8,101,14,1,13
2021,Wyre Forest 014,E02006780,5902,32,5,0,15,1,11,14,4,7,3,79,22,3,35,19,5762,5579,30,46,5,102,15,1,14
2021,Coventry 043,E02006805,9082,2156,9,33,1128,488,498,709,523,90,96,415,101,51,201,62,5280,4294,126,6,22,832,522,85,437
2021,Nuneaton and Bedworth 018,E02006806,8558,842,17,22,645,68,90,208,143,25,40,222,56,18,119,29,7115,6504,63,1,4,543,171,16,155
2021,Birmingham 132,E02006807,8211,2931,139,44,896,1615,237,167,60,96,11,310,133,13,99,65,4551,3988,384,1,5,173,252,59,193
2021,Solihull 030,E02006808,6730,1199,31,78,619,408,63,98,33,54,11,194,67,16,60,51,5117,4781,167,1,0,168,122,28,94
2021,Birmingham 133,E02006809,10156,6619,490,28,4301,1338,462,988,242,627,119,295,75,28,96,96,1371,1001,53,5,13,299,883,43,840
2021,Sandwell 039,E02006810,10681,2431,182,21,1818,198,212,750,263,407,80,356,76,28,195,57,6700,6141,78,4,10,467,444,45,399
2021,Wolverhampton 035,E02006894,14364,6394,30,40,5089,436,799,1940,823,759,358,745,122,63,418,142,4271,3129,43,12,72,1015,1014,72,942
2021,Birmingham 134,E02006895,9358,1958,89,477,573,413,406,2226,1313,679,234,668,92,74,320,182,3549,2308,95,6,50,1090,957,538,419
2021,Birmingham 135,E02006896,6126,1806,126,800,348,293,239,1108,679,338,91,399,90,58,146,105,2352,1505,116,1,28,702,461,196,265
2021,Birmingham 136,E02006897,8453,1644,61,424,461,318,380,2402,1677,533,192,582,94,98,237,153,3139,1971,77,4,55,1032,686,291,395
2021,Birmingham 137,E02006898,7904,1174,88,238,413,239,196,1837,1061,586,190,470,89,52,182,147,3987,2824,90,10,38,1025,436,147,289
2021,Birmingham 138,E02006899,6144,1294,41,455,441,142,215,635,427,165,43,378,63,41,123,151,3373,2309,85,10,58,911,464,257,207
2021,Birmingham 139,E02006900,15719,10460,2015,47,276,7414,708,2530,2035,345,150,473,143,63,121,146,1087,744,64,18,19,242,1169,516,653
2021,South Derbyshire 012,E02006919,10441,103,5,10,53,10,25,40,24,13,3,168,56,16,68,28,10094,9748,29,6,1,310,36,6,30
2021,South Derbyshire 013,E02006920,8075,88,0,11,51,9,17,17,5,9,3,97,20,8,54,15,7858,7636,21,1,0,200,15,3,12
2021,Sandwell 040,E02006943,7594,2789,184,163,1172,658,612,2342,1365,752,225,359,68,26,181,84,1341,885,23,15,14,404,763,115,648
2021,Sandwell 041,E02006944,8070,4267,229,49,1020,2427,542,1609,1057,369,183,291,77,31,105,78,1150,567,19,7,31,526,753,99,654
2021,South Staffordshire 015,E02006982,12176,488,1,44,376,31,36,146,48,66,32,303,115,14,127,47,11169,10937,52,12,0,168,70,8,62
2021,Birmingham 141,E02007038,13690,2847,239,96,276,1871,365,2039,1118,660,261,825,184,48,462,131,7590,6560,357,1,27,645,389,124,265
2021,Birmingham 142,E02007039,8307,6276,542,20,427,4927,360,404,263,95,46,221,103,15,50,53,877,563,70,7,16,221,529,257,272
2021,Birmingham 143,E02007040,7605,5625,500,13,434,4429,249,379,216,136,27,172,63,11,47,51,1014,724,61,2,10,217,415,137,278
2021,Rugby 013,E02007048,7526,462,6,27,158,24,247,89,40,27,22,127,36,14,46,31,6775,6460,80,17,4,214,73,7,66
2021,Telford and Wrekin 024,E02007050,8356,520,18,55,333,60,54,224,172,31,21,270,74,40,91,65,7267,6733,34,32,9,459,75,9,66
2021,Telford and Wrekin 025,E02007051,8555,316,1,45,193,29,48,227,146,49,32,269,83,21,130,35,7692,7426,24,7,0,235,51,12,39
