area_code,local_area_name,overcrowded_households_pct
E02001827,Hill Hook,1.8609950626661602
E02001828,Four Oaks,1.6613418530351438
E02001829,Little Sutton,1.2601512181461776
E02001830,Sutton Coldfield North,1.580135440180587
E02001831,Reddicap Heath,4.62942354774093
E02001832,Rectory Park,1.893939393939394
E02001833,Kingstanding North,2.4879965080750766
E02001834,Old Oscott,5.730897009966777
E02001835,Sutton Coldfield South,1.8057455540355678
E02001836,New Oscott,1.674318120442884
E02001837,Kingstanding South East,8.669804310131285
E02001838,Walmley,0.9779179810725552
E02001839,Queslett,3.967410556145944
E02001840,Perry Common College Road,8.037825059101655
E02001841,Wylde Green,1.3462347496844762
E02001842,Perry Beeches West,4.781377791758414
E02001843,Kingstanding South West,4.896090172595985
E02001844,Chester Road,2.525935949481281
E02001845,Perry Beeches East,2.9012118986412045
E02001846,Short Heath,6.53296870252203
E02001847,Minworth,2.253401360544218
E02001848,Upper Witton,10.862865947611711
E02001849,Erdington Town,9.08113917248791
E02001850,Perry Barr,9.23178371249588
E02001851,Pype Hayes Park,4.4923396520384316
E02001852,Stockland Green Marsh Hill,7.430774623203646
E02001855,Castle Vale,4.939444312514842
E02001856,Brookvale,10.393569844789358
E02001857,Gravelly Hill,8.862576246860423
E02001858,Handsworth East,11.20396162178892
E02001859,Birchfield East,20.01363791339925
E02001860,Handsworth West,15.862573099415204
E02001861,Birchfield West,17.805858701895463
E02001862,Middlemore,15.196533580934695
E02001863,Aston Park,22.167689161554193
E02001865,Handsworth South,20.14814814814815
E02001866,Lozells West,21.13879003558719
E02001867,Lozells East,23.311462755692784
E02001868,Hodge Hill,13.693419551160137
E02001869,Nechells,21.05263157894737
E02001870,Ward End,17.858136300417247
E02001871,Buckland End,7.752808988764045
E02001872,Shard End,7.817061303924748
E02001873,Winson Green,15.850288872142677
E02001874,Washwood Heath,26.48265572547557
E02001875,Hockley,18.6873290793072
E02001876,North Central,18.952822470684485
E02001877,Saltley East,29.010779961953077
E02001878,Saltley West,23.698781838316723
E02001879,Summerfield,20.557377049180328
E02001880,Glebe Farm,12.674825174825175
E02001881,Belchers Lane,22.46802627030764
E02001882,Stechford,11.6382036685642
E02001883,Kitts Green,8.795147504824925
E02001884,Bordesley Green North,28.393072895690697
E02001886,Rotton Park,10.288184438040346
E02001888,Kent's Moat,8.323517864153906
E02001889,Little Bromwich,23.639607493309544
E02001890,Edgbaston North,6.2400726117540275
E02001892,Yardley Fields,17.512983266012697
E02001893,Yardley,8.330693696547355
E02001895,Sheldon North,8.540723981900452
E02001896,Small Heath Park,27.060653188180403
E02001897,Sparkbrook North,19.87534626038781
E02001898,Lyndon Green,3.1522977592100268
E02001899,Harborne West,2.4239007891770012
E02001900,Five Ways South,8.178167214311793
E02001901,Harborne East,2.2666666666666666
E02001902,Yardley South,4.670999187652315
E02001903,Sparkbrook South,26.89948088721095
E02001904,Hay Mills,13.8994668697639
E02001905,Edgbaston South,3.998491135420596
E02001906,Quinton Ridgacre,3.919546157813306
E02001907,Sheldon South,4.823663253697384
E02001908,Sparkhill North,28.584350972410675
E02001909,Balsall Heath East,22.96327564373153
E02001910,Balsall Heath West,19.16346564233888
E02001911,Quinton East,9.11406736484574
E02001913,Metchley,5.322834645669292
E02001914,Moor Green,10.458081244598098
E02001915,Acocks Green East,6.746596220280431
E02001916,Acocks Green West,12.640615748963883
E02001918,Moseley Village,4.754716981132075
E02001919,Moseley,7.977099236641221
E02001920,Woodgate Valley,8.989805375347544
E02001921,California,6.222501571338781
E02001922,Selly Oak,6.225014277555682
E02001923,Springfield,12.418300653594772
E02001924,Hall Green East,7.434052757793765
E02001925,Selly Oak Park,3.028169014084507
E02001926,Stirchley North,3.7516170763260024
E02001927,Weoley Castle,7.707641196013289
E02001928,Woodgate,6.333333333333333
E02001929,Fox Hollies,11.2094395280236
E02001930,Kings Heath,4.2977265649330425
E02001931,Wake Green East,6.125670982001894
E02001932,Bartley Green,6.575520833333333
E02001933,Kings Heath Park,6.087507926442613
E02001934,Hall Green Central,7.376691401134876
E02001935,Shenley Lane,3.5103785103785103
E02001936,Brandwood North,3.487460815047022
E02001937,Billesley Common,7.819687212511499
E02001938,Bournville East,3.5032754201082312
E02001939,Bournville West,3.965183752417795
E02001941,Yardley Wood West,7.890563045202221
E02001942,Cotteridge,4.287138584247258
E02001943,Brandwood East,4.9677664012135
E02001944,Brandwood End,3.696098562628337
E02001945,Allens Cross,9.043250327653997
E02001946,Northfield Victoria Common,2.493765586034913
E02001947,Druids Heath,10.559939872228485
E02001948,Highter's Heath,3.4448818897637796
E02001949,Lifford,5.920060331825038
E02001950,Longbridge North,3.398974912328028
E02001951,Frankley,7.9948914431673055
E02001952,Turves Green,7.606045831301804
E02001953,King's Norton,3.1143052703627654
E02001954,Hawkesley,8.223381405339062
E02001955,Longbridge South,4.5531674208144794
E02001956,Rubery East,3.3333333333333335
E02001957,West Heath,3.1968927397669553
E02001958,Longford,5.179517363154797
E02001959,Keresley,4.339403332041845
E02001961,Bell Green,7.6522803795531065
E02001962,Little Heath,10.408326661329063
E02001963,Whitmore Park,3.155818540433925
E02001964,Henley Green,9.89835430784124
E02001965,Walsgrave,3.6020076764098024
E02001966,Foleshill West,17.99554565701559
E02001967,Brownshill Green,1.4649459365190094
E02001968,Radford East,6.804835924006908
E02001969,Radford West,6.00074543421543
E02001970,Wyken Croft,3.3504138746551044
E02001971,Coundon,2.657004830917874
E02001972,Foleshill East,16.539502830420872
E02001973,Stoke Heath,7.68348623853211
E02001974,Sherbourne,1.9269776876267748
E02001975,Ravensdale,3.9586919104991396
E02001976,Clifford Park,4.439476205685085
E02001977,Naul's Mill,8.808784912867033
E02001978,Barras Heath,6.385448916408668
E02001979,Allesley Park,1.5320910973084887
E02001980,Allesley Green,0.9731413001167769
E02001981,Hillfields,15.799128640220133
E02001982,Eastern Green,2.456042422550935
E02001983,Whoberley,3.079765937788728
E02001984,Copsewood,5.6398583712696
E02001985,Lower Stoke,9.184993531694696
E02001986,Tile Hill,5.689277899343545
E02001987,Chapelfields,3.7423533645196114
E02001988,Central Coventry,5.002908667830134
E02001989,Earl Place,2.7251184834123223
E02001990,Binley,1.8878101402373246
E02001991,Earlsdon,1.1313465783664458
E02001992,Ernesford Grange,8.351280210576693
E02001993,Canley,5.369532428355957
E02001994,Cheylesmore Daventry Road,3.1980319803198034
E02001995,Whitley,5.127563781890945
E02001996,Willenhall,7.479723640732953
E02001997,Stivichall,1.9360516280434146
E02001998,Finham Park,2.066638549135386
E02001999,Cannon Park,2.557077625570776
E02002000,Coseley Wallbrook,3.662902781602864
E02002001,Sedgley East,3.088803088803089
E02002002,Sedgley West,0.991407799074686
E02002003,West Coseley,2.906520031421838
E02002004,Woodsetton,3.8436899423446507
E02002005,Dudley Priory,6.241369787351561
E02002006,Upper Gornal,2.4179620034542313
E02002007,Lower Gornal,1.6124968505920887
E02002008,Dibdale,2.158273381294964
E02002009,Kates Hill,8.004552352048558
E02002010,New Dock,9.21887938172785
E02002011,Kingswinford North,1.2672811059907834
E02002012,Russell's Hall,4.646017699115045
E02002013,Wall Heath,1.5619453319133831
E02002014,Dixons Green,7.755359394703657
E02002015,Pensett,2.6128266033254155
E02002016,Brockmoor,5.997588908981314
E02002017,Netherton,4.853801169590644
E02002018,Kingswinford South,1.457096600107933
E02002019,Dudley Wood,4.660194174757281
E02002020,Wordsley,1.3724562233790818
E02002021,Brierley Hill,4.176706827309237
E02002022,Hawbush,3.7345513164965074
E02002023,Ashwood,1.8447018447018446
E02002024,Quarry Bank,3.1532766657526734
E02002025,Shell Corner,4.084967320261438
E02002026,Amblecote East,2.2695530726256985
E02002027,Withymoor Village,0.7120605251446372
E02002028,Wollaston,1.600609756097561
E02002029,Quinton West,1.8897030466640956
E02002030,Amblecote West,2.2148760330578514
E02002031,Cradley West,5.033164260632072
E02002032,Cradley East,4.355971896955504
E02002033,Hawne,2.816474863718958
E02002034,Stourbridge Town,1.8974358974358974
E02002035,Halesowen East,1.4336917562724014
E02002036,Lye,5.590277777777778
E02002037,Norton North,1.2593467138921683
E02002038,Halesowen Town,2.7620556939098937
E02002039,Oldswinford,2.0338983050847457
E02002040,Norton South,1.4095536413469067
E02002041,Pedmore Fields,2.1268515001898973
E02002042,Hayley Green,1.0778443113772456
E02002043,Wood Green,6.050263729444617
E02002044,Yew Tree,5.708460754332314
E02002045,Woods,4.992150706436421
E02002046,Friar Park,6.048780487804878
E02002047,Wednesbury,6.830689543541599
E02002048,Great Barr,2.463235294117647
E02002049,Princes End,5.147645650438947
E02002051,Ocker Hill,6.42570281124498
E02002052,Stone Cross,7.746811525743977
E02002053,Hamstead East,4.132231404958677
E02002054,Hamstead West,5.57476231633535
E02002055,Wednesbury South,7.539492580181905
E02002056,Tibbington,6.585429089966295
E02002057,Tipton,6.922357343311506
E02002058,Great Bridge,8.641479099678456
E02002059,West Bromwich North,8.094508860205645
E02002060,Greets Green West,9.847908745247148
E02002061,Greets Green East,16.08910891089109
E02002062,West Bromwich East,10.334955625536788
E02002063,North Tividale,7.696215392430785
E02002064,Tividale,6.290222129956405
E02002065,Smethwick North,16.622436670687577
E02002066,Oldbury,12.01643272851763
E02002067,Rowley West,4.598160735705718
E02002069,Whiteheath,4.040404040404041
E02002070,Smethwick South,13.268428372739917
E02002071,Rowley East,4.6817849305047545
E02002072,Langley Green,5.627945661214306
E02002073,Warley East,7.668711656441718
E02002074,Warley West,4.552639898830225
E02002075,Blackheath,4.99457111834962
E02002076,Bearwood,5.599647266313933
E02002077,Old Hill,5.427558706247231
E02002078,Warley South,3.7022753567296567
E02002079,Brandhall,4.1053227633069085
E02002080,Cradley Heath,4.889896373056994
E02002081,Castle Bromwich West,2.4524312896405918
E02002082,Smith's Wood North,6.430729391454467
E02002083,Castle Bromwich East,1.7805383022774328
E02002084,Smith's Wood South,5.476967718534639
E02002085,Kingshurst,4.413428894756696
E02002086,Chelmsley Wood West,5.773584905660377
E02002087,Fordbridge,6.3734625419306745
E02002088,Chelmsley Wood East,6.811594202898551
E02002089,Marston Green,2.3062730627306274
E02002090,Lyndon North,3.1411359724612735
E02002091,Elmdon Park,2.368
E02002092,Lyndon South,3.4550839091806513
E02002093,Olton,3.0210454854039375
E02002094,Ulverley Green,1.2515644555694618
E02002095,Elmdon Heath,1.872762324428532
E02002096,Lode Heath,1.8015910154422088
E02002097,Meriden,1.3145238858608528
E02002098,Shirley East,2.2546758903407635
E02002099,Central Solihull,1.2468827930174564
E02002101,Solihull Lodge,2.1663172606568835
E02002102,Blossomfield,2.6077097505668934
E02002103,Shirley Heath,1.810310901219992
E02002104,Monkspath North,0.9255363904080774
E02002105,Balsall Common,0.9577970667464831
E02002106,Knowle,0.8812729498164015
E02002107,Monkspath South,0.9769094138543517
E02002108,Dorridge,0.8040201005025126
E02002109,Dickens Heath,1.386138613861386
E02002110,Brownhills West,3.2885431400282887
E02002111,Brownhills,3.7640246109301483
E02002112,Pelsall North,2.5339366515837103
E02002113,Walsall Wood,3.79041248606466
E02002114,Pelsall South,1.9768743006340919
E02002115,Little Bloxwich,3.4859154929577465
E02002116,Aldridge North,1.5463917525773196
E02002117,Bloxwich Central,2.8766630708378282
E02002118,Bloxwich North West,4.62198745460548
E02002119,Shelfield,2.9074529074529076
E02002120,Ashmore,3.098471986417657
E02002121,Blakenall North,5.544709098008591
E02002122,Blakenall South,6.335204490777867
E02002123,New Invention,3.4175334323922733
E02002124,Aldridge Central,1.9435736677115987
E02002125,Rushall,3.1341107871720117
E02002126,Bloxwich South,5.890962312477131
E02002127,Walsall Ryecroft,8.953488372093023
E02002128,Short Heath East,3.4653465346534653
E02002129,Short Heath West,2.959501557632399
E02002130,Leamore,7.972136222910216
E02002131,Aldridge South,1.288497800125707
E02002132,Bentley,5.5490880869227786
E02002133,Walsall North East,4.612365063788028
E02002134,Willenhall Park,6.19126589275843
E02002135,Walsall West,11.320109439124487
E02002136,Willenhall Town,4.63048144740877
E02002137,Streetly North,0.8963367108339828
E02002138,Walsall East,7.34838424081452
E02002139,Walsall Central,9.923487131926732
E02002140,Pleck,10.378634212305611
E02002141,Streetly South,1.191849288735102
E02002142,Darlaston East,9.371554575523705
E02002143,Palfrey,16.405500479692996
E02002144,Walsall South East,3.0707070707070705
E02002145,Darlaston Central,7.19094247246022
E02002146,The Delves,7.621671258034894
E02002147,Darlaston West,6.120689655172414
E02002148,Pheasey,1.8317358892438764
E02002149,Bushbury,3.818224408526587
E02002150,Fordhouses,4.247787610619469
E02002151,Pendeford,5.00406834825061
E02002152,Bushbury Hill,7.248263888888889
E02002153,Ashmore Park,4.626865671641791
E02002154,Oxley Park,3.6747192922762846
E02002155,Low Hill,6.095481670929241
E02002156,Wood End,4.201680672268908
E02002157,Tettenhall North,2.8912633563796355
E02002158,Wednesfield North East,4.176829268292683
E02002159,Park Lane,8.378136200716845
E02002160,Wednesfield Town,4.536152796725784
E02002161,Whitmore Reans,10.340775558166863
E02002162,Tettenhall South,1.7533432392273403
E02002163,Heath Town,8.413078149920254
E02002164,Waterloo Road,12.590080542602799
E02002165,West Park,6.183310533515732
E02002166,East Park,7.641806722689076
E02002167,Castlecroft,2.634245187436677
E02002168,Wolverhampton Central,8.64969801553063
E02002169,Compton,1.8820224719101124
E02002170,Bilston North West,5.306799336650083
E02002171,Bilston North East,5.639703512729617
E02002174,Bradmore,3.552456839309429
E02002175,Bilston Lunt,8.800521512385918
E02002176,Merryhill South,4.471299093655589
E02002177,Ettingshall,7.543008381120424
E02002178,Goldthorn Park,5.508938343670193
E02002179,Upper Penn,2.4549290372075183
E02002180,Ettingshall Park,4.8169556840077075
E02002181,Bradley,4.98812351543943
E02002182,Woodcross,4.561970125151393
E02002809,Spondon South,2.3240371845949537
E02002812,Littleover East,3.820598006644518
E02002813,Rose Hill,16.31205673758865
E02002814,Mickleover South,0.9603469640644362
E02002815,Normanton North,19.94415636218588
E02002816,Littleover West,2.337278106508876
E02002817,Normanton West,3.288364249578415
E02002818,Normanton South,11.46694214876033
E02002819,Wilmorton,2.79424216765453
E02002820,Alvaston,4.4003868471953576
E02002821,Allenton,8.770383428823271
E02002822,Sunny Hill,4.871794871794871
E02002823,Boulton,3.2977099236641223
E02002824,Sinfin,7.956827309236948
E02002825,Chellaston West,2.1078565562551326
E02002826,Chellaston East,2.02888583218707
E02002905,Wigmore,0.937950937950938
E02002908,Shobdon,1.0719754977029097
E02002909,Bromyard,1.3377238114838443
E02002928,Newport North,1.2895662368112544
E02002929,Edgmond,1.222992254382389
E02002930,Newport South,1.4824363519174992
E02002931,Muxton,1.0025993316004456
E02002932,Donnington,3.822372119168072
E02002933,Dothill,1.2374100719424461
E02002934,Apley,1.9088430074016363
E02002935,Wrockwardine Wood,2.608695652173913
E02002936,Hadley,4.434324065196549
E02002937,Ironbridge,0.967032967032967
E02002938,Wellington East,5.999302406696896
E02002939,Wellington West,2.312303739651727
E02002940,St George's,2.727607814227792
E02002941,Oakengates,1.9557274876423814
E02002942,Priorslee,1.4299966744263386
E02002944,Malinslee,3.8209295694325633
E02002945,Hollinswood,3.7243947858473
E02002946,Dawley,1.8619306788885706
E02002947,Brookside,3.9956411187795133
E02002948,Woodside,4.075009015506671
E02002949,Madeley,1.442495126705653
E02002950,Sutton Hill,3.4626616604088443
E02004077,Doveridge,0.695074040495618
E02004086,Borrowash,1.0797078437599237
E02004088,Long Eaton West,0.8995037220843672
E02004090,Breaston,1.2884753042233357
E02004091,Long Eaton South,1.2915570437694333
E02004092,Sawley,2.007168458781362
E02004118,Hatton,1.3107416879795397
E02004119,Hilton,1.2870275791624106
E02004120,Willington North,1.7833259028087383
E02004121,Aston-on-Trent,0.8774193548387097
E02004122,Willington South,0.8064516129032258
E02004123,Melbourne,1.0826771653543308
E02004124,Swadlincote North,2.4405506883604504
E02004125,Swadlincote West,2.10637177461822
E02004126,Swadlincote Central,1.3880685174246898
E02004128,Castle Gresley,1.6165336607325558
E02005335,Kirby Muxloe,1.1046133853151396
E02005342,Cosby,1.5629984051036683
E02005344,Stoney Stanton,1.1535503716995643
E02005349,Shepshed West,1.3111888111888113
E02005350,Shepshed East,1.7331589274035317
E02005372,Dunton Bassett,1.0130246020260492
E02005377,Markfield,1.4336917562724014
E02005380,Market Bosworth,1.028695181375203
E02005381,Desford,1.1940298507462686
E02005382,Earl Shilton,2.0206362854686155
E02005383,Barwell,2.015732546705998
E02005384,Stoke Golding,0.9900990099009901
E02005385,Hinckley East,0.7730147575544624
E02005386,Hinckley Central,2.6499302649930265
E02005387,Hinckley West,1.5755329008341057
E02005388,Hinckley Clarendon Park,2.16773276474769
E02005389,Burbage St Catherines,1.6697588126159555
E02005390,Burbage Sketchley,0.8347978910369068
E02005397,Castle Donington,1.5414729630535846
E02005398,Kegworth,1.0135135135135136
E02005399,Ashby de la Zouch North,1.2074643249176729
E02005400,Thringstone,1.4313346228239845
E02005401,Packington,0.8509064002959674
E02005402,Ashby de la Zouch South,0.8653513326410522
E02005403,Whitwick,1.6716817118020728
E02005404,Donisthope,1.5709642470205851
E02005405,Agar Nook,2.696404793608522
E02005406,Coalville,3.0204323363932484
E02005407,Hugglescote,1.2538495380554333
E02005408,Measham,1.272189349112426
E02005409,Ibstock,1.5453834115805947
E02006008,Shifnal,1.3058875608676406
E02006009,Cosford,1.6825164594001463
E02006010,Much Wenlock,1.7381228273464657
E02006011,Bridgnorth West,1.3641530882910193
E02006012,Bridgnorth East,1.505302771125556
E02006013,Alveley,1.0805804260574252
E02006014,Highley,1.3323643410852712
E02006016,Woore,1.611957796014068
E02006018,Market Drayton,2.3796448837635
E02006020,Hinstock,2.157996146435453
E02006022,Shawbury,1.3491414554374488
E02006038,Bayston Hill,1.028634973589102
E02006040,Cressage,1.3893274392169246
E02006043,Craven Arms,1.3573125212080082
E02006046,Cleobury Mortimer,1.4705882352941178
E02006118,Rugeley North,0.915982312065698
E02006119,Rugeley Town,2.8682818156502368
E02006120,Rugeley South,2.295918367346939
E02006121,Hednesford Pye Green,2.2082018927444795
E02006122,Hednesford Central,2.006783493499152
E02006123,Wimblebury,2.211394302848576
E02006124,Cannock North,3.7954326149887425
E02006125,Cannock North East,2.8071234530636886
E02006126,Hednesford South,1.600224592925323
E02006127,Hawks Green,1.0082823190493337
E02006128,Cannock West,1.6611295681063123
E02006129,Cannock South,3.1494013534617387
E02006130,Norton Canes,1.5900056785917092
E02006131,Mayfield,1.001564945226917
E02006132,Uttoxeter Heath,2.050580997949419
E02006133,Uttoxeter Town,1.0728218465539663
E02006134,Rolleston-on-Dove,1.1074197120708749
E02006135,Burton Stretton,0.9082918253735717
E02006136,Abbots Bromley,0.9174311926605505
E02006137,Burton Horninglow,3.6968576709796674
E02006138,Burton Eton Park,6.140350877192983
E02006139,Burton Shobnall,7.93984962406015
E02006140,Burton Winshill,3.1277150304083405
E02006141,Burton Central,7.156000817828665
E02006142,Burton Brizlincote,1.0652463382157125
E02006143,Branston,2.2239872915011913
E02006144,Burton Stapenhill,3.2266811279826464
E02006145,Barton-under-Needwood,0.8284023668639053
E02006146,Armitage,1.5107341637953884
E02006147,Alrewas,1.443418013856813
E02006148,Burntwood North East,0.8637873754152824
E02006149,Lichfield Central,2.413929560743965
E02006150,Lichfield East,0.8792497069167644
E02006151,Burntwood West,1.6466713714420136
E02006152,Lichfield West,1.4954915328788212
E02006153,Whittington,0.8506113769271664
E02006154,Burntwood Chase Terrace,0.9456264775413712
E02006155,Burntwood Chasetown,2.8889806025588114
E02006156,Shenstone,0.7578149668455952
E02006157,Fazeley,2.1201413427561837
E02006173,Loggerheads,0.5672339005672339
E02006174,Penkridge,1.1496700021290185
E02006175,Huntington,2.0833333333333335
E02006176,Brewood,1.0978670012547052
E02006177,Cheslyn Hay,1.4751368070425885
E02006178,Great Wyrley,2.2938623682579045
E02006179,Featherstone West,1.1896431070678797
E02006180,Featherstone East,2.1268925739005047
E02006181,Bilbrook,1.8409714061887974
E02006182,Codsall,0.790106492614222
E02006185,Wombourne Inner,2.0683171419617676
E02006186,Wombourne Outer,0.9655433547898523
E02006187,Kinver,1.1221545367104842
E02006189,Barlaston,1.2845215157353886
E02006190,Stone Town,1.8612852664576802
E02006191,Little Stoke,0.9786989061600461
E02006192,Eccleshall,0.7347352419559159
E02006193,Stafford Common,1.2642614862781376
E02006194,Doxey,2.317241379310345
E02006195,Weston,0.5175983436853002
E02006196,Stafford North East,2.5684931506849313
E02006197,Central Stafford,1.7195496417604914
E02006198,Littleworth,0.7604562737642585
E02006199,Rowley,0.8382229673093042
E02006200,Highfields,2.8290993071593533
E02006201,Weeping Cross,0.5886970172684458
E02006202,Gnosall,1.2339585389930898
E02006203,Mosspit,1.9320843091334894
E02006217,Coton Farm,1.6475644699140402
E02006218,Central Tamworth,2.3363348746653685
E02006219,Amington,2.2143489813994686
E02006220,Bolehall,2.0735155513666355
E02006221,Kettlebrook,2.0326823435631725
E02006222,Belgrave,3.2569792412312095
E02006223,Glascote Heath,5.124340617935192
E02006224,Wilnecote East,2.5257560651379194
E02006225,Dosthill,0.9539473684210527
E02006226,Wilnecote West,2.710094480358031
E02006468,Polesworth,1.5932728479752158
E02006469,Dordon,2.60748959778086
E02006470,Atherstone,2.4613623354321694
E02006471,Kingsbury,1.5047879616963065
E02006472,Hartshill,2.2417153996101367
E02006473,Coleshill,1.544231193470108
E02006474,New Arley,1.2796386902521641
E02006475,Weddington,1.4154457412465855
E02006476,Camp Hill,4.1708542713567835
E02006477,Horeston Grange,1.151742009789807
E02006478,Galley Common,1.7332549941245594
E02006479,Nuneaton Town Centre,5.265712205775297
E02006480,Tomkinson Road,3.479341410375893
E02006481,Stockingford,3.9183404675666775
E02006482,Bermuda,2.2457067371202113
E02006483,Caldwell,5.626758361988121
E02006484,Attleborough,2.539870053160071
E02006485,Whitestone,1.0676156583629892
E02006486,Bedworth Woodlands,2.147738366417182
E02006487,Bedworth Town,3.2131147540983607
E02006488,Bulkington,1.2129860863360684
E02006489,Bedworth Coalpit Field,3.5937035937035935
E02006490,Bedworth Heath,2.568218298555377
E02006494,Town North,5.182926829268292
E02006495,Wolston,1.23234144875263
E02006497,New Bilton,5.266203703703703
E02006498,Cawston,2.6576829496537524
E02006503,Dunchurch,1.0650887573964498
E02006504,Earlswood,0.9655751469353484
E02006505,Henley-in-Arden,1.0516548097742036
E02006506,Studley,1.5122873345935728
E02006507,Southam,1.227632126508531
E02006508,Harbury,0.576799829096347
E02006509,Alcester,1.2116892373485388
E02006510,Wilmcote,0.8423180592991913
E02006511,Wellesbourne,0.8355321020228672
E02006512,Stratford North,2.08479327259986
E02006513,Stratford South East,1.1500547645125958
E02006514,Stratford South West,1.0151085930122756
E02006516,Kineton,0.9088734752451567
E02006519,Kenilworth West,0.9259259259259259
E02006520,Kenilworth East,1.2647786637338465
E02006521,Kenilworth South,0.9351620947630923
E02006522,Kingswood,0.814663951120163
E02006523,Cubbington,0.9468822170900693
E02006524,Lillington,3.4234995773457313
E02006525,Leamington Central,1.0337230977800373
E02006526,Warwick North,1.6709511568123394
E02006527,Leamington West,1.360381861575179
E02006528,Leamington East,3.217102532171025
E02006529,Warwick South West,1.821103374397429
E02006530,Warwick South East,1.416532185762955
E02006531,Leamington Brunswick,4.494106090373281
E02006532,Bishops Tachbrook,1.0352841749418973
E02006533,Whitnash,2.038369304556355
E02006696,Hagley,0.6263048016701461
E02006697,Dodford,0.8101101749837978
E02006698,Rubery West,1.7465626161278336
E02006699,Hollywood,1.4481409001956946
E02006700,Wythall,0.8932038834951457
E02006701,Barnt Green,1.0620075368276807
E02006702,Catshill,1.740139211136891
E02006703,Marlbrook,0.7120743034055728
E02006704,Alvechurch,1.5614156835530881
E02006705,Bromsgrove Sidemoor,1.9620253164556962
E02006706,Bromsgrove Central,1.4975550122249388
E02006707,Bromsgrove Stoney Hill,0.8601346297681376
E02006708,Bromsgrove Charford,3.2155272305909617
E02006709,Stoke Heath,1.4186537881074555
E02006710,Tenbury Wells,1.5599343185550083
E02006711,Abberley,1.24822695035461
E02006712,Broadheath,0.9096612296110415
E02006721,Riverside,1.8982808022922637
E02006722,Church Hill South,5.0818260120585705
E02006723,Batchley,3.8381742738589213
E02006724,Redditch Town,8.315412186379929
E02006725,Winyates Green,4.340567612687813
E02006726,Southcrest,3.7893141341417205
E02006727,Arrow Valley,2.0473705339221198
E02006728,Webheath,1.1638591117917305
E02006729,Matchborough,2.8025057698648204
E02006730,Greenlands,5.293440736478711
E02006731,Oakenshaw,2.690238278247502
E02006732,Crabbs Cross,1.4686248331108145
E02006733,Hunt End,1.468882875918052
E02006734,Northwick,0.7609921082299888
E02006735,Warndon West,4.702970297029703
E02006736,Warndon East,1.5985790408525755
E02006737,Barbourne,2.0710059171597632
E02006738,King George's Field,4.811827956989247
E02006739,Henwick,0.9962049335863378
E02006740,Worcester Town North,2.966432474629196
E02006741,Lyppard Grange,2.034174125305126
E02006748,Hartlebury,1.5329865863673693
E02006749,Droitwich Spa West,3.2531194295900177
E02006750,Droitwich Spa East,1.6454749439042633
E02006751,Droitwich Spa Central,1.4604150653343582
E02006752,Droitwich Spa South,0.927536231884058
E02006753,Fernhill Heath,1.2682926829268293
E02006754,Crowle,1.2401818933443571
E02006755,Inkberrow,0.6868686868686869
E02006767,Wolverley,1.3473787359137677
E02006768,Franche,1.7690253671562082
E02006769,Greenhill,1.1753183153770812
E02006770,Kidderminster Town,4.538300104931794
E02006771,Bewdley East,1.6774193548387097
E02006772,Habberley,2.1247429746401645
E02006773,Comberton,2.0042194092827006
E02006774,Foley Park,2.175805047867711
E02006775,Birchen Coppice,3.6787974683544302
E02006776,Spennells,1.618009145269082
E02006777,Bewdley West,1.2195121951219512
E02006778,Stourport Lickhill,1.9269102990033222
E02006779,Stourport Mitton,1.8686452322066502
E02006780,Stourport Areley Kings,2.094818081587652
E02006805,Holbrooks,7.2481203007518795
E02006806,Ash Green,2.8914972802748355
E02006807,Yardley Wood East,4.324859689666557
E02006808,Shirley West,1.9468363908648447
E02006809,Handsworth Wood,8.274984086569065
E02006810,Charlemont,5.214368482039397
E02006894,Blakenhall,9.915735841661768
E02006895,Attwood Green,8.839779005524862
E02006896,Digbeth,7.9113924050632916
E02006897,Five Ways North,9.540975726988705
E02006898,Ladywood Summer Hill,7.368173258003766
E02006899,Birmingham city centre,3.910477127397934
E02006900,Bordesley,27.122408687068116
E02006919,Swadlincote South,1.4725568942436413
E02006920,Swadlincote East,2.0365378855944893
E02006943,Smethwick East,14.954682779456194
E02006944,Smethwick South East,18.42105263157895
E02006982,Perton,1.1617013303353945
E02007038,Birches Green,7.79023370701121
E02007039,Greet,22.984799631506217
E02007040,Sparkhill South,22.692307692307693
E02007048,Brinklow,1.2553683515031384
E02007050,Town Centre,2.70935960591133
E02007051,Lawley,1.1937557392102847
