MSOA code,MSOA name,Local authority code,Local authority name,Region code,Region name,Disposable (net) annual income after housing costs (£),Upper confidence limit (£),Lower confidence limit (£),Confidence interval (£)
E02002809,Derby 014,E06000015,Derby,E12000004,East Midlands,31196,35630,27313,8317
E02002812,Derby 017,E06000015,Derby,E12000004,East Midlands,33953,38794,29716,9078
E02002813,Derby 018,E06000015,Derby,E12000004,East Midlands,22422,25798,19488,6310
E02002814,Derby 019,E06000015,Derby,E12000004,East Midlands,36293,41448,31779,9669
E02002815,Derby 020,E06000015,Derby,E12000004,East Midlands,22662,26182,19616,6566
E02002816,Derby 021,E06000015,Derby,E12000004,East Midlands,38069,43464,33344,10120
E02002817,Derby 022,E06000015,Derby,E12000004,East Midlands,34308,39186,30038,9148
E02002818,Derby 023,E06000015,Derby,E12000004,East Midlands,25313,29021,22079,6942
E02002819,Derby 024,E06000015,Derby,E12000004,East Midlands,28584,32654,25021,7633
E02002820,Derby 025,E06000015,Derby,E12000004,East Midlands,28116,32125,24608,7517
E02002821,Derby 026,E06000015,Derby,E12000004,East Midlands,25731,29476,22461,7015
E02002822,Derby 027,E06000015,Derby,E12000004,East Midlands,30702,35073,26875,8198
E02002823,Derby 028,E06000015,Derby,E12000004,East Midlands,28452,32519,24893,7626
E02002824,Derby 029,E06000015,Derby,E12000004,East Midlands,28057,32065,24549,7516
E02002825,Derby 030,E06000015,Derby,E12000004,East Midlands,32485,37119,28429,8690
E02002826,Derby 031,E06000015,Derby,E12000004,East Midlands,33755,38563,29547,9016
E02004077,Derbyshire Dales 010,E07000035,Derbyshire Dales,E12000004,East Midlands,39330,44974,34393,10581
E02004086,Erewash 009,E07000036,Erewash,E12000004,East Midlands,35886,40979,31425,9554
E02004088,Erewash 011,E07000036,Erewash,E12000004,East Midlands,41776,47905,36431,11474
E02004090,Erewash 013,E07000036,Erewash,E12000004,East Midlands,34458,39349,30174,9175
E02004091,Erewash 014,E07000036,Erewash,E12000004,East Midlands,37455,43032,32600,10432
E02004092,Erewash 015,E07000036,Erewash,E12000004,East Midlands,32255,36965,28145,8820
E02004118,South Derbyshire 001,E07000039,South Derbyshire,E12000004,East Midlands,36232,41372,31731,9641
E02004119,South Derbyshire 002,E07000039,South Derbyshire,E12000004,East Midlands,37144,42428,32518,9910
E02004120,South Derbyshire 003,E07000039,South Derbyshire,E12000004,East Midlands,36006,41114,31533,9581
E02004121,South Derbyshire 004,E07000039,South Derbyshire,E12000004,East Midlands,39652,45282,34722,10560
E02004122,South Derbyshire 005,E07000039,South Derbyshire,E12000004,East Midlands,39596,45228,34665,10563
E02004123,South Derbyshire 006,E07000039,South Derbyshire,E12000004,East Midlands,37493,42817,32831,9986
E02004124,South Derbyshire 007,E07000039,South Derbyshire,E12000004,East Midlands,32924,37610,28822,8788
E02004125,South Derbyshire 008,E07000039,South Derbyshire,E12000004,East Midlands,32035,36604,28037,8567
E02004126,South Derbyshire 009,E07000039,South Derbyshire,E12000004,East Midlands,30435,34771,26639,8132
E02004128,South Derbyshire 011,E07000039,South Derbyshire,E12000004,East Midlands,35399,40419,31002,9417
E02006919,South Derbyshire 012,E07000039,South Derbyshire,E12000004,East Midlands,33218,38016,29026,8990
E02006920,South Derbyshire 013,E07000039,South Derbyshire,E12000004,East Midlands,32814,37494,28719,8775
E02005335,Blaby 003,E07000129,Blaby,E12000004,East Midlands,39212,44772,34342,10430
E02005342,Blaby 010,E07000129,Blaby,E12000004,East Midlands,35790,40856,31352,9504
E02005344,Blaby 012,E07000129,Blaby,E12000004,East Midlands,37302,42612,32654,9958
E02005349,Charnwood 005,E07000130,Charnwood,E12000004,East Midlands,34459,39339,30184,9155
E02005350,Charnwood 006,E07000130,Charnwood,E12000004,East Midlands,34990,39970,30631,9339
E02005372,Harborough 006,E07000131,Harborough,E12000004,East Midlands,38717,44367,33786,10581
E02005377,Hinckley and Bosworth 001,E07000132,Hinckley and Bosworth,E12000004,East Midlands,34640,39578,30318,9260
E02005380,Hinckley and Bosworth 004,E07000132,Hinckley and Bosworth,E12000004,East Midlands,36766,42015,32173,9842
E02005381,Hinckley and Bosworth 005,E07000132,Hinckley and Bosworth,E12000004,East Midlands,36704,41917,32140,9777
E02005382,Hinckley and Bosworth 006,E07000132,Hinckley and Bosworth,E12000004,East Midlands,33289,37992,29168,8824
E02005383,Hinckley and Bosworth 007,E07000132,Hinckley and Bosworth,E12000004,East Midlands,32547,37177,28494,8683
E02005384,Hinckley and Bosworth 008,E07000132,Hinckley and Bosworth,E12000004,East Midlands,36773,42055,32153,9902
E02005385,Hinckley and Bosworth 009,E07000132,Hinckley and Bosworth,E12000004,East Midlands,37170,42611,32424,10187
E02005386,Hinckley and Bosworth 010,E07000132,Hinckley and Bosworth,E12000004,East Midlands,31972,36522,27989,8533
E02005387,Hinckley and Bosworth 011,E07000132,Hinckley and Bosworth,E12000004,East Midlands,35530,40572,31115,9457
E02005388,Hinckley and Bosworth 012,E07000132,Hinckley and Bosworth,E12000004,East Midlands,30962,35454,27038,8416
E02005389,Hinckley and Bosworth 013,E07000132,Hinckley and Bosworth,E12000004,East Midlands,36084,41220,31589,9631
E02005390,Hinckley and Bosworth 014,E07000132,Hinckley and Bosworth,E12000004,East Midlands,38076,43495,33331,10164
E02005397,North West Leicestershire 001,E07000134,North West Leicestershire,E12000004,East Midlands,36924,42161,32338,9823
E02005398,North West Leicestershire 002,E07000134,North West Leicestershire,E12000004,East Midlands,36341,41837,31566,10271
E02005399,North West Leicestershire 003,E07000134,North West Leicestershire,E12000004,East Midlands,35999,41107,31527,9580
E02005400,North West Leicestershire 004,E07000134,North West Leicestershire,E12000004,East Midlands,34313,39183,30048,9135
E02005401,North West Leicestershire 005,E07000134,North West Leicestershire,E12000004,East Midlands,37342,42815,32568,10247
E02005402,North West Leicestershire 006,E07000134,North West Leicestershire,E12000004,East Midlands,37099,42365,32487,9878
E02005403,North West Leicestershire 007,E07000134,North West Leicestershire,E12000004,East Midlands,35380,40407,30979,9428
E02005404,North West Leicestershire 008,E07000134,North West Leicestershire,E12000004,East Midlands,34375,39251,30105,9146
E02005405,North West Leicestershire 009,E07000134,North West Leicestershire,E12000004,East Midlands,31574,36128,27593,8535
E02005406,North West Leicestershire 010,E07000134,North West Leicestershire,E12000004,East Midlands,31136,35597,27234,8363
E02005407,North West Leicestershire 011,E07000134,North West Leicestershire,E12000004,East Midlands,35789,41043,31208,9835
E02005408,North West Leicestershire 012,E07000134,North West Leicestershire,E12000004,East Midlands,33533,38307,29353,8954
E02005409,North West Leicestershire 013,E07000134,North West Leicestershire,E12000004,East Midlands,35212,40210,30835,9375
E02002905,Herefordshire 001,E06000019,Herefordshire,E12000005,West Midlands,34114,38986,29851,9135
E02002908,Herefordshire 004,E06000019,Herefordshire,E12000005,West Midlands,35095,40107,30710,9397
E02002909,Herefordshire 005,E06000019,Herefordshire,E12000005,West Midlands,31848,36352,27903,8449
E02002928,Telford and Wrekin 001,E06000020,Telford and Wrekin,E12000005,West Midlands,32960,37639,28863,8776
E02002929,Telford and Wrekin 002,E06000020,Telford and Wrekin,E12000005,West Midlands,33552,38445,29282,9163
E02002930,Telford and Wrekin 003,E06000020,Telford and Wrekin,E12000005,West Midlands,33785,38679,29510,9169
E02002931,Telford and Wrekin 004,E06000020,Telford and Wrekin,E12000005,West Midlands,34353,39224,30087,9137
E02002932,Telford and Wrekin 005,E06000020,Telford and Wrekin,E12000005,West Midlands,27464,31370,24045,7325
E02002933,Telford and Wrekin 006,E06000020,Telford and Wrekin,E12000005,West Midlands,31931,36447,27975,8472
E02002934,Telford and Wrekin 007,E06000020,Telford and Wrekin,E12000005,West Midlands,31409,35889,27489,8400
E02002935,Telford and Wrekin 008,E06000020,Telford and Wrekin,E12000005,West Midlands,28010,32072,24463,7609
E02002936,Telford and Wrekin 009,E06000020,Telford and Wrekin,E12000005,West Midlands,28145,32118,24663,7455
E02002937,Telford and Wrekin 010,E06000020,Telford and Wrekin,E12000005,West Midlands,35105,40080,30748,9332
E02002938,Telford and Wrekin 011,E06000020,Telford and Wrekin,E12000005,West Midlands,29400,33615,25714,7901
E02002939,Telford and Wrekin 012,E06000020,Telford and Wrekin,E12000005,West Midlands,30663,35074,26806,8268
E02002940,Telford and Wrekin 013,E06000020,Telford and Wrekin,E12000005,West Midlands,27711,31660,24255,7405
E02002941,Telford and Wrekin 014,E06000020,Telford and Wrekin,E12000005,West Midlands,28361,32511,24740,7771
E02002942,Telford and Wrekin 015,E06000020,Telford and Wrekin,E12000005,West Midlands,36315,41459,31809,9650
E02002944,Telford and Wrekin 017,E06000020,Telford and Wrekin,E12000005,West Midlands,24228,27765,21141,6624
E02002945,Telford and Wrekin 018,E06000020,Telford and Wrekin,E12000005,West Midlands,26973,30820,23606,7214
E02002946,Telford and Wrekin 019,E06000020,Telford and Wrekin,E12000005,West Midlands,27293,31184,23888,7296
E02002947,Telford and Wrekin 020,E06000020,Telford and Wrekin,E12000005,West Midlands,25503,29146,22315,6831
E02002948,Telford and Wrekin 021,E06000020,Telford and Wrekin,E12000005,West Midlands,23902,27366,20877,6489
E02002949,Telford and Wrekin 022,E06000020,Telford and Wrekin,E12000005,West Midlands,28403,32688,24680,8008
E02002950,Telford and Wrekin 023,E06000020,Telford and Wrekin,E12000005,West Midlands,23781,27257,20749,6508
E02007050,Telford and Wrekin 024,E06000020,Telford and Wrekin,E12000005,West Midlands,32778,37395,28732,8663
E02007051,Telford and Wrekin 025,E06000020,Telford and Wrekin,E12000005,West Midlands,34909,39842,30588,9254
E02006008,Shropshire 025,E06000051,Shropshire,E12000005,West Midlands,34818,39768,30484,9284
E02006009,Shropshire 027,E06000051,Shropshire,E12000005,West Midlands,35581,40667,31130,9537
E02006010,Shropshire 029,E06000051,Shropshire,E12000005,West Midlands,32943,37601,28862,8739
E02006011,Shropshire 031,E06000051,Shropshire,E12000005,West Midlands,31918,36468,27935,8533
E02006012,Shropshire 033,E06000051,Shropshire,E12000005,West Midlands,32222,36798,28216,8582
E02006013,Shropshire 034,E06000051,Shropshire,E12000005,West Midlands,35150,40171,30757,9414
E02006014,Shropshire 035,E06000051,Shropshire,E12000005,West Midlands,32154,36737,28143,8594
E02006016,Shropshire 002,E06000051,Shropshire,E12000005,West Midlands,34300,39190,30020,9170
E02006018,Shropshire 005,E06000051,Shropshire,E12000005,West Midlands,30441,34740,26675,8065
E02006020,Shropshire 009,E06000051,Shropshire,E12000005,West Midlands,36035,41181,31532,9649
E02006022,Shropshire 013,E06000051,Shropshire,E12000005,West Midlands,37561,42940,32856,10084
E02006038,Shropshire 024,E06000051,Shropshire,E12000005,West Midlands,34833,39748,30525,9223
E02006040,Shropshire 028,E06000051,Shropshire,E12000005,West Midlands,35526,40577,31104,9473
E02006043,Shropshire 036,E06000051,Shropshire,E12000005,West Midlands,32021,36610,28008,8602
E02006046,Shropshire 039,E06000051,Shropshire,E12000005,West Midlands,32715,37363,28646,8717
E02006118,Cannock Chase 001,E07000192,Cannock Chase,E12000005,West Midlands,34495,39410,30193,9217
E02006119,Cannock Chase 002,E07000192,Cannock Chase,E12000005,West Midlands,27682,31708,24167,7541
E02006120,Cannock Chase 003,E07000192,Cannock Chase,E12000005,West Midlands,29587,33775,25918,7857
E02006121,Cannock Chase 004,E07000192,Cannock Chase,E12000005,West Midlands,30353,34746,26515,8231
E02006122,Cannock Chase 005,E07000192,Cannock Chase,E12000005,West Midlands,33073,37786,28949,8837
E02006123,Cannock Chase 006,E07000192,Cannock Chase,E12000005,West Midlands,31837,36363,27875,8488
E02006124,Cannock Chase 007,E07000192,Cannock Chase,E12000005,West Midlands,26254,29996,22979,7017
E02006125,Cannock Chase 008,E07000192,Cannock Chase,E12000005,West Midlands,27115,30989,23724,7265
E02006126,Cannock Chase 009,E07000192,Cannock Chase,E12000005,West Midlands,32177,36732,28187,8545
E02006127,Cannock Chase 010,E07000192,Cannock Chase,E12000005,West Midlands,34397,39318,30093,9225
E02006128,Cannock Chase 011,E07000192,Cannock Chase,E12000005,West Midlands,32305,36876,28300,8576
E02006129,Cannock Chase 012,E07000192,Cannock Chase,E12000005,West Midlands,27676,31583,24252,7331
E02006130,Cannock Chase 013,E07000192,Cannock Chase,E12000005,West Midlands,31536,36096,27552,8544
E02006131,East Staffordshire 001,E07000193,East Staffordshire,E12000005,West Midlands,36210,41539,31565,9974
E02006132,East Staffordshire 002,E07000193,East Staffordshire,E12000005,West Midlands,30823,35229,26969,8260
E02006133,East Staffordshire 003,E07000193,East Staffordshire,E12000005,West Midlands,32896,37552,28817,8735
E02006134,East Staffordshire 004,E07000193,East Staffordshire,E12000005,West Midlands,35279,40263,30911,9352
E02006135,East Staffordshire 005,E07000193,East Staffordshire,E12000005,West Midlands,33196,37926,29056,8870
E02006136,East Staffordshire 006,E07000193,East Staffordshire,E12000005,West Midlands,38094,43555,33317,10238
E02006137,East Staffordshire 007,E07000193,East Staffordshire,E12000005,West Midlands,27992,31942,24531,7411
E02006138,East Staffordshire 008,E07000193,East Staffordshire,E12000005,West Midlands,26877,30722,23514,7208
E02006139,East Staffordshire 009,E07000193,East Staffordshire,E12000005,West Midlands,27417,31322,23999,7323
E02006140,East Staffordshire 010,E07000193,East Staffordshire,E12000005,West Midlands,29948,34206,26221,7985
E02006141,East Staffordshire 011,E07000193,East Staffordshire,E12000005,West Midlands,26816,30690,23430,7260
E02006142,East Staffordshire 012,E07000193,East Staffordshire,E12000005,West Midlands,35389,40434,30974,9460
E02006143,East Staffordshire 013,E07000193,East Staffordshire,E12000005,West Midlands,34150,38972,29924,9048
E02006144,East Staffordshire 014,E07000193,East Staffordshire,E12000005,West Midlands,26493,30247,23204,7043
E02006145,East Staffordshire 015,E07000193,East Staffordshire,E12000005,West Midlands,34503,39511,30129,9382
E02006146,Lichfield 001,E07000194,Lichfield,E12000005,West Midlands,33456,38195,29306,8889
E02006147,Lichfield 002,E07000194,Lichfield,E12000005,West Midlands,37037,42317,32416,9901
E02006148,Lichfield 003,E07000194,Lichfield,E12000005,West Midlands,35739,40887,31239,9648
E02006149,Lichfield 004,E07000194,Lichfield,E12000005,West Midlands,29591,33787,25916,7871
E02006150,Lichfield 005,E07000194,Lichfield,E12000005,West Midlands,39132,44778,34198,10580
E02006151,Lichfield 006,E07000194,Lichfield,E12000005,West Midlands,33575,38404,29353,9051
E02006152,Lichfield 007,E07000194,Lichfield,E12000005,West Midlands,36788,41992,32229,9763
E02006153,Lichfield 008,E07000194,Lichfield,E12000005,West Midlands,42005,48069,36706,11363
E02006154,Lichfield 009,E07000194,Lichfield,E12000005,West Midlands,34146,39013,29887,9126
E02006155,Lichfield 010,E07000194,Lichfield,E12000005,West Midlands,27741,31716,24263,7453
E02006156,Lichfield 011,E07000194,Lichfield,E12000005,West Midlands,39711,45431,34711,10720
E02006157,Lichfield 012,E07000194,Lichfield,E12000005,West Midlands,31821,36325,27875,8450
E02006173,Newcastle-under-Lyme 016,E07000195,Newcastle-under-Lyme,E12000005,West Midlands,35946,41228,31341,9887
E02006174,South Staffordshire 001,E07000196,South Staffordshire,E12000005,West Midlands,34256,39099,30012,9087
E02006175,South Staffordshire 002,E07000196,South Staffordshire,E12000005,West Midlands,30993,35411,27126,8285
E02006176,South Staffordshire 003,E07000196,South Staffordshire,E12000005,West Midlands,34569,39473,30274,9199
E02006177,South Staffordshire 004,E07000196,South Staffordshire,E12000005,West Midlands,31799,36394,27784,8610
E02006178,South Staffordshire 005,E07000196,South Staffordshire,E12000005,West Midlands,30027,34287,26296,7991
E02006179,South Staffordshire 006,E07000196,South Staffordshire,E12000005,West Midlands,34534,39487,30202,9285
E02006180,South Staffordshire 007,E07000196,South Staffordshire,E12000005,West Midlands,32672,37392,28547,8845
E02006181,South Staffordshire 008,E07000196,South Staffordshire,E12000005,West Midlands,30066,34340,26325,8015
E02006182,South Staffordshire 009,E07000196,South Staffordshire,E12000005,West Midlands,37924,43292,33223,10069
E02006185,South Staffordshire 012,E07000196,South Staffordshire,E12000005,West Midlands,31071,35453,27231,8222
E02006186,South Staffordshire 013,E07000196,South Staffordshire,E12000005,West Midlands,36826,42052,32250,9802
E02006187,South Staffordshire 014,E07000196,South Staffordshire,E12000005,West Midlands,37349,42644,32710,9934
E02006982,South Staffordshire 015,E07000196,South Staffordshire,E12000005,West Midlands,33701,38444,29543,8901
E02006189,Stafford 002,E07000197,Stafford,E12000005,West Midlands,37786,43145,33093,10052
E02006190,Stafford 003,E07000197,Stafford,E12000005,West Midlands,33584,38368,29396,8972
E02006191,Stafford 004,E07000197,Stafford,E12000005,West Midlands,36404,41565,31884,9681
E02006192,Stafford 005,E07000197,Stafford,E12000005,West Midlands,35380,40416,30971,9445
E02006193,Stafford 006,E07000197,Stafford,E12000005,West Midlands,34092,39083,29739,9344
E02006194,Stafford 007,E07000197,Stafford,E12000005,West Midlands,30538,34885,26732,8153
E02006195,Stafford 008,E07000197,Stafford,E12000005,West Midlands,37522,42867,32843,10024
E02006196,Stafford 009,E07000197,Stafford,E12000005,West Midlands,29462,33706,25752,7954
E02006197,Stafford 010,E07000197,Stafford,E12000005,West Midlands,28862,33112,25158,7954
E02006198,Stafford 011,E07000197,Stafford,E12000005,West Midlands,37152,42464,32504,9960
E02006199,Stafford 012,E07000197,Stafford,E12000005,West Midlands,36415,41596,31879,9717
E02006200,Stafford 013,E07000197,Stafford,E12000005,West Midlands,24874,28534,21683,6851
E02006201,Stafford 014,E07000197,Stafford,E12000005,West Midlands,36101,41345,31521,9824
E02006202,Stafford 015,E07000197,Stafford,E12000005,West Midlands,33683,38489,29478,9011
E02006203,Stafford 016,E07000197,Stafford,E12000005,West Midlands,28909,32995,25329,7666
E02006217,Tamworth 001,E07000199,Tamworth,E12000005,West Midlands,34353,39199,30106,9093
E02006218,Tamworth 002,E07000199,Tamworth,E12000005,West Midlands,28944,33070,25333,7737
E02006219,Tamworth 003,E07000199,Tamworth,E12000005,West Midlands,33539,38296,29372,8924
E02006220,Tamworth 004,E07000199,Tamworth,E12000005,West Midlands,30429,34821,26591,8230
E02006221,Tamworth 005,E07000199,Tamworth,E12000005,West Midlands,32175,36746,28172,8574
E02006222,Tamworth 006,E07000199,Tamworth,E12000005,West Midlands,30427,34743,26647,8096
E02006223,Tamworth 007,E07000199,Tamworth,E12000005,West Midlands,25728,29421,22499,6922
E02006224,Tamworth 008,E07000199,Tamworth,E12000005,West Midlands,33169,37869,29053,8816
E02006225,Tamworth 009,E07000199,Tamworth,E12000005,West Midlands,34678,39597,30371,9226
E02006226,Tamworth 010,E07000199,Tamworth,E12000005,West Midlands,31629,36096,27715,8381
E02006468,North Warwickshire 001,E07000218,North Warwickshire,E12000005,West Midlands,33837,38623,29644,8979
E02006469,North Warwickshire 002,E07000218,North Warwickshire,E12000005,West Midlands,29880,34093,26188,7905
E02006470,North Warwickshire 003,E07000218,North Warwickshire,E12000005,West Midlands,29099,33217,25491,7726
E02006471,North Warwickshire 004,E07000218,North Warwickshire,E12000005,West Midlands,35063,40011,30727,9284
E02006472,North Warwickshire 005,E07000218,North Warwickshire,E12000005,West Midlands,32604,37200,28575,8625
E02006473,North Warwickshire 006,E07000218,North Warwickshire,E12000005,West Midlands,36040,41168,31552,9616
E02006474,North Warwickshire 007,E07000218,North Warwickshire,E12000005,West Midlands,35991,41079,31532,9547
E02006475,Nuneaton and Bedworth 001,E07000219,Nuneaton and Bedworth,E12000005,West Midlands,35284,40297,30894,9403
E02006476,Nuneaton and Bedworth 002,E07000219,Nuneaton and Bedworth,E12000005,West Midlands,28154,32145,24658,7487
E02006477,Nuneaton and Bedworth 003,E07000219,Nuneaton and Bedworth,E12000005,West Midlands,40666,46651,35449,11202
E02006478,Nuneaton and Bedworth 004,E07000219,Nuneaton and Bedworth,E12000005,West Midlands,33408,38156,29251,8905
E02006479,Nuneaton and Bedworth 005,E07000219,Nuneaton and Bedworth,E12000005,West Midlands,26551,30330,23242,7088
E02006480,Nuneaton and Bedworth 006,E07000219,Nuneaton and Bedworth,E12000005,West Midlands,26697,30558,23323,7235
E02006481,Nuneaton and Bedworth 007,E07000219,Nuneaton and Bedworth,E12000005,West Midlands,28871,32989,25266,7723
E02006482,Nuneaton and Bedworth 008,E07000219,Nuneaton and Bedworth,E12000005,West Midlands,33318,38117,29124,8993
E02006483,Nuneaton and Bedworth 009,E07000219,Nuneaton and Bedworth,E12000005,West Midlands,27164,31018,23790,7228
E02006484,Nuneaton and Bedworth 010,E07000219,Nuneaton and Bedworth,E12000005,West Midlands,30507,34826,26723,8103
E02006485,Nuneaton and Bedworth 011,E07000219,Nuneaton and Bedworth,E12000005,West Midlands,37539,42871,32870,10001
E02006486,Nuneaton and Bedworth 012,E07000219,Nuneaton and Bedworth,E12000005,West Midlands,31315,35752,27429,8323
E02006487,Nuneaton and Bedworth 013,E07000219,Nuneaton and Bedworth,E12000005,West Midlands,28443,32466,24919,7547
E02006488,Nuneaton and Bedworth 014,E07000219,Nuneaton and Bedworth,E12000005,West Midlands,34034,38839,29823,9016
E02006489,Nuneaton and Bedworth 015,E07000219,Nuneaton and Bedworth,E12000005,West Midlands,28460,32570,24869,7701
E02006490,Nuneaton and Bedworth 016,E07000219,Nuneaton and Bedworth,E12000005,West Midlands,31867,36390,27906,8484
E02006806,Nuneaton and Bedworth 018,E07000219,Nuneaton and Bedworth,E12000005,West Midlands,31337,35828,27410,8418
E02006494,Rugby 003,E07000220,Rugby,E12000005,West Midlands,28904,33108,25233,7875
E02006495,Rugby 004,E07000220,Rugby,E12000005,West Midlands,36231,41363,31736,9627
E02006497,Rugby 006,E07000220,Rugby,E12000005,West Midlands,32002,36581,27997,8584
E02006498,Rugby 007,E07000220,Rugby,E12000005,West Midlands,32474,37072,28446,8626
E02006503,Rugby 012,E07000220,Rugby,E12000005,West Midlands,37822,43191,33120,10071
E02007048,Rugby 013,E07000220,Rugby,E12000005,West Midlands,38876,44419,34025,10394
E02006504,Stratford-on-Avon 001,E07000221,Stratford-on-Avon,E12000005,West Midlands,43663,50152,38014,12138
E02006505,Stratford-on-Avon 002,E07000221,Stratford-on-Avon,E12000005,West Midlands,38369,43909,33528,10381
E02006506,Stratford-on-Avon 003,E07000221,Stratford-on-Avon,E12000005,West Midlands,33403,38158,29240,8918
E02006507,Stratford-on-Avon 004,E07000221,Stratford-on-Avon,E12000005,West Midlands,35629,40647,31230,9417
E02006508,Stratford-on-Avon 005,E07000221,Stratford-on-Avon,E12000005,West Midlands,36899,42160,32295,9865
E02006509,Stratford-on-Avon 006,E07000221,Stratford-on-Avon,E12000005,West Midlands,33835,38640,29628,9012
E02006510,Stratford-on-Avon 007,E07000221,Stratford-on-Avon,E12000005,West Midlands,37028,42286,32425,9861
E02006511,Stratford-on-Avon 008,E07000221,Stratford-on-Avon,E12000005,West Midlands,36667,41859,32118,9741
E02006512,Stratford-on-Avon 009,E07000221,Stratford-on-Avon,E12000005,West Midlands,34312,39155,30068,9087
E02006513,Stratford-on-Avon 010,E07000221,Stratford-on-Avon,E12000005,West Midlands,38184,43634,33415,10219
E02006514,Stratford-on-Avon 011,E07000221,Stratford-on-Avon,E12000005,West Midlands,36276,41500,31710,9790
E02006516,Stratford-on-Avon 013,E07000221,Stratford-on-Avon,E12000005,West Midlands,38139,43541,33407,10134
E02006519,Warwick 001,E07000222,Warwick,E12000005,West Midlands,37422,42742,32764,9978
E02006520,Warwick 002,E07000222,Warwick,E12000005,West Midlands,39232,44797,34358,10439
E02006521,Warwick 003,E07000222,Warwick,E12000005,West Midlands,42018,48088,36713,11375
E02006522,Warwick 004,E07000222,Warwick,E12000005,West Midlands,41538,47560,36279,11281
E02006523,Warwick 005,E07000222,Warwick,E12000005,West Midlands,40642,46450,35561,10889
E02006524,Warwick 006,E07000222,Warwick,E12000005,West Midlands,32669,37334,28588,8746
E02006525,Warwick 007,E07000222,Warwick,E12000005,West Midlands,38473,44028,33620,10408
E02006526,Warwick 008,E07000222,Warwick,E12000005,West Midlands,34564,39459,30276,9183
E02006527,Warwick 009,E07000222,Warwick,E12000005,West Midlands,37614,43149,32789,10360
E02006528,Warwick 010,E07000222,Warwick,E12000005,West Midlands,32368,37042,28284,8758
E02006529,Warwick 011,E07000222,Warwick,E12000005,West Midlands,34957,39915,30614,9301
E02006530,Warwick 012,E07000222,Warwick,E12000005,West Midlands,37373,42657,32743,9914
E02006531,Warwick 013,E07000222,Warwick,E12000005,West Midlands,26856,30711,23485,7226
E02006532,Warwick 014,E07000222,Warwick,E12000005,West Midlands,35975,41178,31429,9749
E02006533,Warwick 015,E07000222,Warwick,E12000005,West Midlands,37066,42309,32473,9836
E02006696,Bromsgrove 001,E07000234,Bromsgrove,E12000005,West Midlands,40520,46282,35475,10807
E02006697,Bromsgrove 002,E07000234,Bromsgrove,E12000005,West Midlands,38356,43818,33574,10244
E02006698,Bromsgrove 003,E07000234,Bromsgrove,E12000005,West Midlands,34636,39621,30278,9343
E02006699,Bromsgrove 004,E07000234,Bromsgrove,E12000005,West Midlands,36186,41350,31667,9683
E02006700,Bromsgrove 005,E07000234,Bromsgrove,E12000005,West Midlands,38685,44170,33881,10289
E02006701,Bromsgrove 006,E07000234,Bromsgrove,E12000005,West Midlands,43772,50062,38271,11791
E02006702,Bromsgrove 007,E07000234,Bromsgrove,E12000005,West Midlands,32635,37282,28567,8715
E02006703,Bromsgrove 008,E07000234,Bromsgrove,E12000005,West Midlands,41141,47009,36006,11003
E02006704,Bromsgrove 009,E07000234,Bromsgrove,E12000005,West Midlands,38433,43895,33651,10244
E02006705,Bromsgrove 010,E07000234,Bromsgrove,E12000005,West Midlands,33262,37971,29138,8833
E02006706,Bromsgrove 011,E07000234,Bromsgrove,E12000005,West Midlands,33130,37897,28962,8935
E02006707,Bromsgrove 012,E07000234,Bromsgrove,E12000005,West Midlands,36871,42219,32201,10018
E02006708,Bromsgrove 013,E07000234,Bromsgrove,E12000005,West Midlands,29251,33540,25511,8029
E02006709,Bromsgrove 014,E07000234,Bromsgrove,E12000005,West Midlands,37902,43280,33192,10088
E02006710,Malvern Hills 001,E07000235,Malvern Hills,E12000005,West Midlands,33457,38226,29283,8943
E02006711,Malvern Hills 002,E07000235,Malvern Hills,E12000005,West Midlands,35487,40574,31038,9536
E02006712,Malvern Hills 003,E07000235,Malvern Hills,E12000005,West Midlands,35374,40420,30957,9463
E02006721,Redditch 001,E07000236,Redditch,E12000005,West Midlands,33449,38296,29216,9080
E02006722,Redditch 002,E07000236,Redditch,E12000005,West Midlands,27554,31523,24084,7439
E02006723,Redditch 003,E07000236,Redditch,E12000005,West Midlands,30338,34617,26589,8028
E02006724,Redditch 004,E07000236,Redditch,E12000005,West Midlands,26372,30180,23044,7136
E02006725,Redditch 005,E07000236,Redditch,E12000005,West Midlands,29457,33640,25795,7845
E02006726,Redditch 006,E07000236,Redditch,E12000005,West Midlands,31127,35619,27201,8418
E02006727,Redditch 007,E07000236,Redditch,E12000005,West Midlands,32872,37637,28711,8926
E02006728,Redditch 008,E07000236,Redditch,E12000005,West Midlands,36733,41939,32173,9766
E02006729,Redditch 009,E07000236,Redditch,E12000005,West Midlands,32189,36842,28123,8719
E02006730,Redditch 010,E07000236,Redditch,E12000005,West Midlands,26453,30267,23119,7148
E02006731,Redditch 011,E07000236,Redditch,E12000005,West Midlands,31125,35685,27148,8537
E02006732,Redditch 012,E07000236,Redditch,E12000005,West Midlands,34684,39591,30386,9205
E02006733,Redditch 013,E07000236,Redditch,E12000005,West Midlands,35609,40631,31207,9424
E02006734,Worcester 001,E07000237,Worcester,E12000005,West Midlands,38965,44693,33970,10723
E02006735,Worcester 002,E07000237,Worcester,E12000005,West Midlands,23936,27517,20822,6695
E02006736,Worcester 003,E07000237,Worcester,E12000005,West Midlands,36386,41801,31672,10129
E02006737,Worcester 004,E07000237,Worcester,E12000005,West Midlands,32031,36589,28041,8548
E02006738,Worcester 005,E07000237,Worcester,E12000005,West Midlands,26909,30760,23540,7220
E02006739,Worcester 006,E07000237,Worcester,E12000005,West Midlands,31015,35544,27064,8480
E02006740,Worcester 007,E07000237,Worcester,E12000005,West Midlands,28837,32974,25219,7755
E02006741,Worcester 008,E07000237,Worcester,E12000005,West Midlands,36955,42194,32366,9828
E02006748,Wychavon 001,E07000238,Wychavon,E12000005,West Midlands,35695,40729,31283,9446
E02006749,Wychavon 002,E07000238,Wychavon,E12000005,West Midlands,27713,31664,24255,7409
E02006750,Wychavon 003,E07000238,Wychavon,E12000005,West Midlands,30998,35418,27130,8288
E02006751,Wychavon 004,E07000238,Wychavon,E12000005,West Midlands,32189,36796,28160,8636
E02006752,Wychavon 005,E07000238,Wychavon,E12000005,West Midlands,37898,43252,33207,10045
E02006753,Wychavon 006,E07000238,Wychavon,E12000005,West Midlands,37886,43311,33140,10171
E02006754,Wychavon 007,E07000238,Wychavon,E12000005,West Midlands,37633,43022,32920,10102
E02006755,Wychavon 008,E07000238,Wychavon,E12000005,West Midlands,39830,45564,34817,10747
E02006767,Wyre Forest 001,E07000239,Wyre Forest,E12000005,West Midlands,32916,37575,28835,8740
E02006768,Wyre Forest 002,E07000239,Wyre Forest,E12000005,West Midlands,31650,36138,27719,8419
E02006769,Wyre Forest 003,E07000239,Wyre Forest,E12000005,West Midlands,34111,38970,29859,9111
E02006770,Wyre Forest 004,E07000239,Wyre Forest,E12000005,West Midlands,27757,31765,24255,7510
E02006771,Wyre Forest 005,E07000239,Wyre Forest,E12000005,West Midlands,31881,36388,27932,8456
E02006772,Wyre Forest 006,E07000239,Wyre Forest,E12000005,West Midlands,31307,35758,27410,8348
E02006773,Wyre Forest 007,E07000239,Wyre Forest,E12000005,West Midlands,29821,34030,26133,7897
E02006774,Wyre Forest 008,E07000239,Wyre Forest,E12000005,West Midlands,28692,32748,25138,7610
E02006775,Wyre Forest 009,E07000239,Wyre Forest,E12000005,West Midlands,25564,29301,22303,6998
E02006776,Wyre Forest 010,E07000239,Wyre Forest,E12000005,West Midlands,31965,36551,27954,8597
E02006777,Wyre Forest 011,E07000239,Wyre Forest,E12000005,West Midlands,34367,39217,30116,9101
E02006778,Wyre Forest 012,E07000239,Wyre Forest,E12000005,West Midlands,33255,37963,29131,8832
E02006779,Wyre Forest 013,E07000239,Wyre Forest,E12000005,West Midlands,30222,34522,26457,8065
E02006780,Wyre Forest 014,E07000239,Wyre Forest,E12000005,West Midlands,29958,34211,26233,7978
E02001827,Birmingham 001,E08000025,Birmingham,E12000005,West Midlands,36785,42015,32205,9810
E02001828,Birmingham 002,E08000025,Birmingham,E12000005,West Midlands,36596,41801,32038,9763
E02001829,Birmingham 003,E08000025,Birmingham,E12000005,West Midlands,37480,42953,32705,10248
E02001830,Birmingham 004,E08000025,Birmingham,E12000005,West Midlands,43436,49849,37847,12002
E02001831,Birmingham 005,E08000025,Birmingham,E12000005,West Midlands,32675,37451,28507,8944
E02001832,Birmingham 006,E08000025,Birmingham,E12000005,West Midlands,37801,43163,33105,10058
E02001833,Birmingham 007,E08000025,Birmingham,E12000005,West Midlands,34826,39871,30419,9452
E02001834,Birmingham 008,E08000025,Birmingham,E12000005,West Midlands,26665,30568,23260,7308
E02001835,Birmingham 009,E08000025,Birmingham,E12000005,West Midlands,35867,40989,31384,9605
E02001836,Birmingham 010,E08000025,Birmingham,E12000005,West Midlands,37634,42954,32972,9982
E02001837,Birmingham 011,E08000025,Birmingham,E12000005,West Midlands,24864,28498,21692,6806
E02001838,Birmingham 012,E08000025,Birmingham,E12000005,West Midlands,37258,42598,32586,10012
E02001839,Birmingham 013,E08000025,Birmingham,E12000005,West Midlands,28696,32748,25146,7602
E02001840,Birmingham 014,E08000025,Birmingham,E12000005,West Midlands,24824,28457,21655,6802
E02001841,Birmingham 015,E08000025,Birmingham,E12000005,West Midlands,41663,47598,36468,11130
E02001842,Birmingham 016,E08000025,Birmingham,E12000005,West Midlands,31518,36102,27517,8585
E02001843,Birmingham 017,E08000025,Birmingham,E12000005,West Midlands,30015,34307,26259,8048
E02001844,Birmingham 018,E08000025,Birmingham,E12000005,West Midlands,34648,39772,30184,9588
E02001845,Birmingham 019,E08000025,Birmingham,E12000005,West Midlands,30674,35231,26707,8524
E02001846,Birmingham 020,E08000025,Birmingham,E12000005,West Midlands,27084,30963,23690,7273
E02001847,Birmingham 021,E08000025,Birmingham,E12000005,West Midlands,35577,40616,31162,9454
E02001848,Birmingham 022,E08000025,Birmingham,E12000005,West Midlands,27522,31641,23940,7701
E02001849,Birmingham 023,E08000025,Birmingham,E12000005,West Midlands,26395,30305,22989,7316
E02001850,Birmingham 024,E08000025,Birmingham,E12000005,West Midlands,30025,34315,26271,8044
E02001851,Birmingham 025,E08000025,Birmingham,E12000005,West Midlands,29636,33854,25943,7911
E02001852,Birmingham 026,E08000025,Birmingham,E12000005,West Midlands,25998,29914,22595,7319
E02001855,Birmingham 029,E08000025,Birmingham,E12000005,West Midlands,25609,29428,22285,7143
E02001856,Birmingham 030,E08000025,Birmingham,E12000005,West Midlands,25113,28719,21960,6759
E02001857,Birmingham 031,E08000025,Birmingham,E12000005,West Midlands,23690,27237,20604,6633
E02001858,Birmingham 032,E08000025,Birmingham,E12000005,West Midlands,25681,29462,22386,7076
E02001859,Birmingham 033,E08000025,Birmingham,E12000005,West Midlands,20043,23158,17347,5811
E02001860,Birmingham 034,E08000025,Birmingham,E12000005,West Midlands,23542,26967,20551,6416
E02001861,Birmingham 035,E08000025,Birmingham,E12000005,West Midlands,22082,25421,19182,6239
E02001862,Birmingham 036,E08000025,Birmingham,E12000005,West Midlands,24166,27670,21105,6565
E02001863,Birmingham 037,E08000025,Birmingham,E12000005,West Midlands,20360,23486,17651,5835
E02001865,Birmingham 039,E08000025,Birmingham,E12000005,West Midlands,21860,25130,19015,6115
E02001866,Birmingham 040,E08000025,Birmingham,E12000005,West Midlands,21592,24943,18691,6252
E02001867,Birmingham 041,E08000025,Birmingham,E12000005,West Midlands,20816,24144,17947,6197
E02001868,Birmingham 042,E08000025,Birmingham,E12000005,West Midlands,25882,29760,22510,7250
E02001869,Birmingham 043,E08000025,Birmingham,E12000005,West Midlands,22229,26190,18867,7323
E02001870,Birmingham 044,E08000025,Birmingham,E12000005,West Midlands,21852,25156,18982,6174
E02001871,Birmingham 045,E08000025,Birmingham,E12000005,West Midlands,25644,29416,22356,7060
E02001872,Birmingham 046,E08000025,Birmingham,E12000005,West Midlands,26808,30849,23296,7553
E02001873,Birmingham 047,E08000025,Birmingham,E12000005,West Midlands,23238,26885,20086,6799
E02001874,Birmingham 048,E08000025,Birmingham,E12000005,West Midlands,18878,21957,16232,5725
E02001875,Birmingham 049,E08000025,Birmingham,E12000005,West Midlands,23057,26536,20035,6501
E02001876,Birmingham 050,E08000025,Birmingham,E12000005,West Midlands,27207,31602,23423,8179
E02001877,Birmingham 051,E08000025,Birmingham,E12000005,West Midlands,18768,21858,16115,5743
E02001878,Birmingham 052,E08000025,Birmingham,E12000005,West Midlands,20208,23361,17481,5880
E02001879,Birmingham 053,E08000025,Birmingham,E12000005,West Midlands,22430,25755,19534,6221
E02001880,Birmingham 054,E08000025,Birmingham,E12000005,West Midlands,25290,29216,21891,7325
E02001881,Birmingham 055,E08000025,Birmingham,E12000005,West Midlands,20816,24049,18018,6031
E02001882,Birmingham 056,E08000025,Birmingham,E12000005,West Midlands,25042,28652,21888,6764
E02001883,Birmingham 057,E08000025,Birmingham,E12000005,West Midlands,24575,28309,21333,6976
E02001884,Birmingham 058,E08000025,Birmingham,E12000005,West Midlands,18974,22160,16246,5914
E02001886,Birmingham 060,E08000025,Birmingham,E12000005,West Midlands,30334,34829,26419,8410
E02001888,Birmingham 062,E08000025,Birmingham,E12000005,West Midlands,27070,30986,23649,7337
E02001889,Birmingham 063,E08000025,Birmingham,E12000005,West Midlands,19693,22897,16938,5959
E02001890,Birmingham 064,E08000025,Birmingham,E12000005,West Midlands,26763,30671,23353,7318
E02001892,Birmingham 066,E08000025,Birmingham,E12000005,West Midlands,22932,26380,19935,6445
E02001893,Birmingham 067,E08000025,Birmingham,E12000005,West Midlands,27679,31601,24244,7357
E02001895,Birmingham 069,E08000025,Birmingham,E12000005,West Midlands,26241,30042,22920,7122
E02001896,Birmingham 070,E08000025,Birmingham,E12000005,West Midlands,18823,21996,16108,5888
E02001897,Birmingham 071,E08000025,Birmingham,E12000005,West Midlands,18375,21445,15744,5701
E02001898,Birmingham 072,E08000025,Birmingham,E12000005,West Midlands,32201,36776,28195,8581
E02001899,Birmingham 073,E08000025,Birmingham,E12000005,West Midlands,37158,42451,32524,9927
E02001900,Birmingham 074,E08000025,Birmingham,E12000005,West Midlands,26490,30375,23102,7273
E02001901,Birmingham 075,E08000025,Birmingham,E12000005,West Midlands,39882,45774,34748,11026
E02001902,Birmingham 076,E08000025,Birmingham,E12000005,West Midlands,30571,34938,26750,8188
E02001903,Birmingham 077,E08000025,Birmingham,E12000005,West Midlands,19687,22816,16986,5830
E02001904,Birmingham 078,E08000025,Birmingham,E12000005,West Midlands,24036,27499,21008,6491
E02001905,Birmingham 079,E08000025,Birmingham,E12000005,West Midlands,30630,35163,26681,8482
E02001906,Birmingham 080,E08000025,Birmingham,E12000005,West Midlands,31347,35822,27430,8392
E02001907,Birmingham 081,E08000025,Birmingham,E12000005,West Midlands,30292,34568,26544,8024
E02001908,Birmingham 082,E08000025,Birmingham,E12000005,West Midlands,18967,22181,16218,5963
E02001909,Birmingham 083,E08000025,Birmingham,E12000005,West Midlands,20569,23728,17831,5897
E02001910,Birmingham 084,E08000025,Birmingham,E12000005,West Midlands,20856,24019,18109,5910
E02001911,Birmingham 085,E08000025,Birmingham,E12000005,West Midlands,26225,30078,22866,7212
E02001913,Birmingham 087,E08000025,Birmingham,E12000005,West Midlands,26959,30901,23521,7380
E02001914,Birmingham 088,E08000025,Birmingham,E12000005,West Midlands,29184,33397,25502,7895
E02001915,Birmingham 089,E08000025,Birmingham,E12000005,West Midlands,27411,31334,23979,7355
E02001916,Birmingham 090,E08000025,Birmingham,E12000005,West Midlands,23409,26816,20434,6382
E02001918,Birmingham 092,E08000025,Birmingham,E12000005,West Midlands,29037,33306,25314,7992
E02001919,Birmingham 093,E08000025,Birmingham,E12000005,West Midlands,25704,29440,22442,6998
E02001920,Birmingham 094,E08000025,Birmingham,E12000005,West Midlands,26761,30715,23317,7398
E02001921,Birmingham 095,E08000025,Birmingham,E12000005,West Midlands,28701,32783,25127,7656
E02001922,Birmingham 096,E08000025,Birmingham,E12000005,West Midlands,29719,35729,24720,11009
E02001923,Birmingham 097,E08000025,Birmingham,E12000005,West Midlands,25002,28621,21841,6780
E02001924,Birmingham 098,E08000025,Birmingham,E12000005,West Midlands,28745,32812,25182,7630
E02001925,Birmingham 099,E08000025,Birmingham,E12000005,West Midlands,30156,34465,26386,8079
E02001926,Birmingham 100,E08000025,Birmingham,E12000005,West Midlands,30585,34991,26733,8258
E02001927,Birmingham 101,E08000025,Birmingham,E12000005,West Midlands,27293,31252,23835,7417
E02001928,Birmingham 102,E08000025,Birmingham,E12000005,West Midlands,26984,30927,23544,7383
E02001929,Birmingham 103,E08000025,Birmingham,E12000005,West Midlands,25614,29355,22350,7005
E02001930,Birmingham 104,E08000025,Birmingham,E12000005,West Midlands,35427,40700,30836,9864
E02001931,Birmingham 105,E08000025,Birmingham,E12000005,West Midlands,30567,35006,26692,8314
E02001932,Birmingham 106,E08000025,Birmingham,E12000005,West Midlands,26879,30817,23444,7373
E02001933,Birmingham 107,E08000025,Birmingham,E12000005,West Midlands,30220,34517,26458,8059
E02001934,Birmingham 108,E08000025,Birmingham,E12000005,West Midlands,31540,36059,27587,8472
E02001935,Birmingham 109,E08000025,Birmingham,E12000005,West Midlands,31128,35603,27215,8388
E02001936,Birmingham 110,E08000025,Birmingham,E12000005,West Midlands,37985,43445,33211,10234
E02001937,Birmingham 111,E08000025,Birmingham,E12000005,West Midlands,25853,29547,22621,6926
E02001938,Birmingham 112,E08000025,Birmingham,E12000005,West Midlands,35047,40076,30650,9426
E02001939,Birmingham 113,E08000025,Birmingham,E12000005,West Midlands,30174,34563,26343,8220
E02001941,Birmingham 115,E08000025,Birmingham,E12000005,West Midlands,26615,30429,23279,7150
E02001942,Birmingham 116,E08000025,Birmingham,E12000005,West Midlands,31646,36204,27661,8543
E02001943,Birmingham 117,E08000025,Birmingham,E12000005,West Midlands,30156,34440,26405,8035
E02001944,Birmingham 118,E08000025,Birmingham,E12000005,West Midlands,30383,34724,26584,8140
E02001945,Birmingham 119,E08000025,Birmingham,E12000005,West Midlands,27439,31454,23936,7518
E02001946,Birmingham 120,E08000025,Birmingham,E12000005,West Midlands,34153,39047,29872,9175
E02001947,Birmingham 121,E08000025,Birmingham,E12000005,West Midlands,23709,27351,20552,6799
E02001948,Birmingham 122,E08000025,Birmingham,E12000005,West Midlands,32480,37098,28437,8661
E02001949,Birmingham 123,E08000025,Birmingham,E12000005,West Midlands,30128,34469,26334,8135
E02001950,Birmingham 124,E08000025,Birmingham,E12000005,West Midlands,31689,36183,27753,8430
E02001951,Birmingham 125,E08000025,Birmingham,E12000005,West Midlands,25556,29342,22259,7083
E02001952,Birmingham 126,E08000025,Birmingham,E12000005,West Midlands,24541,28175,21376,6799
E02001953,Birmingham 127,E08000025,Birmingham,E12000005,West Midlands,35621,40738,31147,9591
E02001954,Birmingham 128,E08000025,Birmingham,E12000005,West Midlands,25145,28937,21850,7087
E02001955,Birmingham 129,E08000025,Birmingham,E12000005,West Midlands,28456,32552,24876,7676
E02001956,Birmingham 130,E08000025,Birmingham,E12000005,West Midlands,31156,35616,27254,8362
E02001957,Birmingham 131,E08000025,Birmingham,E12000005,West Midlands,32145,36769,28102,8667
E02006807,Birmingham 132,E08000025,Birmingham,E12000005,West Midlands,35553,40692,31063,9629
E02006809,Birmingham 133,E08000025,Birmingham,E12000005,West Midlands,33619,38456,29390,9066
E02006895,Birmingham 134,E08000025,Birmingham,E12000005,West Midlands,27402,31381,23927,7454
E02006896,Birmingham 135,E08000025,Birmingham,E12000005,West Midlands,27291,31350,23758,7592
E02006897,Birmingham 136,E08000025,Birmingham,E12000005,West Midlands,25189,28949,21916,7033
E02006898,Birmingham 137,E08000025,Birmingham,E12000005,West Midlands,29848,34304,25971,8333
E02006899,Birmingham 138,E08000025,Birmingham,E12000005,West Midlands,32110,37071,27814,9257
E02006900,Birmingham 139,E08000025,Birmingham,E12000005,West Midlands,19332,22437,16656,5781
E02007038,Birmingham 141,E08000025,Birmingham,E12000005,West Midlands,26213,30033,22879,7154
E02007039,Birmingham 142,E08000025,Birmingham,E12000005,West Midlands,19489,22644,16773,5871
E02007040,Birmingham 143,E08000025,Birmingham,E12000005,West Midlands,21448,24691,18630,6061
E02001958,Coventry 001,E08000026,Coventry,E12000005,West Midlands,28022,31991,24546,7445
E02001959,Coventry 002,E08000026,Coventry,E12000005,West Midlands,34028,38859,29797,9062
E02001961,Coventry 004,E08000026,Coventry,E12000005,West Midlands,24884,28556,21684,6872
E02001962,Coventry 005,E08000026,Coventry,E12000005,West Midlands,27348,31246,23936,7310
E02001963,Coventry 006,E08000026,Coventry,E12000005,West Midlands,30594,34924,26802,8122
E02001964,Coventry 007,E08000026,Coventry,E12000005,West Midlands,25496,29310,22179,7131
E02001965,Coventry 008,E08000026,Coventry,E12000005,West Midlands,31367,35826,27464,8362
E02001966,Coventry 009,E08000026,Coventry,E12000005,West Midlands,22386,25654,19535,6119
E02001967,Coventry 010,E08000026,Coventry,E12000005,West Midlands,37665,43001,32991,10010
E02001968,Coventry 011,E08000026,Coventry,E12000005,West Midlands,26883,30779,23480,7299
E02001969,Coventry 012,E08000026,Coventry,E12000005,West Midlands,28422,32464,24884,7580
E02001970,Coventry 013,E08000026,Coventry,E12000005,West Midlands,31853,36404,27872,8532
E02001971,Coventry 014,E08000026,Coventry,E12000005,West Midlands,31268,35798,27312,8486
E02001972,Coventry 015,E08000026,Coventry,E12000005,West Midlands,22944,26271,20039,6232
E02001973,Coventry 016,E08000026,Coventry,E12000005,West Midlands,25095,28771,21888,6883
E02001974,Coventry 017,E08000026,Coventry,E12000005,West Midlands,36954,42291,32291,10000
E02001975,Coventry 018,E08000026,Coventry,E12000005,West Midlands,32366,37008,28306,8702
E02001976,Coventry 019,E08000026,Coventry,E12000005,West Midlands,28976,33072,25387,7685
E02001977,Coventry 020,E08000026,Coventry,E12000005,West Midlands,24708,28419,21481,6938
E02001978,Coventry 021,E08000026,Coventry,E12000005,West Midlands,33127,37956,28912,9044
E02001979,Coventry 022,E08000026,Coventry,E12000005,West Midlands,34012,38889,29748,9141
E02001980,Coventry 023,E08000026,Coventry,E12000005,West Midlands,38115,43552,33357,10195
E02001981,Coventry 024,E08000026,Coventry,E12000005,West Midlands,21759,24999,18940,6059
E02001982,Coventry 025,E08000026,Coventry,E12000005,West Midlands,34021,38902,29752,9150
E02001983,Coventry 026,E08000026,Coventry,E12000005,West Midlands,35091,40151,30668,9483
E02001984,Coventry 027,E08000026,Coventry,E12000005,West Midlands,33671,38511,29439,9072
E02001985,Coventry 028,E08000026,Coventry,E12000005,West Midlands,24201,27844,21034,6810
E02001986,Coventry 029,E08000026,Coventry,E12000005,West Midlands,26459,30250,23143,7107
E02001987,Coventry 030,E08000026,Coventry,E12000005,West Midlands,27781,31812,24260,7552
E02001988,Coventry 031,E08000026,Coventry,E12000005,West Midlands,25186,29022,21857,7165
E02001989,Coventry 032,E08000026,Coventry,E12000005,West Midlands,33994,38866,29732,9134
E02001990,Coventry 033,E08000026,Coventry,E12000005,West Midlands,34906,39885,30549,9336
E02001991,Coventry 034,E08000026,Coventry,E12000005,West Midlands,37298,42651,32618,10033
E02001992,Coventry 035,E08000026,Coventry,E12000005,West Midlands,26627,30494,23251,7243
E02001993,Coventry 036,E08000026,Coventry,E12000005,West Midlands,29075,33284,25397,7887
E02001994,Coventry 037,E08000026,Coventry,E12000005,West Midlands,31690,36182,27755,8427
E02001995,Coventry 038,E08000026,Coventry,E12000005,West Midlands,28657,32707,25109,7598
E02001996,Coventry 039,E08000026,Coventry,E12000005,West Midlands,24625,28272,21449,6823
E02001997,Coventry 040,E08000026,Coventry,E12000005,West Midlands,37382,42814,32639,10175
E02001998,Coventry 041,E08000026,Coventry,E12000005,West Midlands,37166,42569,32450,10119
E02001999,Coventry 042,E08000026,Coventry,E12000005,West Midlands,35150,40454,30541,9913
E02006805,Coventry 043,E08000026,Coventry,E12000005,West Midlands,27391,31274,23990,7284
E02002000,Dudley 001,E08000027,Dudley,E12000005,West Midlands,28404,32422,24885,7537
E02002001,Dudley 002,E08000027,Dudley,E12000005,West Midlands,27741,31749,24240,7509
E02002002,Dudley 003,E08000027,Dudley,E12000005,West Midlands,36496,41701,31941,9760
E02002003,Dudley 004,E08000027,Dudley,E12000005,West Midlands,29402,33578,25746,7832
E02002004,Dudley 005,E08000027,Dudley,E12000005,West Midlands,28006,31989,24518,7471
E02002005,Dudley 006,E08000027,Dudley,E12000005,West Midlands,26519,30340,23179,7161
E02002006,Dudley 007,E08000027,Dudley,E12000005,West Midlands,27762,31757,24269,7488
E02002007,Dudley 008,E08000027,Dudley,E12000005,West Midlands,31705,36197,27771,8426
E02002008,Dudley 009,E08000027,Dudley,E12000005,West Midlands,34322,39248,30014,9234
E02002009,Dudley 010,E08000027,Dudley,E12000005,West Midlands,23906,27384,20870,6514
E02002010,Dudley 011,E08000027,Dudley,E12000005,West Midlands,25128,28733,21974,6759
E02002011,Dudley 012,E08000027,Dudley,E12000005,West Midlands,34687,39610,30376,9234
E02002012,Dudley 013,E08000027,Dudley,E12000005,West Midlands,26061,29931,22691,7240
E02002013,Dudley 014,E08000027,Dudley,E12000005,West Midlands,36093,41195,31623,9572
E02002014,Dudley 015,E08000027,Dudley,E12000005,West Midlands,28066,32102,24537,7565
E02002015,Dudley 016,E08000027,Dudley,E12000005,West Midlands,31867,36387,27908,8479
E02002016,Dudley 017,E08000027,Dudley,E12000005,West Midlands,26565,30344,23258,7086
E02002017,Dudley 018,E08000027,Dudley,E12000005,West Midlands,27100,30930,23744,7186
E02002018,Dudley 019,E08000027,Dudley,E12000005,West Midlands,35439,40446,31052,9394
E02002019,Dudley 020,E08000027,Dudley,E12000005,West Midlands,26218,30029,22891,7138
E02002020,Dudley 021,E08000027,Dudley,E12000005,West Midlands,33852,38643,29656,8987
E02002021,Dudley 022,E08000027,Dudley,E12000005,West Midlands,24569,28139,21452,6687
E02002022,Dudley 023,E08000027,Dudley,E12000005,West Midlands,28616,32651,25079,7572
E02002023,Dudley 024,E08000027,Dudley,E12000005,West Midlands,30559,35005,26678,8327
E02002024,Dudley 025,E08000027,Dudley,E12000005,West Midlands,31023,35480,27126,8354
E02002025,Dudley 026,E08000027,Dudley,E12000005,West Midlands,30525,34837,26747,8090
E02002026,Dudley 027,E08000027,Dudley,E12000005,West Midlands,30929,35435,26996,8439
E02002027,Dudley 028,E08000027,Dudley,E12000005,West Midlands,34365,39324,30032,9292
E02002028,Dudley 029,E08000027,Dudley,E12000005,West Midlands,33974,38815,29737,9078
E02002029,Dudley 030,E08000027,Dudley,E12000005,West Midlands,35635,40699,31201,9498
E02002030,Dudley 031,E08000027,Dudley,E12000005,West Midlands,28830,32903,25261,7642
E02002031,Dudley 032,E08000027,Dudley,E12000005,West Midlands,26887,30713,23538,7175
E02002032,Dudley 033,E08000027,Dudley,E12000005,West Midlands,28886,32972,25306,7666
E02002033,Dudley 034,E08000027,Dudley,E12000005,West Midlands,31600,36051,27699,8352
E02002034,Dudley 035,E08000027,Dudley,E12000005,West Midlands,32830,37555,28700,8855
E02002035,Dudley 036,E08000027,Dudley,E12000005,West Midlands,38036,43410,33327,10083
E02002036,Dudley 037,E08000027,Dudley,E12000005,West Midlands,25360,29083,22114,6969
E02002037,Dudley 038,E08000027,Dudley,E12000005,West Midlands,32069,36711,28013,8698
E02002038,Dudley 039,E08000027,Dudley,E12000005,West Midlands,30446,34761,26667,8094
E02002039,Dudley 040,E08000027,Dudley,E12000005,West Midlands,35406,40425,31010,9415
E02002040,Dudley 041,E08000027,Dudley,E12000005,West Midlands,38944,44477,34100,10377
E02002041,Dudley 042,E08000027,Dudley,E12000005,West Midlands,36196,41335,31696,9639
E02002042,Dudley 043,E08000027,Dudley,E12000005,West Midlands,36169,41299,31677,9622
E02002043,Sandwell 001,E08000028,Sandwell,E12000005,West Midlands,27866,31842,24387,7455
E02002044,Sandwell 002,E08000028,Sandwell,E12000005,West Midlands,27691,31710,24181,7529
E02002045,Sandwell 003,E08000028,Sandwell,E12000005,West Midlands,27294,31227,23856,7371
E02002046,Sandwell 004,E08000028,Sandwell,E12000005,West Midlands,24345,27916,21230,6686
E02002047,Sandwell 005,E08000028,Sandwell,E12000005,West Midlands,27362,31257,23953,7304
E02002048,Sandwell 006,E08000028,Sandwell,E12000005,West Midlands,35448,40492,31032,9460
E02002049,Sandwell 007,E08000028,Sandwell,E12000005,West Midlands,27200,31135,23763,7372
E02002051,Sandwell 009,E08000028,Sandwell,E12000005,West Midlands,25412,29078,22208,6870
E02002052,Sandwell 010,E08000028,Sandwell,E12000005,West Midlands,27939,31919,24454,7465
E02002053,Sandwell 011,E08000028,Sandwell,E12000005,West Midlands,31196,35716,27248,8468
E02002054,Sandwell 012,E08000028,Sandwell,E12000005,West Midlands,33079,37925,28852,9073
E02002055,Sandwell 013,E08000028,Sandwell,E12000005,West Midlands,27156,30998,23790,7208
E02002056,Sandwell 014,E08000028,Sandwell,E12000005,West Midlands,25915,29630,22665,6965
E02002057,Sandwell 015,E08000028,Sandwell,E12000005,West Midlands,25659,29368,22419,6949
E02002058,Sandwell 016,E08000028,Sandwell,E12000005,West Midlands,27001,30866,23619,7247
E02002059,Sandwell 017,E08000028,Sandwell,E12000005,West Midlands,26398,30163,23104,7059
E02002060,Sandwell 018,E08000028,Sandwell,E12000005,West Midlands,25206,28793,22067,6726
E02002061,Sandwell 019,E08000028,Sandwell,E12000005,West Midlands,23555,26984,20562,6422
E02002062,Sandwell 020,E08000028,Sandwell,E12000005,West Midlands,25101,28749,21916,6833
E02002063,Sandwell 021,E08000028,Sandwell,E12000005,West Midlands,29142,33293,25509,7784
E02002064,Sandwell 022,E08000028,Sandwell,E12000005,West Midlands,28013,31989,24530,7459
E02002065,Sandwell 023,E08000028,Sandwell,E12000005,West Midlands,25226,28867,22043,6824
E02002066,Sandwell 024,E08000028,Sandwell,E12000005,West Midlands,25604,29276,22392,6884
E02002067,Sandwell 025,E08000028,Sandwell,E12000005,West Midlands,29782,34013,26077,7936
E02002069,Sandwell 027,E08000028,Sandwell,E12000005,West Midlands,27171,31102,23737,7365
E02002070,Sandwell 028,E08000028,Sandwell,E12000005,West Midlands,25831,29546,22583,6963
E02002071,Sandwell 029,E08000028,Sandwell,E12000005,West Midlands,27310,31271,23852,7419
E02002072,Sandwell 030,E08000028,Sandwell,E12000005,West Midlands,32075,36632,28084,8548
E02002073,Sandwell 031,E08000028,Sandwell,E12000005,West Midlands,26566,30340,23262,7078
E02002074,Sandwell 032,E08000028,Sandwell,E12000005,West Midlands,28617,32665,25070,7595
E02002075,Sandwell 033,E08000028,Sandwell,E12000005,West Midlands,27028,30853,23677,7176
E02002076,Sandwell 034,E08000028,Sandwell,E12000005,West Midlands,33516,38412,29245,9167
E02002077,Sandwell 035,E08000028,Sandwell,E12000005,West Midlands,28298,32335,24766,7569
E02002078,Sandwell 036,E08000028,Sandwell,E12000005,West Midlands,34892,39906,30507,9399
E02002079,Sandwell 037,E08000028,Sandwell,E12000005,West Midlands,28644,32702,25090,7612
E02002080,Sandwell 038,E08000028,Sandwell,E12000005,West Midlands,29327,33512,25664,7848
E02006810,Sandwell 039,E08000028,Sandwell,E12000005,West Midlands,30374,34728,26565,8163
E02006943,Sandwell 040,E08000028,Sandwell,E12000005,West Midlands,23934,27532,20806,6726
E02006944,Sandwell 041,E08000028,Sandwell,E12000005,West Midlands,24076,27718,20912,6806
E02002081,Solihull 001,E08000029,Solihull,E12000005,West Midlands,33420,38152,29274,8878
E02002082,Solihull 002,E08000029,Solihull,E12000005,West Midlands,25745,29583,22405,7178
E02002083,Solihull 003,E08000029,Solihull,E12000005,West Midlands,35311,40323,30923,9400
E02002084,Solihull 004,E08000029,Solihull,E12000005,West Midlands,27640,31599,24176,7423
E02002085,Solihull 005,E08000029,Solihull,E12000005,West Midlands,27359,31421,23822,7599
E02002086,Solihull 006,E08000029,Solihull,E12000005,West Midlands,24515,28096,21390,6706
E02002087,Solihull 007,E08000029,Solihull,E12000005,West Midlands,26291,30131,22940,7191
E02002088,Solihull 008,E08000029,Solihull,E12000005,West Midlands,26486,30302,23151,7151
E02002089,Solihull 009,E08000029,Solihull,E12000005,West Midlands,33577,38316,29425,8891
E02002090,Solihull 010,E08000029,Solihull,E12000005,West Midlands,33585,38453,29333,9120
E02002091,Solihull 011,E08000029,Solihull,E12000005,West Midlands,32719,37466,28573,8893
E02002092,Solihull 012,E08000029,Solihull,E12000005,West Midlands,31944,36494,27962,8532
E02002093,Solihull 013,E08000029,Solihull,E12000005,West Midlands,30959,35337,27124,8213
E02002094,Solihull 014,E08000029,Solihull,E12000005,West Midlands,38586,44157,33719,10438
E02002095,Solihull 015,E08000029,Solihull,E12000005,West Midlands,33780,38557,29595,8962
E02002096,Solihull 016,E08000029,Solihull,E12000005,West Midlands,35190,40150,30844,9306
E02002097,Solihull 017,E08000029,Solihull,E12000005,West Midlands,37478,42793,32824,9969
E02002098,Solihull 018,E08000029,Solihull,E12000005,West Midlands,35688,40737,31264,9473
E02002099,Solihull 019,E08000029,Solihull,E12000005,West Midlands,36526,41726,31975,9751
E02002101,Solihull 021,E08000029,Solihull,E12000005,West Midlands,34412,39316,30119,9197
E02002102,Solihull 022,E08000029,Solihull,E12000005,West Midlands,34873,39815,30544,9271
E02002103,Solihull 023,E08000029,Solihull,E12000005,West Midlands,38225,43707,33430,10277
E02002104,Solihull 024,E08000029,Solihull,E12000005,West Midlands,44332,50718,38750,11968
E02002105,Solihull 025,E08000029,Solihull,E12000005,West Midlands,41071,46929,35945,10984
E02002106,Solihull 026,E08000029,Solihull,E12000005,West Midlands,41683,47663,36454,11209
E02002107,Solihull 027,E08000029,Solihull,E12000005,West Midlands,42396,48460,37092,11368
E02002108,Solihull 028,E08000029,Solihull,E12000005,West Midlands,42198,48301,36866,11435
E02002109,Solihull 029,E08000029,Solihull,E12000005,West Midlands,38413,43854,33647,10207
E02006808,Solihull 030,E08000029,Solihull,E12000005,West Midlands,34979,40037,30560,9477
E02002110,Walsall 001,E08000030,Walsall,E12000005,West Midlands,29618,33842,25922,7920
E02002111,Walsall 002,E08000030,Walsall,E12000005,West Midlands,26629,30425,23307,7118
E02002112,Walsall 003,E08000030,Walsall,E12000005,West Midlands,31219,35646,27342,8304
E02002113,Walsall 004,E08000030,Walsall,E12000005,West Midlands,28290,32294,24783,7511
E02002114,Walsall 005,E08000030,Walsall,E12000005,West Midlands,32448,37050,28417,8633
E02002115,Walsall 006,E08000030,Walsall,E12000005,West Midlands,27331,31221,23925,7296
E02002116,Walsall 007,E08000030,Walsall,E12000005,West Midlands,35494,40509,31100,9409
E02002117,Walsall 008,E08000030,Walsall,E12000005,West Midlands,29527,33744,25837,7907
E02002118,Walsall 009,E08000030,Walsall,E12000005,West Midlands,24792,28420,21627,6793
E02002119,Walsall 010,E08000030,Walsall,E12000005,West Midlands,30199,34579,26374,8205
E02002120,Walsall 011,E08000030,Walsall,E12000005,West Midlands,29264,33507,25559,7948
E02002121,Walsall 012,E08000030,Walsall,E12000005,West Midlands,24667,28237,21548,6689
E02002122,Walsall 013,E08000030,Walsall,E12000005,West Midlands,26102,29814,22852,6962
E02002123,Walsall 014,E08000030,Walsall,E12000005,West Midlands,29003,33100,25414,7686
E02002124,Walsall 015,E08000030,Walsall,E12000005,West Midlands,28540,32610,24978,7632
E02002125,Walsall 016,E08000030,Walsall,E12000005,West Midlands,28747,32826,25175,7651
E02002126,Walsall 017,E08000030,Walsall,E12000005,West Midlands,23091,26523,20103,6420
E02002127,Walsall 018,E08000030,Walsall,E12000005,West Midlands,26201,29934,22934,7000
E02002128,Walsall 019,E08000030,Walsall,E12000005,West Midlands,29118,33238,25509,7729
E02002129,Walsall 020,E08000030,Walsall,E12000005,West Midlands,30439,34755,26659,8096
E02002130,Walsall 021,E08000030,Walsall,E12000005,West Midlands,24792,28359,21674,6685
E02002131,Walsall 022,E08000030,Walsall,E12000005,West Midlands,36179,41516,31527,9989
E02002132,Walsall 023,E08000030,Walsall,E12000005,West Midlands,26216,29947,22949,6998
E02002133,Walsall 024,E08000030,Walsall,E12000005,West Midlands,29556,33805,25841,7964
E02002134,Walsall 025,E08000030,Walsall,E12000005,West Midlands,26659,30465,23328,7137
E02002135,Walsall 026,E08000030,Walsall,E12000005,West Midlands,23620,27021,20647,6374
E02002136,Walsall 027,E08000030,Walsall,E12000005,West Midlands,27592,31540,24138,7402
E02002137,Walsall 028,E08000030,Walsall,E12000005,West Midlands,38797,44297,33980,10317
E02002138,Walsall 029,E08000030,Walsall,E12000005,West Midlands,30811,35273,26912,8361
E02002139,Walsall 030,E08000030,Walsall,E12000005,West Midlands,23817,27282,20791,6491
E02002140,Walsall 031,E08000030,Walsall,E12000005,West Midlands,23815,27246,20816,6430
E02002141,Walsall 032,E08000030,Walsall,E12000005,West Midlands,38022,43546,33199,10347
E02002142,Walsall 033,E08000030,Walsall,E12000005,West Midlands,25737,29426,22510,6916
E02002143,Walsall 034,E08000030,Walsall,E12000005,West Midlands,20880,24055,18123,5932
E02002144,Walsall 035,E08000030,Walsall,E12000005,West Midlands,36473,41718,31887,9831
E02002145,Walsall 036,E08000030,Walsall,E12000005,West Midlands,25831,29504,22615,6889
E02002146,Walsall 037,E08000030,Walsall,E12000005,West Midlands,27406,31303,23995,7308
E02002147,Walsall 038,E08000030,Walsall,E12000005,West Midlands,25968,29656,22738,6918
E02002148,Walsall 039,E08000030,Walsall,E12000005,West Midlands,33497,38386,29230,9156
E02002149,Wolverhampton 001,E08000031,Wolverhampton,E12000005,West Midlands,28972,33071,25381,7690
E02002150,Wolverhampton 002,E08000031,Wolverhampton,E12000005,West Midlands,28301,32317,24783,7534
E02002151,Wolverhampton 003,E08000031,Wolverhampton,E12000005,West Midlands,26258,30082,22920,7162
E02002152,Wolverhampton 004,E08000031,Wolverhampton,E12000005,West Midlands,27096,31007,23678,7329
E02002153,Wolverhampton 005,E08000031,Wolverhampton,E12000005,West Midlands,28358,32440,24791,7649
E02002154,Wolverhampton 006,E08000031,Wolverhampton,E12000005,West Midlands,31107,35575,27200,8375
E02002155,Wolverhampton 007,E08000031,Wolverhampton,E12000005,West Midlands,25363,29107,22100,7007
E02002156,Wolverhampton 008,E08000031,Wolverhampton,E12000005,West Midlands,29896,34111,26202,7909
E02002157,Wolverhampton 009,E08000031,Wolverhampton,E12000005,West Midlands,34345,39217,30078,9139
E02002158,Wolverhampton 010,E08000031,Wolverhampton,E12000005,West Midlands,28679,32765,25103,7662
E02002159,Wolverhampton 011,E08000031,Wolverhampton,E12000005,West Midlands,26002,29768,22713,7055
E02002160,Wolverhampton 012,E08000031,Wolverhampton,E12000005,West Midlands,30455,34792,26659,8133
E02002161,Wolverhampton 013,E08000031,Wolverhampton,E12000005,West Midlands,25477,29235,22202,7033
E02002162,Wolverhampton 014,E08000031,Wolverhampton,E12000005,West Midlands,34986,40010,30593,9417
E02002163,Wolverhampton 015,E08000031,Wolverhampton,E12000005,West Midlands,25425,29086,22224,6862
E02002164,Wolverhampton 016,E08000031,Wolverhampton,E12000005,West Midlands,22612,25959,19696,6263
E02002165,Wolverhampton 017,E08000031,Wolverhampton,E12000005,West Midlands,27082,31061,23613,7448
E02002166,Wolverhampton 018,E08000031,Wolverhampton,E12000005,West Midlands,25253,28866,22093,6773
E02002167,Wolverhampton 019,E08000031,Wolverhampton,E12000005,West Midlands,30125,34527,26284,8243
E02002168,Wolverhampton 020,E08000031,Wolverhampton,E12000005,West Midlands,24497,28093,21362,6731
E02002169,Wolverhampton 021,E08000031,Wolverhampton,E12000005,West Midlands,39258,44953,34284,10669
E02002170,Wolverhampton 022,E08000031,Wolverhampton,E12000005,West Midlands,26821,30705,23428,7277
E02002171,Wolverhampton 023,E08000031,Wolverhampton,E12000005,West Midlands,26323,30071,23042,7029
E02002174,Wolverhampton 026,E08000031,Wolverhampton,E12000005,West Midlands,35670,40804,31182,9622
E02002175,Wolverhampton 027,E08000031,Wolverhampton,E12000005,West Midlands,25487,29198,22247,6951
E02002176,Wolverhampton 028,E08000031,Wolverhampton,E12000005,West Midlands,29731,34018,25984,8034
E02002177,Wolverhampton 029,E08000031,Wolverhampton,E12000005,West Midlands,27326,31193,23938,7255
E02002178,Wolverhampton 030,E08000031,Wolverhampton,E12000005,West Midlands,36171,41450,31565,9885
E02002179,Wolverhampton 031,E08000031,Wolverhampton,E12000005,West Midlands,35303,40311,30917,9394
E02002180,Wolverhampton 032,E08000031,Wolverhampton,E12000005,West Midlands,29041,33132,25456,7676
E02002181,Wolverhampton 033,E08000031,Wolverhampton,E12000005,West Midlands,25995,29749,22714,7035
E02002182,Wolverhampton 034,E08000031,Wolverhampton,E12000005,West Midlands,28016,32051,24488,7563
E02006894,Wolverhampton 035,E08000031,Wolverhampton,E12000005,West Midlands,26356,30133,23052,7081
