area_code,local_area_name,annual_equivalised_income_after_housing_costs_gbp
E02002809,Spondon South,31196
E02002812,Littleover East,33953
E02002813,Rose Hill,22422
E02002814,Mickleover South,36293
E02002815,Normanton North,22662
E02002816,Littleover West,38069
E02002817,Normanton West,34308
E02002818,Normanton South,25313
E02002819,Wilmorton,28584
E02002820,Alvaston,28116
E02002821,Allenton,25731
E02002822,Sunny Hill,30702
E02002823,Boulton,28452
E02002824,Sinfin,28057
E02002825,Chellaston West,32485
E02002826,Chellaston East,33755
E02004077,Doveridge,39330
E02004086,Borrowash,35886
E02004088,Long Eaton West,41776
E02004090,Breaston,34458
E02004091,Long Eaton South,37455
E02004092,Sawley,32255
E02004118,Hatton,36232
E02004119,Hilton,37144
E02004120,Willington North,36006
E02004121,Aston-on-Trent,39652
E02004122,Willington South,39596
E02004123,Melbourne,37493
E02004124,Swadlincote North,32924
E02004125,Swadlincote West,32035
E02004126,Swadlincote Central,30435
E02004128,Castle Gresley,35399
E02006919,Swadlincote South,33218
E02006920,Swadlincote East,32814
E02005335,Kirby Muxloe,39212
E02005342,Cosby,35790
E02005344,Stoney Stanton,37302
E02005349,Shepshed West,34459
E02005350,Shepshed East,34990
E02005372,Dunton Bassett,38717
E02005377,Markfield,34640
E02005380,Market Bosworth,36766
E02005381,Desford,36704
E02005382,Earl Shilton,33289
E02005383,Barwell,32547
E02005384,Stoke Golding,36773
E02005385,Hinckley East,37170
E02005386,Hinckley Central,31972
E02005387,Hinckley West,35530
E02005388,Hinckley Clarendon Park,30962
E02005389,Burbage St Catherines,36084
E02005390,Burbage Sketchley,38076
E02005397,Castle Donington,36924
E02005398,Kegworth,36341
E02005399,Ashby de la Zouch North,35999
E02005400,Thringstone,34313
E02005401,Packington,37342
E02005402,Ashby de la Zouch South,37099
E02005403,Whitwick,35380
E02005404,Donisthope,34375
E02005405,Agar Nook,31574
E02005406,Coalville,31136
E02005407,Hugglescote,35789
E02005408,Measham,33533
E02005409,Ibstock,35212
E02002905,Wigmore,34114
E02002908,Shobdon,35095
E02002909,Bromyard,31848
E02002928,Newport North,32960
E02002929,Edgmond,33552
E02002930,Newport South,33785
E02002931,Muxton,34353
E02002932,Donnington,27464
E02002933,Dothill,31931
E02002934,Apley,31409
E02002935,Wrockwardine Wood,28010
E02002936,Hadley,28145
E02002937,Ironbridge,35105
E02002938,Wellington East,29400
E02002939,Wellington West,30663
E02002940,St George's,27711
E02002941,Oakengates,28361
E02002942,Priorslee,36315
E02002944,Malinslee,24228
E02002945,Hollinswood,26973
E02002946,Dawley,27293
E02002947,Brookside,25503
E02002948,Woodside,23902
E02002949,Madeley,28403
E02002950,Sutton Hill,23781
E02007050,Telford Town Centre,32778
E02007051,Lawley,34909
E02006008,Shifnal,34818
E02006009,Cosford,35581
E02006010,Much Wenlock,32943
E02006011,Bridgnorth West,31918
E02006012,Bridgnorth East,32222
E02006013,Alveley,35150
E02006014,Highley,32154
E02006016,Woore,34300
E02006018,Market Drayton,30441
E02006020,Hinstock,36035
E02006022,Shawbury,37561
E02006038,Bayston Hill,34833
E02006040,Cressage,35526
E02006043,Craven Arms,32021
E02006046,Cleobury Mortimer,32715
E02006118,Rugeley North,34495
E02006119,Rugeley Town,27682
E02006120,Rugeley South,29587
E02006121,Hednesford Pye Green,30353
E02006122,Hednesford Central,33073
E02006123,Wimblebury,31837
E02006124,Cannock North,26254
E02006125,Cannock North East,27115
E02006126,Hednesford South,32177
E02006127,Hawks Green,34397
E02006128,Cannock West,32305
E02006129,Cannock South,27676
E02006130,Norton Canes,31536
E02006131,Mayfield,36210
E02006132,Uttoxeter Heath,30823
E02006133,Uttoxeter Town,32896
E02006134,Rolleston-on-Dove,35279
E02006135,Burton Stretton,33196
E02006136,Abbots Bromley,38094
E02006137,Burton Horninglow,27992
E02006138,Burton Eton Park,26877
E02006139,Burton Shobnall,27417
E02006140,Burton Winshill,29948
E02006141,Burton Central,26816
E02006142,Burton Brizlincote,35389
E02006143,Branston,34150
E02006144,Burton Stapenhill,26493
E02006145,Barton-under-Needwood,34503
E02006146,Armitage,33456
E02006147,Alrewas,37037
E02006148,Burntwood North East,35739
E02006149,Lichfield Central,29591
E02006150,Lichfield East,39132
E02006151,Burntwood West,33575
E02006152,Lichfield West,36788
E02006153,Whittington,42005
E02006154,Burntwood Chase Terrace,34146
E02006155,Burntwood Chasetown,27741
E02006156,Shenstone,39711
E02006157,Fazeley,31821
E02006173,Loggerheads,35946
E02006174,Penkridge,34256
E02006175,Huntington,30993
E02006176,Brewood,34569
E02006177,Cheslyn Hay,31799
E02006178,Great Wyrley,30027
E02006179,Featherstone West,34534
E02006180,Featherstone East,32672
E02006181,Bilbrook,30066
E02006182,Codsall,37924
E02006185,Wombourne Inner,31071
E02006186,Wombourne Outer,36826
E02006187,Kinver,37349
E02006982,Perton,33701
E02006189,Barlaston,37786
E02006190,Stone Town,33584
E02006191,Little Stoke,36404
E02006192,Eccleshall,35380
E02006193,Stafford Common,34092
E02006194,Doxey,30538
E02006195,Weston,37522
E02006196,Stafford North East,29462
E02006197,Central Stafford,28862
E02006198,Littleworth,37152
E02006199,Rowley,36415
E02006200,Highfields,24874
E02006201,Weeping Cross,36101
E02006202,Gnosall,33683
E02006203,Mosspit,28909
E02006217,Coton Farm,34353
E02006218,Central Tamworth,28944
E02006219,Amington,33539
E02006220,Bolehall,30429
E02006221,Kettlebrook,32175
E02006222,Belgrave,30427
E02006223,Glascote Heath,25728
E02006224,Wilnecote East,33169
E02006225,Dosthill,34678
E02006226,Wilnecote West,31629
E02006468,Polesworth,33837
E02006469,Dordon,29880
E02006470,Atherstone,29099
E02006471,Kingsbury,35063
E02006472,Hartshill,32604
E02006473,Coleshill,36040
E02006474,New Arley,35991
E02006475,Weddington,35284
E02006476,Camp Hill,28154
E02006477,Horeston Grange,40666
E02006478,Galley Common,33408
E02006479,Nuneaton Town Centre,26551
E02006480,Tomkinson Road,26697
E02006481,Stockingford,28871
E02006482,Bermuda,33318
E02006483,Caldwell,27164
E02006484,Attleborough,30507
E02006485,Whitestone,37539
E02006486,Bedworth Woodlands,31315
E02006487,Bedworth Town,28443
E02006488,Bulkington,34034
E02006489,Bedworth Coalpit Field,28460
E02006490,Bedworth Heath,31867
E02006806,Ash Green,31337
E02006494,Rugby Town North,28904
E02006495,Wolston,36231
E02006497,New Bilton,32002
E02006498,Cawston,32474
E02006503,Dunchurch,37822
E02007048,Brinklow,38876
E02006504,Earlswood,43663
E02006505,Henley-in-Arden,38369
E02006506,Studley,33403
E02006507,Southam,35629
E02006508,Harbury,36899
E02006509,Alcester,33835
E02006510,Wilmcote,37028
E02006511,Wellesbourne,36667
E02006512,Stratford North,34312
E02006513,Stratford South East,38184
E02006514,Stratford South West,36276
E02006516,Kineton,38139
E02006519,Kenilworth West,37422
E02006520,Kenilworth East,39232
E02006521,Kenilworth South,42018
E02006522,Kingswood,41538
E02006523,Cubbington,40642
E02006524,Lillington,32669
E02006525,Leamington Central,38473
E02006526,Warwick North,34564
E02006527,Leamington West,37614
E02006528,Leamington East,32368
E02006529,Warwick South West,34957
E02006530,Warwick South East,37373
E02006531,Leamington Brunswick,26856
E02006532,Bishops Tachbrook,35975
E02006533,Whitnash,37066
E02006696,Hagley,40520
E02006697,Dodford,38356
E02006698,Rubery West,34636
E02006699,Hollywood,36186
E02006700,Wythall,38685
E02006701,Barnt Green,43772
E02006702,Catshill,32635
E02006703,Marlbrook,41141
E02006704,Alvechurch,38433
E02006705,Bromsgrove Sidemoor,33262
E02006706,Bromsgrove Central,33130
E02006707,Bromsgrove Stoney Hill,36871
E02006708,Bromsgrove Charford,29251
E02006709,Stoke Heath (B60),37902
E02006710,Tenbury Wells,33457
E02006711,Abberley,35487
E02006712,Broadheath,35374
E02006721,Riverside,33449
E02006722,Church Hill South,27554
E02006723,Batchley,30338
E02006724,Redditch Town,26372
E02006725,Winyates Green,29457
E02006726,Southcrest,31127
E02006727,Arrow Valley,32872
E02006728,Webheath,36733
E02006729,Matchborough,32189
E02006730,Greenlands,26453
E02006731,Oakenshaw,31125
E02006732,Crabbs Cross,34684
E02006733,Hunt End,35609
E02006734,Northwick,38965
E02006735,Warndon West,23936
E02006736,Warndon East,36386
E02006737,Barbourne,32031
E02006738,King George's Field,26909
E02006739,Henwick,31015
E02006740,Worcester Town North,28837
E02006741,Lyppard Grange,36955
E02006748,Hartlebury,35695
E02006749,Droitwich Spa West,27713
E02006750,Droitwich Spa East,30998
E02006751,Droitwich Spa Central,32189
E02006752,Droitwich Spa South,37898
E02006753,Fernhill Heath,37886
E02006754,Crowle,37633
E02006755,Inkberrow,39830
E02006767,Wolverley,32916
E02006768,Franche,31650
E02006769,Greenhill,34111
E02006770,Kidderminster Town,27757
E02006771,Bewdley East,31881
E02006772,Habberley,31307
E02006773,Comberton,29821
E02006774,Foley Park,28692
E02006775,Birchen Coppice,25564
E02006776,Spennells,31965
E02006777,Bewdley West,34367
E02006778,Stourport Lickhill,33255
E02006779,Stourport Mitton,30222
E02006780,Stourport Areley Kings,29958
E02001827,Hill Hook,36785
E02001828,Four Oaks,36596
E02001829,Little Sutton,37480
E02001830,Sutton Coldfield North,43436
E02001831,Reddicap Heath,32675
E02001832,Rectory Park,37801
E02001833,Kingstanding North,34826
E02001834,Old Oscott,26665
E02001835,Sutton Coldfield South,35867
E02001836,New Oscott,37634
E02001837,Kingstanding South East,24864
E02001838,Walmley,37258
E02001839,Queslett,28696
E02001840,Perry Common College Road,24824
E02001841,Wylde Green,41663
E02001842,Perry Beeches West,31518
E02001843,Kingstanding South West,30015
E02001844,Chester Road,34648
E02001845,Perry Beeches East,30674
E02001846,Short Heath,27084
E02001847,Minworth,35577
E02001848,Upper Witton,27522
E02001849,Erdington Town,26395
E02001850,Perry Barr,30025
E02001851,Pype Hayes Park,29636
E02001852,Stockland Green Marsh Hill,25998
E02001855,Castle Vale,25609
E02001856,Brookvale,25113
E02001857,Gravelly Hill,23690
E02001858,Handsworth East,25681
E02001859,Birchfield East,20043
E02001860,Handsworth West,23542
E02001861,Birchfield West,22082
E02001862,Middlemore,24166
E02001863,Aston Park,20360
E02001865,Handsworth South,21860
E02001866,Lozells West,21592
E02001867,Lozells East,20816
E02001868,Hodge Hill,25882
E02001869,Nechells,22229
E02001870,Ward End,21852
E02001871,Buckland End,25644
E02001872,Shard End,26808
E02001873,Winson Green,23238
E02001874,Washwood Heath,18878
E02001875,Hockley,23057
E02001876,Birmingham Dartmouth Circus,27207
E02001877,Saltley East,18768
E02001878,Saltley West,20208
E02001879,Summerfield,22430
E02001880,Glebe Farm,25290
E02001881,Belchers Lane,20816
E02001882,Stechford,25042
E02001883,Kitts Green,24575
E02001884,Bordesley Green North,18974
E02001886,Rotton Park,30334
E02001888,Kent's Moat,27070
E02001889,Little Bromwich,19693
E02001890,Edgbaston North,26763
E02001892,Yardley Fields,22932
E02001893,Yardley,27679
E02001895,Sheldon North,26241
E02001896,Small Heath Park,18823
E02001897,Sparkbrook North,18375
E02001898,Lyndon Green,32201
E02001899,Harborne West,37158
E02001900,Five Ways South,26490
E02001901,Harborne East,39882
E02001902,Yardley South,30571
E02001903,Sparkbrook South,19687
E02001904,Hay Mills,24036
E02001905,Edgbaston South,30630
E02001906,Quinton Ridgacre,31347
E02001907,Sheldon South,30292
E02001908,Sparkhill North,18967
E02001909,Balsall Heath East,20569
E02001910,Balsall Heath West,20856
E02001911,Quinton East,26225
E02001913,Metchley,26959
E02001914,Moor Green,29184
E02001915,Acocks Green East,27411
E02001916,Acocks Green West,23409
E02001918,Moseley Village,29037
E02001919,Moseley,25704
E02001920,Woodgate Valley,26761
E02001921,California,28701
E02001922,Selly Oak,29719
E02001923,Springfield,25002
E02001924,Hall Green East,28745
E02001925,Selly Oak Park,30156
E02001926,Stirchley North,30585
E02001927,Weoley Castle,27293
E02001928,Woodgate,26984
E02001929,Fox Hollies,25614
E02001930,Kings Heath,35427
E02001931,Wake Green East,30567
E02001932,Bartley Green,26879
E02001933,Kings Heath Park,30220
E02001934,Hall Green Central,31540
E02001935,Shenley Lane,31128
E02001936,Brandwood North,37985
E02001937,Billesley Common,25853
E02001938,Bournville East,35047
E02001939,Bournville West,30174
E02001941,Yardley Wood West,26615
E02001942,Cotteridge,31646
E02001943,Brandwood East,30156
E02001944,Brandwood End,30383
E02001945,Allens Cross,27439
E02001946,Northfield Victoria Common,34153
E02001947,Druids Heath,23709
E02001948,Highter's Heath,32480
E02001949,Lifford,30128
E02001950,Longbridge North,31689
E02001951,Frankley,25556
E02001952,Turves Green,24541
E02001953,King's Norton,35621
E02001954,Hawkesley,25145
E02001955,Longbridge South,28456
E02001956,Rubery East,31156
E02001957,West Heath,32145
E02006807,Yardley Wood East,35553
E02006809,Handsworth Wood,33619
E02006895,Attwood Green,27402
E02006896,Digbeth,27291
E02006897,Five Ways North,25189
E02006898,Ladywood Summer Hill,29848
E02006899,Birmingham city centre,32110
E02006900,Bordesley,19332
E02007038,Birches Green,26213
E02007039,Greet,19489
E02007040,Sparkhill South,21448
E02001958,Longford,28022
E02001959,Keresley,34028
E02001961,Bell Green,24884
E02001962,Little Heath,27348
E02001963,Whitmore Park,30594
E02001964,Henley Green,25496
E02001965,Walsgrave,31367
E02001966,Foleshill West,22386
E02001967,Brownshill Green,37665
E02001968,Radford East,26883
E02001969,Radford West,28422
E02001970,Wyken Croft,31853
E02001971,Coundon,31268
E02001972,Foleshill East,22944
E02001973,Stoke Heath (CV2),25095
E02001974,Sherbourne,36954
E02001975,Ravensdale,32366
E02001976,Clifford Park,28976
E02001977,Naul's Mill,24708
E02001978,Barras Heath,33127
E02001979,Allesley Park,34012
E02001980,Allesley Green,38115
E02001981,Hillfields,21759
E02001982,Eastern Green,34021
E02001983,Whoberley,35091
E02001984,Copsewood,33671
E02001985,Lower Stoke,24201
E02001986,Tile Hill,26459
E02001987,Chapelfields,27781
E02001988,Central Coventry,25186
E02001989,Earl Place,33994
E02001990,Binley,34906
E02001991,Earlsdon,37298
E02001992,Ernesford Grange,26627
E02001993,Canley,29075
E02001994,Cheylesmore Daventry Road,31690
E02001995,Whitley,28657
E02001996,Willenhall,24625
E02001997,Stivichall,37382
E02001998,Finham Park,37166
E02001999,Cannon Park,35150
E02006805,Holbrooks,27391
E02002000,Coseley Wallbrook,28404
E02002001,Sedgley East,27741
E02002002,Sedgley West,36496
E02002003,West Coseley,29402
E02002004,Woodsetton,28006
E02002005,Dudley Priory,26519
E02002006,Upper Gornal,27762
E02002007,Lower Gornal,31705
E02002008,Dibdale,34322
E02002009,Kates Hill,23906
E02002010,New Dock,25128
E02002011,Kingswinford North,34687
E02002012,Russell's Hall,26061
E02002013,Wall Heath,36093
E02002014,Dixons Green,28066
E02002015,Pensett,31867
E02002016,Brockmoor,26565
E02002017,Netherton,27100
E02002018,Kingswinford South,35439
E02002019,Dudley Wood,26218
E02002020,Wordsley,33852
E02002021,Brierley Hill,24569
E02002022,Hawbush,28616
E02002023,Ashwood,30559
E02002024,Quarry Bank,31023
E02002025,Shell Corner,30525
E02002026,Amblecote East,30929
E02002027,Withymoor Village,34365
E02002028,Wollaston,33974
E02002029,Quinton West,35635
E02002030,Amblecote West,28830
E02002031,Cradley West,26887
E02002032,Cradley East,28886
E02002033,Hawne,31600
E02002034,Stourbridge Town,32830
E02002035,Halesowen East,38036
E02002036,Lye,25360
E02002037,Norton North,32069
E02002038,Halesowen Town,30446
E02002039,Oldswinford,35406
E02002040,Norton South,38944
E02002041,Pedmore Fields,36196
E02002042,Hayley Green,36169
E02002043,Wood Green,27866
E02002044,Yew Tree,27691
E02002045,Woods,27294
E02002046,Friar Park,24345
E02002047,Wednesbury,27362
E02002048,Great Barr,35448
E02002049,Princes End,27200
E02002051,Ocker Hill,25412
E02002052,Stone Cross,27939
E02002053,Hamstead East,31196
E02002054,Hamstead West,33079
E02002055,Wednesbury South,27156
E02002056,Tibbington,25915
E02002057,Tipton,25659
E02002058,Great Bridge,27001
E02002059,West Bromwich North,26398
E02002060,Greets Green West,25206
E02002061,Greets Green East,23555
E02002062,West Bromwich East,25101
E02002063,North Tividale,29142
E02002064,Tividale,28013
E02002065,Smethwick North,25226
E02002066,Oldbury,25604
E02002067,Rowley West,29782
E02002069,Whiteheath,27171
E02002070,Smethwick South,25831
E02002071,Rowley East,27310
E02002072,Langley Green,32075
E02002073,Warley East,26566
E02002074,Warley West,28617
E02002075,Blackheath,27028
E02002076,Bearwood,33516
E02002077,Old Hill,28298
E02002078,Warley South,34892
E02002079,Brandhall,28644
E02002080,Cradley Heath,29327
E02006810,Charlemont,30374
E02006943,Smethwick East,23934
E02006944,Smethwick South East,24076
E02002081,Castle Bromwich West,33420
E02002082,Smith's Wood North,25745
E02002083,Castle Bromwich East,35311
E02002084,Smith's Wood South,27640
E02002085,Kingshurst,27359
E02002086,Chelmsley Wood West,24515
E02002087,Fordbridge,26291
E02002088,Chelmsley Wood East,26486
E02002089,Marston Green,33577
E02002090,Lyndon North,33585
E02002091,Elmdon Park,32719
E02002092,Lyndon South,31944
E02002093,Olton,30959
E02002094,Ulverley Green,38586
E02002095,Elmdon Heath,33780
E02002096,Lode Heath,35190
E02002097,Meriden,37478
E02002098,Shirley East,35688
E02002099,Central Solihull,36526
E02002101,Solihull Lodge,34412
E02002102,Blossomfield,34873
E02002103,Shirley Heath,38225
E02002104,Monkspath North,44332
E02002105,Balsall Common,41071
E02002106,Knowle,41683
E02002107,Monkspath South,42396
E02002108,Dorridge,42198
E02002109,Dickens Heath,38413
E02006808,Shirley West,34979
E02002110,Brownhills West,29618
E02002111,Brownhills,26629
E02002112,Pelsall North,31219
E02002113,Walsall Wood,28290
E02002114,Pelsall South,32448
E02002115,Little Bloxwich,27331
E02002116,Aldridge North,35494
E02002117,Bloxwich Central,29527
E02002118,Bloxwich North West,24792
E02002119,Shelfield,30199
E02002120,Ashmore,29264
E02002121,Blakenall North,24667
E02002122,Blakenall South,26102
E02002123,New Invention,29003
E02002124,Aldridge Central,28540
E02002125,Rushall,28747
E02002126,Bloxwich South,23091
E02002127,Walsall Ryecroft,26201
E02002128,Short Heath East,29118
E02002129,Short Heath West,30439
E02002130,Leamore,24792
E02002131,Aldridge South,36179
E02002132,Bentley,26216
E02002133,Walsall North East,29556
E02002134,Willenhall Park,26659
E02002135,Walsall West,23620
E02002136,Willenhall Town,27592
E02002137,Streetly North,38797
E02002138,Walsall East,30811
E02002139,Walsall Central,23817
E02002140,Pleck,23815
E02002141,Streetly South,38022
E02002142,Darlaston East,25737
E02002143,Palfrey,20880
E02002144,Walsall South East,36473
E02002145,Darlaston Central,25831
E02002146,The Delves,27406
E02002147,Darlaston West,25968
E02002148,Pheasey,33497
E02002149,Bushbury,28972
E02002150,Fordhouses,28301
E02002151,Pendeford,26258
E02002152,Bushbury Hill,27096
E02002153,Ashmore Park,28358
E02002154,Oxley Park,31107
E02002155,Low Hill,25363
E02002156,Wood End,29896
E02002157,Tettenhall North,34345
E02002158,Wednesfield North East,28679
E02002159,Park Lane,26002
E02002160,Wednesfield Town,30455
E02002161,Whitmore Reans,25477
E02002162,Tettenhall South,34986
E02002163,Heath Town,25425
E02002164,Waterloo Road,22612
E02002165,West Park,27082
E02002166,East Park,25253
E02002167,Castlecroft,30125
E02002168,Wolverhampton Central,24497
E02002169,Compton,39258
E02002170,Bilston North West,26821
E02002171,Bilston North East,26323
E02002174,Bradmore,35670
E02002175,Bilston Lunt,25487
E02002176,Merryhill South,29731
E02002177,Ettingshall,27326
E02002178,Goldthorn Park,36171
E02002179,Upper Penn,35303
E02002180,Ettingshall Park,29041
E02002181,Bradley,25995
E02002182,Woodcross,28016
E02006894,Blakenhall,26356
