date,geography,geography code,Household deprivation: Total: All households; measures: Value,Household deprivation: Household is not deprived in any dimension; measures: Value,Household deprivation: Household is deprived in one dimension; measures: Value,Household deprivation: Household is deprived in two dimensions; measures: Value,Household deprivation: Household is deprived in three dimensions; measures: Value,Household deprivation: Household is deprived in four dimensions; measures: Value
2021,Derby 014,E02002809,3014,1421,983,482,121,7
2021,Derby 017,E02002812,3010,1559,982,372,93,4
2021,Derby 018,E02002813,3947,1248,1403,860,406,30
2021,Derby 019,E02002814,3227,1704,1130,337,55,1
2021,Derby 020,E02002815,2506,837,941,514,203,11
2021,Derby 021,E02002816,3379,2011,1016,288,63,1
2021,Derby 022,E02002817,2372,1147,847,325,52,1
2021,Derby 023,E02002818,2904,992,1013,656,228,15
2021,Derby 024,E02002819,3545,1640,1212,522,162,9
2021,Derby 025,E02002820,4136,1692,1488,725,218,13
2021,Derby 026,E02002821,4538,1556,1560,1031,368,23
2021,Derby 027,E02002822,2724,1219,946,460,94,5
2021,Derby 028,E02002823,3274,1322,1140,616,184,12
2021,Derby 029,E02002824,3984,1521,1442,763,244,14
2021,Derby 030,E02002825,3653,1804,1187,536,124,2
2021,Derby 031,E02002826,2910,1614,868,339,87,2
2021,Derbyshire Dales 010,E02004077,3308,1882,1079,315,31,1
2021,Erewash 009,E02004086,3149,1650,1062,376,56,5
2021,Erewash 011,E02004088,3225,1836,1048,296,43,2
2021,Erewash 013,E02004090,2794,1432,962,332,67,1
2021,Erewash 014,E02004091,4180,2182,1418,482,94,4
2021,Erewash 015,E02004092,4185,1959,1426,634,162,4
2021,South Derbyshire 001,E02004118,3128,1906,911,271,38,2
2021,South Derbyshire 002,E02004119,4898,3044,1409,393,49,3
2021,South Derbyshire 003,E02004120,4486,2609,1349,456,70,2
2021,South Derbyshire 004,E02004121,3874,2362,1158,306,47,1
2021,South Derbyshire 005,E02004122,2727,1726,797,175,29,0
2021,South Derbyshire 006,E02004123,3050,1753,910,334,49,4
2021,South Derbyshire 007,E02004124,3196,1476,1065,516,134,5
2021,South Derbyshire 008,E02004125,3798,1643,1338,648,163,6
2021,South Derbyshire 009,E02004126,3384,1500,1186,551,143,4
2021,South Derbyshire 011,E02004128,4887,2490,1651,642,101,3
2021,South Derbyshire 012,E02006919,4481,2365,1443,536,132,5
2021,South Derbyshire 013,E02006920,3335,1672,1088,472,102,1
2021,Blaby 003,E02005335,3079,1735,996,304,40,4
2021,Blaby 010,E02005342,3134,1645,1087,342,59,1
2021,Blaby 012,E02005344,3899,2237,1216,372,68,6
2021,Charnwood 005,E02005349,3432,1812,1105,419,94,2
2021,Charnwood 006,E02005350,3059,1604,1016,358,78,3
2021,Harborough 006,E02005372,4146,2559,1205,329,52,1
2021,Hinckley and Bosworth 001,E02005377,3908,2019,1362,448,74,5
2021,Hinckley and Bosworth 004,E02005380,3692,2072,1169,381,69,1
2021,Hinckley and Bosworth 005,E02005381,3681,1962,1203,446,68,2
2021,Hinckley and Bosworth 006,E02005382,4655,2152,1637,706,158,2
2021,Hinckley and Bosworth 007,E02005383,4073,1864,1461,604,132,12
2021,Hinckley and Bosworth 008,E02005384,3030,1705,969,297,57,2
2021,Hinckley and Bosworth 009,E02005385,2846,1548,976,281,40,1
2021,Hinckley and Bosworth 010,E02005386,4303,2068,1430,626,168,11
2021,Hinckley and Bosworth 011,E02005387,4314,2237,1399,552,118,8
2021,Hinckley and Bosworth 012,E02005388,2816,1311,980,429,91,5
2021,Hinckley and Bosworth 013,E02005389,2700,1228,941,430,97,4
2021,Hinckley and Bosworth 014,E02005390,4554,2632,1463,406,51,2
2021,North West Leicestershire 001,E02005397,4087,2245,1291,460,86,5
2021,North West Leicestershire 002,E02005398,2960,1671,941,299,48,1
2021,North West Leicestershire 003,E02005399,3643,2110,1092,346,89,6
2021,North West Leicestershire 004,E02005400,2584,1226,957,344,56,1
2021,North West Leicestershire 005,E02005401,2705,1571,824,264,45,1
2021,North West Leicestershire 006,E02005402,2890,1564,898,360,64,4
2021,North West Leicestershire 007,E02005403,2991,1405,1072,423,87,4
2021,North West Leicestershire 008,E02005404,3690,1861,1210,503,109,7
2021,North West Leicestershire 009,E02005405,3004,1185,1076,581,152,10
2021,North West Leicestershire 010,E02005406,3377,1522,1198,520,134,3
2021,North West Leicestershire 011,E02005407,4546,2512,1493,462,78,1
2021,North West Leicestershire 012,E02005408,3380,1708,1162,420,86,4
2021,North West Leicestershire 013,E02005409,5112,2598,1696,687,127,4
2021,Herefordshire 001,E02002905,2769,1491,935,305,36,2
2021,Herefordshire 004,E02002908,3916,2069,1377,423,45,2
2021,Herefordshire 005,E02002909,4857,2319,1757,664,112,5
2021,Telford and Wrekin 001,E02002928,2557,1324,868,304,60,1
2021,Telford and Wrekin 002,E02002929,2454,1392,781,242,39,0
2021,Telford and Wrekin 003,E02002930,3105,1534,1076,427,68,0
2021,Telford and Wrekin 004,E02002931,2693,1456,887,292,55,3
2021,Telford and Wrekin 005,E02002932,3555,1381,1274,666,227,7
2021,Telford and Wrekin 006,E02002933,3475,1741,1193,462,76,3
2021,Telford and Wrekin 007,E02002934,2567,1276,830,375,81,5
2021,Telford and Wrekin 008,E02002935,2877,1137,1092,529,113,6
2021,Telford and Wrekin 009,E02002936,4172,1970,1356,669,167,10
2021,Telford and Wrekin 010,E02002937,4550,2479,1514,461,94,2
2021,Telford and Wrekin 011,E02002938,2867,1135,1027,549,146,10
2021,Telford and Wrekin 012,E02002939,3504,1645,1142,541,164,12
2021,Telford and Wrekin 013,E02002940,2714,1146,951,484,129,4
2021,Telford and Wrekin 014,E02002941,4653,1937,1636,827,244,9
2021,Telford and Wrekin 015,E02002942,3008,1824,891,257,34,2
2021,Telford and Wrekin 017,E02002944,3508,1238,1242,772,248,8
2021,Telford and Wrekin 018,E02002945,3759,1546,1353,702,155,3
2021,Telford and Wrekin 019,E02002946,3491,1430,1257,615,181,8
2021,Telford and Wrekin 020,E02002947,2752,1044,936,575,187,10
2021,Telford and Wrekin 021,E02002948,2774,925,975,686,182,6
2021,Telford and Wrekin 022,E02002949,2565,1044,912,465,138,6
2021,Telford and Wrekin 023,E02002950,2394,812,868,540,169,5
2021,Telford and Wrekin 024,E02007050,3251,1802,960,376,109,4
2021,Telford and Wrekin 025,E02007051,3267,1972,905,314,73,3
2021,Shropshire 025,E02006008,4520,2561,1349,517,91,2
2021,Shropshire 027,E02006009,2734,1324,973,380,56,1
2021,Shropshire 029,E02006010,5178,2557,1782,690,143,6
2021,Shropshire 031,E02006011,2638,1267,939,357,70,5
2021,Shropshire 033,E02006012,2923,1446,1028,360,81,8
2021,Shropshire 034,E02006013,3238,1698,1096,388,54,2
2021,Shropshire 035,E02006014,4127,1898,1540,591,94,4
2021,Shropshire 002,E02006016,3412,1752,1157,446,53,4
2021,Shropshire 005,E02006018,5467,2506,1958,768,224,11
2021,Shropshire 009,E02006020,2597,1378,867,277,72,3
2021,Shropshire 013,E02006022,2447,1326,797,275,49,0
2021,Shropshire 024,E02006038,3597,1949,1181,403,61,3
2021,Shropshire 028,E02006040,3168,1772,1040,307,48,1
2021,Shropshire 036,E02006043,2949,1419,1095,355,77,3
2021,Shropshire 039,E02006046,3877,1932,1376,492,73,4
2021,Cannock Chase 001,E02006118,3167,1617,1136,360,53,1
2021,Cannock Chase 002,E02006119,3591,1420,1217,732,216,6
2021,Cannock Chase 003,E02006120,3922,1693,1388,687,150,4
2021,Cannock Chase 004,E02006121,2536,1141,860,425,107,3
2021,Cannock Chase 005,E02006122,3536,1717,1145,534,138,2
2021,Cannock Chase 006,E02006123,2668,1342,913,337,74,2
2021,Cannock Chase 007,E02006124,3110,1113,1076,680,226,15
2021,Cannock Chase 008,E02006125,3314,1250,1217,643,194,10
2021,Cannock Chase 009,E02006126,3559,1795,1147,512,101,4
2021,Cannock Chase 010,E02006127,2778,1732,775,232,39,0
2021,Cannock Chase 011,E02006128,3913,1765,1345,648,151,4
2021,Cannock Chase 012,E02006129,3844,1511,1332,769,218,14
2021,Cannock Chase 013,E02006130,3521,1710,1147,545,117,2
2021,East Staffordshire 001,E02006131,3194,1682,1050,397,59,6
2021,East Staffordshire 002,E02006132,2926,1447,999,376,97,7
2021,East Staffordshire 003,E02006133,3080,1605,1034,358,82,1
2021,East Staffordshire 004,E02006134,4515,2526,1445,452,85,7
2021,East Staffordshire 005,E02006135,3414,1799,1178,378,55,4
2021,East Staffordshire 006,E02006136,3378,1971,1076,298,33,0
2021,East Staffordshire 007,E02006137,3787,1645,1285,651,197,9
2021,East Staffordshire 008,E02006138,3078,1352,1059,511,150,6
2021,East Staffordshire 009,E02006139,3326,1361,1224,591,141,9
2021,East Staffordshire 010,E02006140,3454,1542,1211,547,143,11
2021,East Staffordshire 011,E02006141,4891,2056,1850,780,197,8
2021,East Staffordshire 012,E02006142,2252,1275,720,222,31,4
2021,East Staffordshire 013,E02006143,3776,2165,1161,377,70,3
2021,East Staffordshire 014,E02006144,3687,1478,1290,677,224,18
2021,East Staffordshire 015,E02006145,2537,1414,826,267,29,1
2021,Lichfield 001,E02006146,3776,1913,1278,490,90,5
2021,Lichfield 002,E02006147,3462,2009,1052,339,61,1
2021,Lichfield 003,E02006148,3011,1696,957,324,29,5
2021,Lichfield 004,E02006149,5054,2157,1776,882,223,16
2021,Lichfield 005,E02006150,5118,2800,1701,525,88,4
2021,Lichfield 006,E02006151,4252,2038,1436,632,135,11
2021,Lichfield 007,E02006152,4546,2623,1362,459,97,5
2021,Lichfield 008,E02006153,3763,2292,1105,319,44,3
2021,Lichfield 009,E02006154,4230,2039,1508,605,75,3
2021,Lichfield 010,E02006155,2422,976,863,457,119,7
2021,Lichfield 011,E02006156,3166,1833,1017,282,34,0
2021,Lichfield 012,E02006157,2830,1357,913,445,113,2
2021,Newcastle-under-Lyme 016,E02006173,2995,1688,986,280,39,2
2021,South Staffordshire 001,E02006174,4697,2466,1538,589,102,2
2021,South Staffordshire 002,E02006175,2784,1306,947,447,82,2
2021,South Staffordshire 003,E02006176,3185,1662,1087,362,72,2
2021,South Staffordshire 004,E02006177,4203,1993,1503,596,110,1
2021,South Staffordshire 005,E02006178,3225,1401,1123,553,142,6
2021,South Staffordshire 006,E02006179,2856,1418,967,397,71,3
2021,South Staffordshire 007,E02006180,2775,1257,914,476,124,4
2021,South Staffordshire 008,E02006181,2556,1120,916,401,113,6
2021,South Staffordshire 009,E02006182,2914,1690,951,240,32,1
2021,South Staffordshire 012,E02006185,3188,1421,1091,540,132,4
2021,South Staffordshire 013,E02006186,5283,2896,1746,561,78,2
2021,South Staffordshire 014,E02006187,3122,1651,1065,355,51,0
2021,South Staffordshire 015,E02006982,5339,2912,1669,660,95,3
2021,Stafford 002,E02006189,3115,1706,1003,358,47,1
2021,Stafford 003,E02006190,5105,2617,1650,684,145,9
2021,Stafford 004,E02006191,3475,2039,1096,294,45,1
2021,Stafford 005,E02006192,3946,2320,1197,361,66,2
2021,Stafford 006,E02006193,3243,1759,1121,320,41,2
2021,Stafford 007,E02006194,3625,1749,1266,479,122,9
2021,Stafford 008,E02006195,3861,2182,1268,360,50,1
2021,Stafford 009,E02006196,2920,1416,951,454,96,3
2021,Stafford 010,E02006197,4886,2300,1629,733,208,16
2021,Stafford 011,E02006198,3686,2184,1116,345,41,0
2021,Stafford 012,E02006199,3583,2032,1154,346,48,3
2021,Stafford 013,E02006200,3464,1379,1242,646,190,7
2021,Stafford 014,E02006201,5098,3020,1629,413,36,0
2021,Stafford 015,E02006202,4052,2215,1335,419,77,6
2021,Stafford 016,E02006203,3417,1539,1133,573,158,14
2021,Tamworth 001,E02006217,4187,2107,1451,533,94,2
2021,Tamworth 002,E02006218,4109,1527,1437,899,244,2
2021,Tamworth 003,E02006219,3388,1582,1162,507,134,3
2021,Tamworth 004,E02006220,3183,1363,1135,570,109,6
2021,Tamworth 005,E02006221,2510,1288,837,307,75,3
2021,Tamworth 006,E02006222,2796,1144,1038,506,104,4
2021,Tamworth 007,E02006223,2654,882,962,589,214,7
2021,Tamworth 008,E02006224,3009,1579,980,369,76,5
2021,Tamworth 009,E02006225,3039,1555,1063,358,61,2
2021,Tamworth 010,E02006226,4022,2005,1319,587,105,6
2021,North Warwickshire 001,E02006468,4521,2245,1520,647,104,5
2021,North Warwickshire 002,E02006469,3604,1542,1275,648,133,6
2021,North Warwickshire 003,E02006470,5239,2138,1956,889,246,10
2021,North Warwickshire 004,E02006471,2924,1493,1019,345,64,3
2021,North Warwickshire 005,E02006472,4104,1951,1415,580,152,6
2021,North Warwickshire 006,E02006473,4533,2327,1535,547,122,2
2021,North Warwickshire 007,E02006474,2656,1336,915,336,67,2
2021,Nuneaton and Bedworth 001,E02006475,4025,2191,1263,471,98,2
2021,Nuneaton and Bedworth 002,E02006476,3980,1649,1369,737,216,9
2021,Nuneaton and Bedworth 003,E02006477,3473,2050,1068,299,53,3
2021,Nuneaton and Bedworth 004,E02006478,3404,1811,1082,425,83,3
2021,Nuneaton and Bedworth 005,E02006479,4121,1549,1478,788,281,25
2021,Nuneaton and Bedworth 006,E02006480,3218,1283,1145,617,164,9
2021,Nuneaton and Bedworth 007,E02006481,3037,1212,1121,563,135,6
2021,Nuneaton and Bedworth 008,E02006482,3026,1501,1016,432,72,5
2021,Nuneaton and Bedworth 009,E02006483,3198,1109,1193,675,205,16
2021,Nuneaton and Bedworth 010,E02006484,3386,1549,1116,540,167,14
2021,Nuneaton and Bedworth 011,E02006485,2810,1539,928,311,32,0
2021,Nuneaton and Bedworth 012,E02006486,3074,1326,1080,525,134,9
2021,Nuneaton and Bedworth 013,E02006487,3052,1108,1123,629,186,6
2021,Nuneaton and Bedworth 014,E02006488,2801,1270,1034,416,79,2
2021,Nuneaton and Bedworth 015,E02006489,3367,1455,1190,555,154,13
2021,Nuneaton and Bedworth 016,E02006490,3115,1355,1108,512,132,8
2021,Nuneaton and Bedworth 018,E02006806,3495,1538,1264,532,144,17
2021,Rugby 003,E02006494,3280,1361,1179,556,176,8
2021,Rugby 004,E02006495,3327,1787,1144,355,41,0
2021,Rugby 006,E02006497,3455,1603,1220,487,141,4
2021,Rugby 007,E02006498,5340,2964,1715,560,98,3
2021,Rugby 012,E02006503,4225,2470,1295,392,68,0
2021,Rugby 013,E02007048,3027,1729,956,300,40,2
2021,Stratford-on-Avon 001,E02006504,2380,1428,743,192,17,0
2021,Stratford-on-Avon 002,E02006505,3233,1698,1129,358,47,1
2021,Stratford-on-Avon 003,E02006506,2646,1311,905,358,70,2
2021,Stratford-on-Avon 004,E02006507,4805,2754,1513,458,77,3
2021,Stratford-on-Avon 005,E02006508,4679,2844,1381,398,56,0
2021,Stratford-on-Avon 006,E02006509,2806,1395,928,395,83,5
2021,Stratford-on-Avon 007,E02006510,2968,1705,959,261,41,2
2021,Stratford-on-Avon 008,E02006511,4548,2621,1404,438,85,0
2021,Stratford-on-Avon 009,E02006512,5708,3051,1844,653,160,0
2021,Stratford-on-Avon 010,E02006513,3651,2202,1086,309,53,1
2021,Stratford-on-Avon 011,E02006514,4236,2346,1375,429,86,0
2021,Stratford-on-Avon 013,E02006516,4184,2462,1299,346,75,2
2021,Warwick 001,E02006519,3672,2259,1128,252,32,1
2021,Warwick 002,E02006520,3636,2246,1072,277,39,2
2021,Warwick 003,E02006521,3206,1767,1078,310,50,1
2021,Warwick 004,E02006522,2455,1533,736,168,15,3
2021,Warwick 005,E02006523,4331,2570,1334,384,41,2
2021,Warwick 006,E02006524,2367,1089,782,374,114,8
2021,Warwick 007,E02006525,5901,3594,1740,472,90,5
2021,Warwick 008,E02006526,3892,2023,1255,474,126,14
2021,Warwick 009,E02006527,4190,2560,1174,349,92,15
2021,Warwick 010,E02006528,4818,2550,1490,588,175,15
2021,Warwick 011,E02006529,5601,3242,1572,618,157,12
2021,Warwick 012,E02006530,5577,3459,1532,465,115,6
2021,Warwick 013,E02006531,4069,1793,1377,676,205,18
2021,Warwick 014,E02006532,4735,2982,1323,345,82,3
2021,Warwick 015,E02006533,4167,2288,1325,475,74,5
2021,Bromsgrove 001,E02006696,2874,1797,823,236,18,0
2021,Bromsgrove 002,E02006697,3085,1747,980,306,52,0
2021,Bromsgrove 003,E02006698,2691,1317,980,345,48,1
2021,Bromsgrove 004,E02006699,2554,1302,856,344,51,1
2021,Bromsgrove 005,E02006700,2575,1401,876,260,38,0
2021,Bromsgrove 006,E02006701,2916,1906,791,190,27,2
2021,Bromsgrove 007,E02006702,2586,1229,898,368,87,4
2021,Bromsgrove 008,E02006703,3230,1943,952,279,53,3
2021,Bromsgrove 009,E02006704,2881,1561,978,282,59,1
2021,Bromsgrove 010,E02006705,3163,1578,1016,460,103,6
2021,Bromsgrove 011,E02006706,3272,1492,1160,513,104,3
2021,Bromsgrove 012,E02006707,2674,1718,779,155,21,1
2021,Bromsgrove 013,E02006708,3450,1667,1105,521,150,7
2021,Bromsgrove 014,E02006709,3312,1928,1026,298,58,2
2021,Malvern Hills 001,E02006710,3654,1893,1253,428,79,1
2021,Malvern Hills 002,E02006711,3523,1967,1160,335,59,2
2021,Malvern Hills 003,E02006712,3186,1806,1046,291,43,0
2021,Redditch 001,E02006721,2792,1500,922,313,51,6
2021,Redditch 002,E02006722,2324,853,887,430,143,11
2021,Redditch 003,E02006723,3857,1797,1254,621,174,11
2021,Redditch 004,E02006724,2788,1001,1002,610,163,12
2021,Redditch 005,E02006725,2396,953,893,407,127,16
2021,Redditch 006,E02006726,2640,1179,937,407,107,10
2021,Redditch 007,E02006727,2493,1175,946,314,55,3
2021,Redditch 008,E02006728,3268,1853,1018,338,56,3
2021,Redditch 009,E02006729,3032,1425,1050,445,105,7
2021,Redditch 010,E02006730,2606,1004,969,468,155,10
2021,Redditch 011,E02006731,2602,1200,905,392,101,4
2021,Redditch 012,E02006732,2994,1617,954,371,51,1
2021,Redditch 013,E02006733,2588,1499,774,264,50,1
2021,Worcester 001,E02006734,3551,2045,1119,342,43,2
2021,Worcester 002,E02006735,2424,734,857,585,237,11
2021,Worcester 003,E02006736,2813,1681,826,252,52,2
2021,Worcester 004,E02006737,3717,1908,1260,434,115,0
2021,Worcester 005,E02006738,3718,1393,1313,751,253,8
2021,Worcester 006,E02006739,2107,1049,755,262,39,2
2021,Worcester 007,E02006740,3844,1870,1267,553,138,16
2021,Worcester 008,E02006741,2457,1494,724,198,38,3
2021,Wychavon 001,E02006748,3653,2032,1107,402,97,15
2021,Wychavon 002,E02006749,2244,909,794,431,109,1
2021,Wychavon 003,E02006750,2674,1264,932,391,85,2
2021,Wychavon 004,E02006751,2605,1174,917,396,114,4
2021,Wychavon 005,E02006752,3452,2007,1093,305,43,4
2021,Wychavon 006,E02006753,3077,1721,942,337,72,5
2021,Wychavon 007,E02006754,2420,1490,724,174,29,3
2021,Wychavon 008,E02006755,2475,1400,855,196,22,2
2021,Wyre Forest 001,E02006767,4083,1979,1400,566,131,7
2021,Wyre Forest 002,E02006768,2996,1426,1051,422,95,2
2021,Wyre Forest 003,E02006769,3063,1629,1063,324,46,1
2021,Wyre Forest 004,E02006770,3812,1530,1296,713,260,13
2021,Wyre Forest 005,E02006771,3101,1473,1108,420,96,4
2021,Wyre Forest 006,E02006772,2917,1314,1018,462,119,4
2021,Wyre Forest 007,E02006773,3791,1632,1379,604,171,5
2021,Wyre Forest 008,E02006774,3447,1614,1171,520,128,14
2021,Wyre Forest 009,E02006775,2529,884,811,629,195,10
2021,Wyre Forest 010,E02006776,2843,1473,936,364,69,1
2021,Wyre Forest 011,E02006777,3364,1632,1187,469,69,7
2021,Wyre Forest 012,E02006778,3012,1453,1059,414,82,4
2021,Wyre Forest 013,E02006779,3642,1679,1265,548,129,21
2021,Wyre Forest 014,E02006780,2722,1082,1015,474,140,11
2021,Birmingham 001,E02001827,2634,1433,818,327,55,1
2021,Birmingham 002,E02001828,3130,1664,1031,347,83,5
2021,Birmingham 003,E02001829,3569,2244,1035,243,44,3
2021,Birmingham 004,E02001830,3988,2468,1139,321,59,1
2021,Birmingham 005,E02001831,4493,1994,1484,767,229,19
2021,Birmingham 006,E02001832,3432,1871,1143,359,54,5
2021,Birmingham 007,E02001833,2291,1202,783,259,46,1
2021,Birmingham 008,E02001834,2408,935,855,462,147,9
2021,Birmingham 009,E02001835,3655,2108,1102,372,69,4
2021,Birmingham 010,E02001836,3703,2033,1181,413,75,1
2021,Birmingham 011,E02001837,4037,1181,1435,1023,370,28
2021,Birmingham 012,E02001838,3168,1844,999,291,34,0
2021,Birmingham 013,E02001839,2823,1176,990,501,151,5
2021,Birmingham 014,E02001840,3807,1217,1331,861,373,25
2021,Birmingham 015,E02001841,2377,1420,724,205,28,0
2021,Birmingham 016,E02001842,3179,1577,1057,475,66,4
2021,Birmingham 017,E02001843,2839,1211,1020,511,95,2
2021,Birmingham 018,E02001844,4433,2176,1444,636,172,5
2021,Birmingham 019,E02001845,2725,1364,889,392,77,3
2021,Birmingham 020,E02001846,3293,1213,1162,648,256,14
2021,Birmingham 021,E02001847,2353,1171,791,328,63,0
2021,Birmingham 022,E02001848,2595,908,936,580,159,12
2021,Birmingham 023,E02001849,3722,1427,1332,720,219,24
2021,Birmingham 024,E02001850,3032,1363,1105,469,91,4
2021,Birmingham 025,E02001851,3850,1668,1256,721,195,10
2021,Birmingham 026,E02001852,2853,1091,1003,578,168,13
2021,Birmingham 029,E02001855,4212,1292,1456,1103,340,21
2021,Birmingham 030,E02001856,3609,1497,1241,669,185,17
2021,Birmingham 031,E02001857,5575,2033,1935,1150,421,36
2021,Birmingham 032,E02001858,3229,1141,1260,636,175,17
2021,Birmingham 033,E02001859,2933,927,1135,626,237,8
2021,Birmingham 034,E02001860,2736,938,1028,614,146,10
2021,Birmingham 035,E02001861,3482,1074,1286,832,271,19
2021,Birmingham 036,E02001862,3233,1097,1208,704,212,12
2021,Birmingham 037,E02001863,2445,639,934,594,263,15
2021,Birmingham 039,E02001865,3374,922,1347,841,253,11
2021,Birmingham 040,E02001866,2809,694,1010,751,332,22
2021,Birmingham 041,E02001867,2589,620,1018,671,267,13
2021,Birmingham 042,E02001868,2629,1050,969,472,134,4
2021,Birmingham 043,E02001869,2487,573,1007,659,230,18
2021,Birmingham 044,E02001870,3593,1113,1393,809,262,16
2021,Birmingham 045,E02001871,3559,1042,1318,860,314,25
2021,Birmingham 046,E02001872,3083,987,1105,723,247,21
2021,Birmingham 047,E02001873,3981,1258,1511,929,258,25
2021,Birmingham 048,E02001874,2684,611,1044,694,318,17
2021,Birmingham 049,E02001875,3295,1163,1168,723,229,12
2021,Birmingham 050,E02001876,3667,1312,1276,819,244,16
2021,Birmingham 051,E02001877,3154,699,1236,811,376,32
2021,Birmingham 052,E02001878,2710,764,1002,676,250,18
2021,Birmingham 053,E02001879,3050,931,1157,702,242,18
2021,Birmingham 054,E02001880,3432,1017,1189,859,348,19
2021,Birmingham 055,E02001881,2893,758,1071,737,307,20
2021,Birmingham 056,E02001882,3161,1059,1153,688,244,17
2021,Birmingham 057,E02001883,3626,1094,1266,877,359,30
2021,Birmingham 058,E02001884,2482,617,1026,601,228,10
2021,Birmingham 060,E02001886,3469,1598,1153,537,172,9
2021,Birmingham 062,E02001888,2548,856,911,557,206,18
2021,Birmingham 063,E02001889,2239,594,819,622,199,5
2021,Birmingham 064,E02001890,4406,2177,1439,603,159,28
2021,Birmingham 066,E02001892,3471,984,1314,812,343,18
2021,Birmingham 067,E02001893,3159,1218,1106,645,181,9
2021,Birmingham 069,E02001895,3536,1166,1240,813,282,35
2021,Birmingham 070,E02001896,2574,661,992,643,261,17
2021,Birmingham 071,E02001897,2886,615,1122,768,350,31
2021,Birmingham 072,E02001898,2630,1258,923,398,50,1
2021,Birmingham 073,E02001899,3549,2040,1019,403,80,7
2021,Birmingham 074,E02001900,2739,1158,896,473,196,16
2021,Birmingham 075,E02001901,3747,2391,952,309,90,5
2021,Birmingham 076,E02001902,2463,1098,887,358,113,7
2021,Birmingham 077,E02001903,2120,506,735,592,259,28
2021,Birmingham 078,E02001904,2625,886,1018,533,170,18
2021,Birmingham 079,E02001905,2648,1634,796,183,34,1
2021,Birmingham 080,E02001906,3878,1841,1367,548,117,5
2021,Birmingham 081,E02001907,4395,1976,1519,728,162,10
2021,Birmingham 082,E02001908,2211,537,836,582,244,12
2021,Birmingham 083,E02001909,2369,605,868,633,249,14
2021,Birmingham 084,E02001910,2343,619,838,655,220,11
2021,Birmingham 085,E02001911,3533,1222,1229,792,273,17
2021,Birmingham 087,E02001913,3176,1392,1078,523,175,8
2021,Birmingham 088,E02001914,2315,1100,705,388,116,6
2021,Birmingham 089,E02001915,4919,1982,1710,885,313,29
2021,Birmingham 090,E02001916,3376,1220,1238,681,218,19
2021,Birmingham 092,E02001918,3977,1914,1217,603,219,24
2021,Birmingham 093,E02001919,2617,1198,871,386,148,14
2021,Birmingham 094,E02001920,3238,1072,1129,764,253,20
2021,Birmingham 095,E02001921,3179,1344,1082,560,180,13
2021,Birmingham 096,E02001922,3505,1372,1414,603,108,8
2021,Birmingham 097,E02001923,3366,1282,1174,689,213,8
2021,Birmingham 098,E02001924,2503,1013,895,445,144,6
2021,Birmingham 099,E02001925,2837,1400,955,379,98,5
2021,Birmingham 100,E02001926,3093,1573,1022,403,90,5
2021,Birmingham 101,E02001927,3011,1040,1070,664,223,14
2021,Birmingham 102,E02001928,3001,998,1067,713,215,8
2021,Birmingham 103,E02001929,3729,1236,1332,847,297,17
2021,Birmingham 104,E02001930,3210,1740,994,360,110,6
2021,Birmingham 105,E02001931,3168,1450,1129,461,117,11
2021,Birmingham 106,E02001932,3075,1120,1016,636,283,20
2021,Birmingham 107,E02001933,3151,1362,1073,549,160,7
2021,Birmingham 108,E02001934,2291,1146,767,316,58,4
2021,Birmingham 109,E02001935,3279,1463,1132,562,121,1
2021,Birmingham 110,E02001936,2552,1297,840,339,75,1
2021,Birmingham 111,E02001937,3261,1183,1153,672,240,13
2021,Birmingham 112,E02001938,3514,1808,1136,436,125,9
2021,Birmingham 113,E02001939,3101,1204,1063,621,190,23
2021,Birmingham 115,E02001941,2522,942,852,546,172,10
2021,Birmingham 116,E02001942,3009,1363,1001,516,120,9
2021,Birmingham 117,E02001943,2639,1164,855,482,127,11
2021,Birmingham 118,E02001944,3410,1634,1095,515,160,6
2021,Birmingham 119,E02001945,3053,1071,1043,697,227,15
2021,Birmingham 120,E02001946,3208,1506,1125,453,114,10
2021,Birmingham 121,E02001947,2659,703,930,750,257,19
2021,Birmingham 122,E02001948,3050,1350,1036,526,129,9
2021,Birmingham 123,E02001949,2652,1179,911,439,117,6
2021,Birmingham 124,E02001950,3705,1684,1311,567,133,10
2021,Birmingham 125,E02001951,3914,1217,1373,960,337,27
2021,Birmingham 126,E02001952,4102,1264,1469,958,380,31
2021,Birmingham 127,E02001953,2921,1323,1020,455,115,8
2021,Birmingham 128,E02001954,3259,1043,1134,764,304,14
2021,Birmingham 129,E02001955,3536,1495,1187,678,168,8
2021,Birmingham 130,E02001956,2850,1308,991,439,104,8
2021,Birmingham 131,E02001957,3347,1586,1129,512,117,3
2021,Birmingham 132,E02006807,3029,1584,985,403,55,2
2021,Birmingham 133,E02006809,3142,1500,1059,489,92,2
2021,Birmingham 134,E02006895,4161,2185,1260,556,149,11
2021,Birmingham 135,E02006896,3158,1523,1100,396,122,17
2021,Birmingham 136,E02006897,4160,1861,1409,635,233,22
2021,Birmingham 137,E02006898,4249,2400,1196,449,188,16
2021,Birmingham 138,E02006899,4065,2527,1122,317,91,8
2021,Birmingham 139,E02006900,4055,1074,1555,1005,405,16
2021,Birmingham 141,E02007038,5264,1932,1905,1079,328,20
2021,Birmingham 142,E02007039,2171,582,874,528,182,5
2021,Birmingham 143,E02007040,2077,692,804,425,146,10
2021,Coventry 001,E02001958,3397,1425,1183,570,211,8
2021,Coventry 002,E02001959,2581,1194,894,421,68,4
2021,Coventry 004,E02001961,3267,1099,1174,694,282,18
2021,Coventry 005,E02001962,2498,1040,893,433,124,8
2021,Coventry 006,E02001963,2536,1122,856,418,130,10
2021,Coventry 007,E02001964,4132,1474,1400,875,353,30
2021,Coventry 008,E02001965,3389,1587,1140,523,132,7
2021,Coventry 009,E02001966,2245,742,825,475,189,14
2021,Coventry 010,E02001967,2866,1544,939,327,56,0
2021,Coventry 011,E02001968,2894,1285,1023,472,107,7
2021,Coventry 012,E02001969,2683,1031,937,540,165,10
2021,Coventry 013,E02001970,2537,1117,888,426,101,5
2021,Coventry 014,E02001971,2484,1282,806,318,74,4
2021,Coventry 015,E02001972,4066,1383,1474,871,303,35
2021,Coventry 016,E02001973,3489,1250,1248,724,242,25
2021,Coventry 017,E02001974,3944,2107,1321,440,71,5
2021,Coventry 018,E02001975,2905,1428,1011,390,76,0
2021,Coventry 019,E02001976,3132,1391,1058,511,157,15
2021,Coventry 020,E02001977,4186,1619,1458,771,317,21
2021,Coventry 021,E02001978,2584,1208,875,413,79,9
2021,Coventry 022,E02001979,2416,1276,816,283,40,1
2021,Coventry 023,E02001980,2567,1424,848,272,22,1
2021,Coventry 024,E02001981,4361,1460,1636,903,328,34
2021,Coventry 025,E02001982,3581,2026,1057,407,81,10
2021,Coventry 026,E02001983,3247,1608,1052,460,117,10
2021,Coventry 027,E02001984,3954,2023,1280,539,106,6
2021,Coventry 028,E02001985,3089,1232,1169,498,170,20
2021,Coventry 029,E02001986,3656,1356,1287,707,285,21
2021,Coventry 030,E02001987,2779,1343,940,411,78,7
2021,Coventry 031,E02001988,3437,1418,1209,576,204,30
2021,Coventry 032,E02001989,2531,1329,808,343,51,0
2021,Coventry 033,E02001990,3709,1968,1195,480,64,2
2021,Coventry 034,E02001991,3622,2052,1172,345,48,5
2021,Coventry 035,E02001992,4179,1589,1472,825,278,15
2021,Coventry 036,E02001993,3315,1490,1066,559,185,15
2021,Coventry 037,E02001994,3252,1610,1094,441,102,5
2021,Coventry 038,E02001995,4003,2038,1265,551,145,4
2021,Coventry 039,E02001996,3330,1104,1138,703,343,42
2021,Coventry 040,E02001997,3409,1822,1125,387,66,9
2021,Coventry 041,E02001998,2371,1339,768,234,30,0
2021,Coventry 042,E02001999,2190,1206,690,250,40,4
2021,Coventry 043,E02006805,3325,1315,1166,628,200,16
2021,Dudley 001,E02002000,3630,1413,1325,690,194,8
2021,Dudley 002,E02002001,2590,1158,865,444,119,4
2021,Dudley 003,E02002002,3025,1489,1057,426,52,1
2021,Dudley 004,E02002003,3819,1548,1379,698,186,8
2021,Dudley 005,E02002004,3121,1205,1082,638,188,8
2021,Dudley 006,E02002005,3622,1374,1209,766,260,13
2021,Dudley 007,E02002006,2892,1203,957,548,175,9
2021,Dudley 008,E02002007,3969,1724,1489,625,125,6
2021,Dudley 009,E02002008,3199,1815,964,370,47,3
2021,Dudley 010,E02002009,2636,928,887,597,213,11
2021,Dudley 011,E02002010,3624,1258,1333,791,229,13
2021,Dudley 012,E02002011,2603,1328,902,309,58,6
2021,Dudley 013,E02002012,3616,1158,1254,887,303,14
2021,Dudley 014,E02002013,2815,1386,961,401,65,2
2021,Dudley 015,E02002014,3168,1267,1119,591,182,9
2021,Dudley 016,E02002015,2949,1408,1009,426,103,3
2021,Dudley 017,E02002016,3318,1017,1244,777,271,9
2021,Dudley 018,E02002017,3420,1268,1242,684,220,6
2021,Dudley 019,E02002018,3706,1795,1361,491,58,1
2021,Dudley 020,E02002019,3087,1074,1142,669,195,7
2021,Dudley 021,E02002020,4226,2077,1471,577,96,5
2021,Dudley 022,E02002021,3735,1353,1291,822,258,11
2021,Dudley 023,E02002022,3723,1621,1258,662,171,11
2021,Dudley 024,E02002023,2331,1109,806,340,74,2
2021,Dudley 025,E02002024,3647,1562,1263,613,207,2
2021,Dudley 026,E02002025,3674,1665,1226,626,152,5
2021,Dudley 027,E02002026,2864,1309,1055,417,83,0
2021,Dudley 028,E02002027,2249,1291,731,207,19,1
2021,Dudley 029,E02002028,2623,1276,869,400,75,3
2021,Dudley 030,E02002029,2592,1305,891,334,61,1
2021,Dudley 031,E02002030,3025,1307,1053,533,128,4
2021,Dudley 032,E02002031,2564,1109,887,435,122,11
2021,Dudley 033,E02002032,4269,1793,1443,834,192,7
2021,Dudley 034,E02002033,3303,1617,1121,469,93,3
2021,Dudley 035,E02002034,3900,1908,1244,601,137,10
2021,Dudley 036,E02002035,2511,1387,790,290,44,0
2021,Dudley 037,E02002036,2877,970,1088,605,200,14
2021,Dudley 038,E02002037,2542,1225,835,398,80,4
2021,Dudley 039,E02002038,4414,1929,1543,749,184,9
2021,Dudley 040,E02002039,2655,1417,849,322,64,3
2021,Dudley 041,E02002040,2558,1419,817,289,31,2
2021,Dudley 042,E02002041,2634,1274,953,346,58,3
2021,Dudley 043,E02002042,3340,1783,1092,400,63,2
2021,Sandwell 001,E02002043,3223,1219,1080,648,268,8
2021,Sandwell 002,E02002044,2942,1236,1019,516,165,6
2021,Sandwell 003,E02002045,3186,1253,1088,648,188,9
2021,Sandwell 004,E02002046,2050,550,753,518,223,6
2021,Sandwell 005,E02002047,3092,1018,1133,696,236,9
2021,Sandwell 006,E02002048,2721,1354,920,374,69,4
2021,Sandwell 007,E02002049,2506,956,891,518,131,10
2021,Sandwell 009,E02002051,2241,683,821,554,174,9
2021,Sandwell 010,E02002052,4235,1496,1468,951,309,11
2021,Sandwell 011,E02002053,2542,1140,911,417,70,4
2021,Sandwell 012,E02002054,2314,1032,821,390,69,2
2021,Sandwell 013,E02002055,4179,1489,1508,851,310,21
2021,Sandwell 014,E02002056,3856,1274,1395,903,276,8
2021,Sandwell 015,E02002057,4277,1431,1485,1002,346,13
2021,Sandwell 016,E02002058,4976,2023,1671,958,309,15
2021,Sandwell 017,E02002059,4572,1567,1685,986,314,20
2021,Sandwell 018,E02002060,2630,830,950,606,235,9
2021,Sandwell 019,E02002061,2424,702,876,615,223,8
2021,Sandwell 020,E02002062,3493,1090,1262,856,259,26
2021,Sandwell 021,E02002063,3937,1663,1379,641,244,10
2021,Sandwell 022,E02002064,4817,2087,1637,840,239,14
2021,Sandwell 023,E02002065,4144,1365,1608,871,281,19
2021,Sandwell 024,E02002066,2921,990,1076,615,227,13
2021,Sandwell 025,E02002067,2504,1082,887,437,95,3
2021,Sandwell 027,E02002069,3165,1204,1036,670,247,8
2021,Sandwell 028,E02002070,3595,1128,1393,809,251,14
2021,Sandwell 029,E02002071,2734,1011,922,637,160,4
2021,Sandwell 030,E02002072,3607,1516,1235,640,206,10
2021,Sandwell 031,E02002073,2933,1011,1047,646,222,7
2021,Sandwell 032,E02002074,3164,1208,1098,681,176,1
2021,Sandwell 033,E02002075,3684,1415,1287,721,254,7
2021,Sandwell 034,E02002076,4535,2258,1459,683,127,8
2021,Sandwell 035,E02002077,4515,1664,1655,899,276,21
2021,Sandwell 036,E02002078,2592,1221,887,423,58,3
2021,Sandwell 037,E02002079,3534,1447,1246,657,169,15
2021,Sandwell 038,E02002080,3087,1225,1085,584,183,10
2021,Sandwell 039,E02006810,4315,1836,1499,776,196,8
2021,Sandwell 040,E02006943,2648,863,999,584,186,16
2021,Sandwell 041,E02006944,2354,853,886,421,189,5
2021,Solihull 001,E02002081,2366,1050,873,359,78,6
2021,Solihull 002,E02002082,2317,711,807,598,188,13
2021,Solihull 003,E02002083,2415,1196,849,330,36,4
2021,Solihull 004,E02002084,2757,958,982,619,183,15
2021,Solihull 005,E02002085,2654,996,929,571,152,6
2021,Solihull 006,E02002086,2651,848,901,641,251,10
2021,Solihull 007,E02002087,2684,805,961,650,253,15
2021,Solihull 008,E02002088,4140,1279,1488,997,360,16
2021,Solihull 009,E02002089,3255,1548,1115,482,103,7
2021,Solihull 010,E02002090,2322,1228,733,295,65,1
2021,Solihull 011,E02002091,3127,1527,1070,448,79,3
2021,Solihull 012,E02002092,3039,1373,1015,498,144,9
2021,Solihull 013,E02002093,2948,1393,982,431,128,14
2021,Solihull 014,E02002094,2395,1375,776,223,21,0
2021,Solihull 015,E02002095,3631,1931,1179,438,80,3
2021,Solihull 016,E02002096,4274,2387,1329,470,84,4
2021,Solihull 017,E02002097,3119,1762,940,352,63,2
2021,Solihull 018,E02002098,3904,2037,1264,480,114,9
2021,Solihull 019,E02002099,2807,1761,853,172,21,0
2021,Solihull 021,E02002101,2862,1381,940,439,96,6
2021,Solihull 022,E02002102,3528,1863,1188,393,80,4
2021,Solihull 023,E02002103,2541,1328,832,318,59,4
2021,Solihull 024,E02002104,2377,1538,695,132,12,0
2021,Solihull 025,E02002105,3338,2010,1005,283,39,1
2021,Solihull 026,E02002106,4084,2501,1184,345,51,3
2021,Solihull 027,E02002107,2252,1383,663,190,16,0
2021,Solihull 028,E02002108,3980,2421,1204,299,48,8
2021,Solihull 029,E02002109,5050,3307,1312,361,65,5
2021,Solihull 030,E02006808,2672,1483,848,296,42,3
2021,Walsall 001,E02002110,2833,1291,958,450,126,8
2021,Walsall 002,E02002111,2763,947,983,607,221,5
2021,Walsall 003,E02002112,2210,1008,739,378,83,2
2021,Walsall 004,E02002113,2691,1128,959,458,140,6
2021,Walsall 005,E02002114,2682,1099,1020,464,97,2
2021,Walsall 006,E02002115,2839,989,998,658,185,9
2021,Walsall 007,E02002116,2907,1384,1024,428,69,2
2021,Walsall 008,E02002117,2780,1177,980,451,170,2
2021,Walsall 009,E02002118,3030,966,1053,769,230,12
2021,Walsall 010,E02002119,2442,1054,864,399,122,3
2021,Walsall 011,E02002120,2354,1107,825,353,65,4
2021,Walsall 012,E02002121,2561,844,932,568,206,11
2021,Walsall 013,E02002122,2494,935,874,503,176,6
2021,Walsall 014,E02002123,2693,1098,909,515,163,8
2021,Walsall 015,E02002124,3190,1336,1099,610,136,9
2021,Walsall 016,E02002125,2744,1099,992,505,144,4
2021,Walsall 017,E02002126,2733,807,975,699,240,12
2021,Walsall 018,E02002127,3443,1299,1166,729,234,15
2021,Walsall 019,E02002128,2422,966,874,473,102,7
2021,Walsall 020,E02002129,2568,1040,940,480,104,4
2021,Walsall 021,E02002130,2584,886,900,587,198,13
2021,Walsall 022,E02002131,3182,1681,1055,398,47,1
2021,Walsall 023,E02002132,2577,885,933,611,142,6
2021,Walsall 024,E02002133,3058,1291,1048,538,171,10
2021,Walsall 025,E02002134,3619,1338,1316,689,263,13
2021,Walsall 026,E02002135,2924,978,1016,663,253,14
2021,Walsall 027,E02002136,3259,1265,1189,596,197,12
2021,Walsall 028,E02002137,2566,1429,817,295,24,1
2021,Walsall 029,E02002138,2260,1046,803,323,82,6
2021,Walsall 030,E02002139,4311,1477,1528,900,382,24
2021,Walsall 031,E02002140,2956,1008,1049,680,205,14
2021,Walsall 032,E02002141,2601,1446,841,272,41,1
2021,Walsall 033,E02002142,2721,933,974,586,221,7
2021,Walsall 034,E02002143,3129,955,1101,771,286,16
2021,Walsall 035,E02002144,2473,1293,861,279,38,2
2021,Walsall 036,E02002145,3268,1145,1168,682,249,24
2021,Walsall 037,E02002146,2177,856,756,432,128,5
2021,Walsall 038,E02002147,3480,1281,1201,751,237,10
2021,Walsall 039,E02002148,4695,2358,1572,659,103,3
2021,Wolverhampton 001,E02002149,4269,1723,1529,815,193,9
2021,Wolverhampton 002,E02002150,2259,971,822,369,93,4
2021,Wolverhampton 003,E02002151,2458,921,904,485,144,4
2021,Wolverhampton 004,E02002152,2304,767,830,494,198,15
2021,Wolverhampton 005,E02002153,3350,1203,1188,742,209,8
2021,Wolverhampton 006,E02002154,2939,1450,904,459,116,10
2021,Wolverhampton 007,E02002155,2348,778,827,542,194,7
2021,Wolverhampton 008,E02002156,3333,1376,1222,587,141,7
2021,Wolverhampton 009,E02002157,3182,1701,995,424,61,1
2021,Wolverhampton 010,E02002158,3281,1244,1188,691,151,7
2021,Wolverhampton 011,E02002159,2230,746,867,470,144,3
2021,Wolverhampton 012,E02002160,2933,1282,1073,460,113,5
2021,Wolverhampton 013,E02002161,2554,1024,897,491,140,2
2021,Wolverhampton 014,E02002162,3365,1696,1126,452,90,1
2021,Wolverhampton 015,E02002163,5016,1753,1780,1092,362,29
2021,Wolverhampton 016,E02002164,2360,674,976,521,176,13
2021,Wolverhampton 017,E02002165,3657,1467,1261,687,217,25
2021,Wolverhampton 018,E02002166,3808,1246,1339,890,308,25
2021,Wolverhampton 019,E02002167,2961,1463,998,407,89,4
2021,Wolverhampton 020,E02002168,4637,1626,1709,921,344,37
2021,Wolverhampton 021,E02002169,3560,1862,1181,427,89,1
2021,Wolverhampton 022,E02002170,2411,890,839,548,127,7
2021,Wolverhampton 023,E02002171,3103,1053,1162,670,209,9
2021,Wolverhampton 026,E02002174,3012,1510,971,426,98,7
2021,Wolverhampton 027,E02002175,3070,1000,1082,717,258,13
2021,Wolverhampton 028,E02002176,3311,1454,1096,600,152,9
2021,Wolverhampton 029,E02002177,4534,1828,1550,838,305,13
2021,Wolverhampton 030,E02002178,2743,1254,980,417,91,1
2021,Wolverhampton 031,E02002179,2607,1357,900,286,62,2
2021,Wolverhampton 032,E02002180,2594,1049,925,493,122,5
2021,Wolverhampton 033,E02002181,3367,1248,1194,681,234,10
2021,Wolverhampton 034,E02002182,2479,934,894,523,123,5
2021,Wolverhampton 035,E02006894,5106,1865,1845,1089,293,14
