area_code,local_area_name,households_deprived_2plus_pct
E02002809,Spondon South,20.23888520238885
E02002812,Littleover East,15.581395348837209
E02002813,Rose Hill,32.835064606029896
E02002814,Mickleover South,12.178493957235823
E02002815,Normanton North,29.050279329608937
E02002816,Littleover West,10.41728321988754
E02002817,Normanton West,15.935919055649242
E02002818,Normanton South,30.957300275482094
E02002819,Wilmorton,19.548660084626235
E02002820,Alvaston,23.11411992263056
E02002821,Allenton,31.33539003966505
E02002822,Sunny Hill,20.52129221732746
E02002823,Boulton,24.80146609651802
E02002824,Sinfin,25.627510040160644
E02002825,Chellaston West,18.12209143169997
E02002826,Chellaston East,14.707903780068728
E02004077,Doveridge,10.489721886336154
E02004086,Borrowash,13.877421403620197
E02004088,Long Eaton West,10.573643410852712
E02004090,Breaston,14.316392269148174
E02004091,Long Eaton South,13.875598086124402
E02004092,Sawley,19.11589008363202
E02004118,Hatton,9.942455242966751
E02004119,Hilton,9.085340955492038
E02004120,Willington North,11.769950958537672
E02004121,Aston-on-Trent,9.137842023748064
E02004122,Willington South,7.48074807480748
E02004123,Melbourne,12.688524590163935
E02004124,Swadlincote North,20.494367959949937
E02004125,Swadlincote West,21.511321748288573
E02004126,Swadlincote Central,20.62647754137116
E02004128,Castle Gresley,15.26498874565173
E02006919,Swadlincote South,15.018968980138363
E02006920,Swadlincote East,17.24137931034483
E02005335,Kirby Muxloe,11.30237089964274
E02005342,Cosby,12.827058072750479
E02005344,Stoney Stanton,11.438830469351116
E02005349,Shepshed West,15.005827505827506
E02005350,Shepshed East,14.351095129127165
E02005372,Dunton Bassett,9.213699951760733
E02005377,Markfield,13.485158648925282
E02005380,Market Bosworth,12.215601300108343
E02005381,Desford,14.017929910350448
E02005382,Earl Shilton,18.603651987110634
E02005383,Barwell,18.364841640068747
E02005384,Stoke Golding,11.749174917491748
E02005385,Hinckley East,11.314125087842585
E02005386,Hinckley Central,18.70787822449454
E02005387,Hinckley West,15.716272600834492
E02005388,Hinckley Clarendon Park,18.64346590909091
E02005389,Burbage St Catherines,19.666666666666668
E02005390,Burbage Sketchley,10.079051383399209
E02005397,Castle Donington,13.481771470516271
E02005398,Kegworth,11.756756756756756
E02005399,Ashby de la Zouch North,12.105407631073291
E02005400,Thringstone,15.518575851393189
E02005401,Packington,11.460258780036968
E02005402,Ashby de la Zouch South,14.809688581314878
E02005403,Whitwick,17.18488799732531
E02005404,Donisthope,16.775067750677508
E02005405,Agar Nook,24.73368841544607
E02005406,Coalville,19.455137696180042
E02005407,Hugglescote,11.900571931368235
E02005408,Measham,15.088757396449704
E02005409,Ibstock,16.001564945226917
E02002905,Wigmore,12.387143373058866
E02002908,Shobdon,12.002042900919305
E02002909,Bromyard,16.07988470249125
E02002928,Newport North,14.274540477121628
E02002929,Edgmond,11.450692746536268
E02002930,Newport South,15.942028985507246
E02002931,Muxton,12.996658002228
E02002932,Donnington,25.31645569620253
E02002933,Dothill,15.568345323741006
E02002934,Apley,17.958706661472537
E02002935,Wrockwardine Wood,22.523461939520335
E02002936,Hadley,20.278044103547458
E02002937,Ironbridge,12.241758241758241
E02002938,Wellington East,24.59016393442623
E02002939,Wellington West,20.46232876712329
E02002940,St George's,22.733971997052322
E02002941,Oakengates,23.21083172147002
E02002942,Priorslee,9.740691489361701
E02002944,Malinslee,29.304446978335235
E02002945,Hollinswood,22.878425113061983
E02002946,Dawley,23.030650243483244
E02002947,Brookside,28.052325581395348
E02002948,Woodside,31.506849315068493
E02002949,Madeley,23.742690058479532
E02002950,Sutton Hill,29.82456140350877
E02007050,Town Centre,15.041525684404798
E02007051,Lawley,11.937557392102846
E02006008,Shifnal,13.495575221238939
E02006009,Cosford,15.98390636430139
E02006010,Much Wenlock,16.20316724604094
E02006011,Bridgnorth West,16.376042456406367
E02006012,Bridgnorth East,15.36093055080397
E02006013,Alveley,13.712168004941322
E02006014,Highley,16.694935788708506
E02006016,Woore,14.74208675263775
E02006018,Market Drayton,18.34644229010426
E02006020,Hinstock,13.554100885637274
E02006022,Shawbury,13.240702901512055
E02006038,Bayston Hill,12.983041423408396
E02006040,Cressage,11.237373737373737
E02006043,Craven Arms,14.750762970498474
E02006046,Cleobury Mortimer,14.676296105236007
E02006118,Rugeley North,13.072308178086518
E02006119,Rugeley Town,26.56641604010025
E02006120,Rugeley South,21.44314125446201
E02006121,Hednesford Pye Green,21.09621451104101
E02006122,Hednesford Central,19.06108597285068
E02006123,Wimblebury,15.47976011994003
E02006124,Cannock North,29.614147909967844
E02006125,Cannock North East,25.55823777911889
E02006126,Hednesford South,17.336330429896037
E02006127,Hawks Green,9.755219582433405
E02006128,Cannock West,20.521339125990288
E02006129,Cannock South,26.040582726326743
E02006130,Norton Canes,18.85827889804033
E02006131,Mayfield,14.464621164683782
E02006132,Uttoxeter Heath,16.404647983595353
E02006133,Uttoxeter Town,14.318181818181818
E02006134,Rolleston-on-Dove,12.048726467331118
E02006135,Burton Stretton,12.800234329232572
E02006136,Abbots Bromley,9.79869745411486
E02006137,Burton Horninglow,22.63005017163982
E02006138,Burton Eton Park,21.66991552956465
E02006139,Burton Shobnall,22.27901383042694
E02006140,Burton Winshill,20.295309785755645
E02006141,Burton Central,20.139030873032098
E02006142,Burton Brizlincote,11.412078152753109
E02006143,Branston,11.917372881355933
E02006144,Burton Stapenhill,24.92541361540548
E02006145,Barton-under-Needwood,11.70674024438313
E02006146,Armitage,15.492584745762711
E02006147,Alrewas,11.582900057770075
E02006148,Burntwood North East,11.889737628694785
E02006149,Lichfield Central,22.18045112781955
E02006150,Lichfield East,12.055490425947635
E02006151,Burntwood West,18.297271872060207
E02006152,Lichfield West,12.340519137703476
E02006153,Whittington,9.726282221631676
E02006154,Burntwood Chase Terrace,16.14657210401891
E02006155,Burntwood Chasetown,24.071015689512798
E02006156,Shenstone,9.98104864181933
E02006157,Fazeley,19.78798586572438
E02006173,Loggerheads,10.717863105175292
E02006174,Penkridge,14.754098360655737
E02006175,Huntington,19.073275862068964
E02006176,Brewood,13.689167974882261
E02006177,Cheslyn Hay,16.82131810611468
E02006178,Great Wyrley,21.73643410852713
E02006179,Featherstone West,16.491596638655462
E02006180,Featherstone East,21.765765765765767
E02006181,Bilbrook,20.344287949921753
E02006182,Codsall,9.36856554564173
E02006185,Wombourne Inner,21.204516938519447
E02006186,Wombourne Outer,12.13325761877721
E02006187,Kinver,13.004484304932735
E02006982,Perton,14.197415246300805
E02006189,Barlaston,13.03370786516854
E02006190,Stone Town,16.4152791380999
E02006191,Little Stoke,9.784172661870503
E02006192,Eccleshall,10.871768879878358
E02006193,Stafford Common,11.193339500462535
E02006194,Doxey,16.82758620689655
E02006195,Weston,10.644910644910645
E02006196,Stafford North East,18.938356164383563
E02006197,Central Stafford,19.586573884568153
E02006198,Littleworth,10.47205642973413
E02006199,Rowley,11.080100474462741
E02006200,Highfields,24.336027713625867
E02006201,Weeping Cross,8.80737544134955
E02006202,Gnosall,12.388943731490622
E02006203,Mosspit,21.80275095112672
E02006217,Coton Farm,15.022689276331501
E02006218,Central Tamworth,27.86566074470674
E02006219,Amington,19.00826446280992
E02006220,Bolehall,21.5205780710022
E02006221,Kettlebrook,15.338645418326694
E02006222,Belgrave,21.95994277539342
E02006223,Glascote Heath,30.519969856819895
E02006224,Wilnecote East,14.955134596211366
E02006225,Dosthill,13.853241197762422
E02006226,Wilnecote West,17.35454997513675
E02006468,Polesworth,16.721964167219642
E02006469,Dordon,21.83684794672586
E02006470,Atherstone,21.855315899980912
E02006471,Kingsbury,14.090287277701778
E02006472,Hartshill,17.982456140350877
E02006473,Coleshill,14.802559011692036
E02006474,New Arley,15.248493975903614
E02006475,Weddington,14.186335403726709
E02006476,Camp Hill,24.170854271356784
E02006477,Horeston Grange,10.221710336884538
E02006478,Galley Common,15.011750881316098
E02006479,Nuneaton Town Centre,26.5469546226644
E02006480,Tomkinson Road,24.54940957116221
E02006481,Stockingford,23.180770497201184
E02006482,Bermuda,16.82088565763384
E02006483,Caldwell,28.017510944340213
E02006484,Attleborough,21.293561724748965
E02006485,Whitestone,12.206405693950177
E02006486,Bedworth Woodlands,21.73064411190631
E02006487,Bedworth Town,26.900393184796854
E02006488,Bulkington,17.743662977508034
E02006489,Bedworth Coalpit Field,21.443421443421443
E02006490,Bedworth Heath,20.930979133226323
E02006806,Ash Green,19.82832618025751
E02006494,Town North,22.5609756097561
E02006495,Wolston,11.902614968440036
E02006497,New Bilton,18.29232995658466
E02006498,Cawston,12.378277153558052
E02006503,Dunchurch,10.887573964497042
E02007048,Brinklow,11.298315163528246
E02006504,Earlswood,8.781512605042018
E02006505,Henley-in-Arden,12.557995669656666
E02006506,Studley,16.250944822373395
E02006507,Southam,11.196670135275754
E02006508,Harbury,9.702927976063261
E02006509,Alcester,17.21311475409836
E02006510,Wilmcote,10.242587601078167
E02006511,Wellesbourne,11.499560246262094
E02006512,Stratford North,14.243167484232655
E02006513,Stratford South East,9.942481511914544
E02006514,Stratford South West,12.157695939565627
E02006516,Kineton,10.109942638623327
E02006519,Kenilworth West,7.761437908496732
E02006520,Kenilworth East,8.745874587458745
E02006521,Kenilworth South,11.260137242669995
E02006522,Kingswood,7.576374745417516
E02006523,Cubbington,9.859154929577464
E02006524,Lillington,20.954795099281792
E02006525,Leamington Central,9.608540925266905
E02006526,Warwick North,15.775950668037
E02006527,Leamington West,10.883054892601432
E02006528,Leamington East,16.147779161477793
E02006529,Warwick South West,14.051062310301733
E02006530,Warwick South East,10.507441276672045
E02006531,Leamington Brunswick,22.093880560334235
E02006532,Bishops Tachbrook,9.081309398099261
E02006533,Whitnash,13.294936405087594
E02006696,Hagley,8.83785664578984
E02006697,Dodford,11.60453808752026
E02006698,Rubery West,14.641397250092902
E02006699,Hollywood,15.505090054815975
E02006700,Wythall,11.572815533980583
E02006701,Barnt Green,7.510288065843621
E02006702,Catshill,17.749419953596288
E02006703,Marlbrook,10.371517027863778
E02006704,Alvechurch,11.87087816730302
E02006705,Bromsgrove Sidemoor,17.989250711349985
E02006706,Bromsgrove Central,18.948655256723715
E02006707,Bromsgrove Stoney Hill,6.619296933433059
E02006708,Bromsgrove Charford,19.652173913043477
E02006709,Stoke Heath,10.809178743961352
E02006710,Tenbury Wells,13.902572523262178
E02006711,Abberley,11.240420096508657
E02006712,Broadheath,10.483364720652856
E02006721,Riverside,13.25214899713467
E02006722,Church Hill South,25.129087779690188
E02006723,Batchley,20.89707026186155
E02006724,Redditch Town,28.15638450502152
E02006725,Winyates Green,22.95492487479132
E02006726,Southcrest,19.848484848484848
E02006727,Arrow Valley,14.921780986762936
E02006728,Webheath,12.148102815177479
E02006729,Matchborough,18.37071240105541
E02006730,Greenlands,24.290099769762087
E02006731,Oakenshaw,19.100691775557262
E02006732,Crabbs Cross,14.128256513026052
E02006733,Hunt End,12.171561051004637
E02006734,Northwick,10.898338496198255
E02006735,Warndon West,34.364686468646866
E02006736,Warndon East,10.878066121578387
E02006737,Barbourne,14.76997578692494
E02006738,King George's Field,27.218934911242602
E02006739,Henwick,14.380635975320361
E02006740,Worcester Town North,18.392299687825183
E02006741,Lyppard Grange,9.727309727309727
E02006748,Hartlebury,14.070626882014782
E02006749,Droitwich Spa West,24.10873440285205
E02006750,Droitwich Spa East,17.87584143605086
E02006751,Droitwich Spa Central,19.731285988483684
E02006752,Droitwich Spa South,10.196987253765933
E02006753,Fernhill Heath,13.454663633409165
E02006754,Crowle,8.512396694214877
E02006755,Inkberrow,8.88888888888889
E02006767,Wolverley,17.24222385500857
E02006768,Franche,17.32309746328438
E02006769,Greenhill,12.112308194580477
E02006770,Kidderminster Town,25.865687303252887
E02006771,Bewdley East,16.768784263140923
E02006772,Habberley,20.054850874185806
E02006773,Comberton,20.575046161962543
E02006774,Foley Park,19.205105889178995
E02006775,Birchen Coppice,32.977461447212335
E02006776,Spennells,15.265564544495252
E02006777,Bewdley West,16.200951248513675
E02006778,Stourport Lickhill,16.600265604249667
E02006779,Stourport Mitton,19.165293794618343
E02006780,Stourport Areley Kings,22.96105804555474
E02001827,Hill Hook,14.54062262718299
E02001828,Four Oaks,13.89776357827476
E02001829,Little Sutton,8.125525357242925
E02001830,Sutton Coldfield North,9.553660982948847
E02001831,Reddicap Heath,22.59069663921656
E02001832,Rectory Park,12.179487179487179
E02001833,Kingstanding North,13.356612832824094
E02001834,Old Oscott,25.664451827242527
E02001835,Sutton Coldfield South,12.175102599179207
E02001836,New Oscott,13.205509046718877
E02001837,Kingstanding South East,35.19940549913302
E02001838,Walmley,10.258838383838384
E02001839,Queslett,23.273113708820404
E02001840,Perry Common College Road,33.07065931179407
E02001841,Wylde Green,9.802271771140093
E02001842,Perry Beeches West,17.143755898081157
E02001843,Kingstanding South West,21.415991546319127
E02001844,Chester Road,18.339724791337694
E02001845,Perry Beeches East,17.321100917431192
E02001846,Short Heath,27.877315517764956
E02001847,Minworth,16.617084572885677
E02001848,Upper Witton,28.940269749518304
E02001849,Erdington Town,25.87318645889307
E02001850,Perry Barr,18.601583113456464
E02001851,Pype Hayes Park,24.051948051948052
E02001852,Stockland Green Marsh Hill,26.603575184016826
E02001855,Castle Vale,34.75783475783476
E02001856,Brookvale,24.134109171515654
E02001857,Gravelly Hill,28.82511210762332
E02001858,Handsworth East,25.6426138123258
E02001859,Birchfield East,29.69655642686669
E02001860,Handsworth West,28.14327485380117
E02001861,Birchfield West,32.22286042504308
E02001862,Middlemore,28.703990102072378
E02001863,Aston Park,35.66462167689161
E02001865,Handsworth South,32.750444576170715
E02001866,Lozells West,39.337842648629405
E02001867,Lozells East,36.73232908458864
E02001868,Hodge Hill,23.202738683910233
E02001869,Nechells,36.469642139123444
E02001870,Ward End,30.253270247703867
E02001871,Buckland End,33.689238550154535
E02001872,Shard End,32.14401556925073
E02001873,Winson Green,30.44461190655614
E02001874,Washwood Heath,38.338301043219076
E02001875,Hockley,29.256449165402124
E02001876,North Central,29.42459776383965
E02001877,Saltley East,38.649334178820546
E02001878,Saltley West,34.83394833948339
E02001879,Summerfield,31.540983606557376
E02001880,Glebe Farm,35.722610722610725
E02001881,Belchers Lane,36.7784306947805
E02001882,Stechford,30.022144890857323
E02001883,Kitts Green,34.91450634307777
E02001884,Bordesley Green North,33.80338436744561
E02001886,Rotton Park,20.697607379648314
E02001888,Kent's Moat,30.65149136577708
E02001889,Little Bromwich,36.891469405984815
E02001890,Edgbaston North,17.93009532455742
E02001892,Yardley Fields,33.7942955920484
E02001893,Yardley,26.43241532130421
E02001895,Sheldon North,31.957013574660632
E02001896,Small Heath Park,35.78088578088578
E02001897,Sparkbrook North,39.812889812889814
E02001898,Lyndon Green,17.072243346007603
E02001899,Harborne West,13.806706114398422
E02001900,Five Ways South,25.009127418765974
E02001901,Harborne East,10.781958900453697
E02001902,Yardley South,19.407226958993096
E02001903,Sparkbrook South,41.4622641509434
E02001904,Hay Mills,27.466666666666665
E02001905,Edgbaston South,8.23262839879154
E02001906,Quinton Ridgacre,17.276946879834966
E02001907,Sheldon South,20.477815699658702
E02001908,Sparkhill North,37.90140208050656
E02001909,Balsall Heath East,37.821865766146054
E02001910,Balsall Heath West,37.814767392232184
E02001911,Quinton East,30.62553071044438
E02001913,Metchley,22.229219143576827
E02001914,Moor Green,22.03023758099352
E02001915,Acocks Green East,24.944094328115472
E02001916,Acocks Green West,27.191943127962084
E02001918,Moseley Village,21.272315815941663
E02001919,Moseley,20.940007642338557
E02001920,Woodgate Valley,32.02594193946881
E02001921,California,23.68669392890846
E02001922,Selly Oak,20.513552068473608
E02001923,Springfield,27.03505644682115
E02001924,Hall Green East,23.77147423092289
E02001925,Selly Oak Park,16.989777934437786
E02001926,Stirchley North,16.100872938894277
E02001927,Weoley Castle,29.92361341746928
E02001928,Woodgate,31.189603465511496
E02001929,Fox Hollies,31.134352373290426
E02001930,Kings Heath,14.828660436137072
E02001931,Wake Green East,18.592171717171716
E02001932,Bartley Green,30.536585365853657
E02001933,Kings Heath Park,22.722945096794668
E02001934,Hall Green Central,16.499345264076823
E02001935,Shenley Lane,20.860018298261664
E02001936,Brandwood North,16.261755485893417
E02001937,Billesley Common,28.36553204538485
E02001938,Bournville East,16.220830961866817
E02001939,Bournville West,26.89455014511448
E02001941,Yardley Wood West,28.8659793814433
E02001942,Cotteridge,21.435692921236292
E02001943,Brandwood East,23.493747631678666
E02001944,Brandwood End,19.970674486803517
E02001945,Allens Cross,30.756632820176875
E02001946,Northfield Victoria Common,17.986284289276806
E02001947,Druids Heath,38.585934561865365
E02001948,Highter's Heath,21.770491803278688
E02001949,Lifford,21.19155354449472
E02001950,Longbridge North,19.163292847503374
E02001951,Frankley,33.82728666326009
E02001952,Turves Green,33.373963920039
E02001953,King's Norton,19.787743923313933
E02001954,Hawkesley,33.2003682111077
E02001955,Longbridge South,24.15158371040724
E02001956,Rubery East,19.333333333333332
E02001957,West Heath,18.882581416193606
E02006807,Yardley Wood East,15.186530207989435
E02006809,Handsworth Wood,18.555060471037557
E02006895,Attwood Green,17.207402066810864
E02006896,Digbeth,16.94110196326789
E02006897,Five Ways North,21.39423076923077
E02006898,Ladywood Summer Hill,15.36832195810779
E02006899,Birmingham city centre,10.23370233702337
E02006900,Bordesley,35.166461159062884
E02007038,Birches Green,27.108662613981764
E02007039,Greet,32.93413173652694
E02007040,Sparkhill South,27.97303803562831
E02001958,Longford,23.22637621430674
E02001959,Keresley,19.10112359550562
E02001961,Bell Green,30.425466789103154
E02001962,Little Heath,22.618094475580463
E02001963,Whitmore Park,22.00315457413249
E02001964,Henley Green,30.445304937076475
E02001965,Walsgrave,19.53378577751549
E02001966,Foleshill West,30.20044543429844
E02001967,Brownshill Green,13.363572923935799
E02001968,Radford East,20.248790601243954
E02001969,Radford West,26.649273201639954
E02001970,Wyken Croft,20.969649191959007
E02001971,Coundon,15.942028985507246
E02001972,Foleshill East,29.734382685686178
E02001973,Stoke Heath,28.403554026941816
E02001974,Sherbourne,13.08316430020284
E02001975,Ravensdale,16.04130808950086
E02001976,Clifford Park,21.807151979565774
E02001977,Naul's Mill,26.493072145246057
E02001978,Barras Heath,19.388544891640866
E02001979,Allesley Park,13.410596026490067
E02001980,Allesley Green,11.492014024152708
E02001981,Hillfields,29.007108461362073
E02001982,Eastern Green,13.906729963697291
E02001983,Whoberley,18.078226054819833
E02001984,Copsewood,16.464339908952958
E02001985,Lower Stoke,22.272580123017157
E02001986,Tile Hill,27.707877461706783
E02001987,Chapelfields,17.848146815401222
E02001988,Central Coventry,23.567064300261855
E02001989,Earl Place,15.566969577242197
E02001990,Binley,14.720949042868698
E02001991,Earlsdon,10.988404196576477
E02001992,Ernesford Grange,26.752811677434792
E02001993,Canley,22.895927601809955
E02001994,Cheylesmore Daventry Road,16.851168511685117
E02001995,Whitley,17.48688483637272
E02001996,Willenhall,32.672672672672675
E02001997,Stivichall,13.552361396303901
E02001998,Finham Park,11.134542387178406
E02001999,Cannon Park,13.424657534246576
E02006805,Holbrooks,25.383458646616543
E02002000,Coseley Wallbrook,24.573002754820937
E02002001,Sedgley East,21.89189189189189
E02002002,Sedgley West,15.834710743801653
E02002003,West Coseley,23.356899711966484
E02002004,Woodsetton,26.722204421659725
E02002005,Dudley Priory,28.68580894533407
E02002006,Upper Gornal,25.311203319502074
E02002007,Lower Gornal,19.047619047619047
E02002008,Dibdale,13.12910284463895
E02002009,Kates Hill,31.14567526555387
E02002010,New Dock,28.504415011037526
E02002011,Kingswinford North,14.329619669611986
E02002012,Russell's Hall,33.296460176991154
E02002013,Wall Heath,16.625222024866787
E02002014,Dixons Green,24.684343434343436
E02002015,Pensett,18.040013563919974
E02002016,Brockmoor,31.856540084388186
E02002017,Netherton,26.608187134502923
E02002018,Kingswinford South,14.840798704803023
E02002019,Dudley Wood,28.21509556203434
E02002020,Wordsley,16.043539990534786
E02002021,Brierley Hill,29.21017402945114
E02002022,Hawbush,22.66988987375772
E02002023,Ashwood,17.846417846417847
E02002024,Quarry Bank,22.53907321085824
E02002025,Shell Corner,21.31192161132281
E02002026,Amblecote East,17.45810055865922
E02002027,Withymoor Village,10.093374833259226
E02002028,Wollaston,18.22340831109417
E02002029,Quinton West,15.277777777777779
E02002030,Amblecote West,21.983471074380166
E02002031,Cradley West,22.152886115444616
E02002032,Cradley East,24.19770438041696
E02002033,Hawne,17.105661519830456
E02002034,Stourbridge Town,19.17948717948718
E02002035,Halesowen East,13.30147351652728
E02002036,Lye,28.467153284671532
E02002037,Norton North,18.96144767899292
E02002038,Halesowen Town,21.341187131853193
E02002039,Oldswinford,14.651600753295668
E02002040,Norton South,12.587959343236903
E02002041,Pedmore Fields,15.451784358390281
E02002042,Hayley Green,13.922155688622755
E02002043,Wood Green,28.668941979522184
E02002044,Yew Tree,23.35146159075459
E02002045,Woods,26.522284996861266
E02002046,Friar Park,36.4390243902439
E02002047,Wednesbury,30.433376455368695
E02002048,Great Barr,16.427783902976845
E02002049,Princes End,26.296887470071827
E02002051,Ocker Hill,32.88710397144132
E02002052,Stone Cross,30.011806375442738
E02002053,Hamstead East,19.31549960660897
E02002054,Hamstead West,19.922212618841833
E02002055,Wednesbury South,28.284278535534817
E02002056,Tibbington,30.783195020746888
E02002057,Tipton,31.82137011924246
E02002058,Great Bridge,25.763665594855304
E02002059,West Bromwich North,28.871391076115486
E02002060,Greets Green West,32.31939163498099
E02002061,Greets Green East,34.9009900990099
E02002062,West Bromwich East,32.66533066132264
E02002063,North Tividale,22.733045466090932
E02002064,Tividale,22.690471247664522
E02002065,Smethwick North,28.25772200772201
E02002066,Oldbury,29.270797672030128
E02002067,Rowley West,21.36581469648562
E02002069,Whiteheath,29.225908372827803
E02002070,Smethwick South,29.874826147426983
E02002071,Rowley East,29.297732260424286
E02002072,Langley Green,23.731632935957858
E02002073,Warley East,29.832935560859188
E02002074,Warley West,27.11757269279393
E02002075,Blackheath,26.655808903365905
E02002076,Bearwood,18.037486218302096
E02002077,Old Hill,26.489479512735326
E02002078,Warley South,18.67283950617284
E02002079,Brandhall,23.797396717600453
E02002080,Cradley Heath,25.170068027210885
E02006810,Charlemont,22.711471610660485
E02006943,Smethwick East,29.682779456193355
E02006944,Smethwick South East,26.12574341546304
E02002081,Castle Bromwich West,18.723584108199493
E02002082,Smith's Wood North,34.48424687095382
E02002083,Castle Bromwich East,15.320910973084887
E02002084,Smith's Wood South,29.63365977511788
E02002085,Kingshurst,27.467972871137906
E02002086,Chelmsley Wood West,34.024896265560166
E02002087,Fordbridge,34.2026825633383
E02002088,Chelmsley Wood East,33.16425120772947
E02002089,Marston Green,18.187403993855607
E02002090,Lyndon North,15.546942291128337
E02002091,Elmdon Park,16.949152542372882
E02002092,Lyndon South,21.42152023692004
E02002093,Olton,19.436906377204885
E02002094,Ulverley Green,10.187891440501044
E02002095,Elmdon Heath,14.348664279812724
E02002096,Lode Heath,13.055685540477304
E02002097,Meriden,13.369669765950626
E02002098,Shirley East,15.445696721311476
E02002099,Central Solihull,6.8756679729248305
E02002101,Solihull Lodge,18.902865129280222
E02002102,Blossomfield,13.520408163265307
E02002103,Shirley Heath,14.994096812278631
E02002104,Monkspath North,6.058056373580143
E02002105,Balsall Common,9.676452965847814
E02002106,Knowle,9.769833496571989
E02002107,Monkspath South,9.147424511545292
E02002108,Dorridge,8.919597989949748
E02002109,Dickens Heath,8.534653465346535
E02006808,Shirley West,12.761976047904191
E02002110,Brownhills West,20.61418990469467
E02002111,Brownhills,30.148389431777055
E02002112,Pelsall North,20.95022624434389
E02002113,Walsall Wood,22.445187662578967
E02002114,Pelsall South,20.99179716629381
E02002115,Little Bloxwich,30.010567101091933
E02002116,Aldridge North,17.16546267629859
E02002117,Bloxwich Central,22.41007194244604
E02002118,Bloxwich North West,33.366336633663366
E02002119,Shelfield,21.457821457821456
E02002120,Ashmore,17.926932880203907
E02002121,Blakenall North,30.652089027723544
E02002122,Blakenall South,27.465918203688855
E02002123,New Invention,25.473449684366877
E02002124,Aldridge Central,23.66771159874608
E02002125,Rushall,23.79737609329446
E02002126,Bloxwich South,34.79692645444566
E02002127,Walsall Ryecroft,28.405460354342143
E02002128,Short Heath East,24.02972749793559
E02002129,Short Heath West,22.897196261682243
E02002130,Leamore,30.88235294117647
E02002131,Aldridge South,14.016341923318668
E02002132,Bentley,29.452852153667056
E02002133,Walsall North East,23.512099411379985
E02002134,Willenhall Park,26.664824537164964
E02002135,Walsall West,31.805745554035568
E02002136,Willenhall Town,24.700828474992328
E02002137,Streetly North,12.470771628994544
E02002138,Walsall East,18.1858407079646
E02002139,Walsall Central,30.29459522152633
E02002140,Pleck,30.412719891745603
E02002141,Streetly South,12.072279892349096
E02002142,Darlaston East,29.915472252848218
E02002143,Palfrey,34.292106104186644
E02002144,Walsall South East,12.899312575818843
E02002145,Darlaston Central,29.22276621787026
E02002146,The Delves,25.953146531924666
E02002147,Darlaston West,28.67816091954023
E02002148,Pheasey,16.293929712460063
E02002149,Bushbury,23.82290934645116
E02002150,Fordhouses,20.628596724214255
E02002151,Pendeford,25.752644426362895
E02002152,Bushbury Hill,30.68576388888889
E02002153,Ashmore Park,28.62686567164179
E02002154,Oxley Park,19.904729499829873
E02002155,Low Hill,31.643952299829643
E02002156,Wood End,22.05220522052205
E02002157,Tettenhall North,15.273412947831552
E02002158,Wednesfield North East,25.876257238646755
E02002159,Park Lane,27.668161434977577
E02002160,Wednesfield Town,19.706784861916127
E02002161,Whitmore Reans,24.784651527016443
E02002162,Tettenhall South,16.13670133729569
E02002163,Heath Town,29.565390749601274
E02002164,Waterloo Road,30.084745762711865
E02002165,West Park,25.40333606781515
E02002166,East Park,32.11659663865546
E02002167,Castlecroft,16.886187098953055
E02002168,Wolverhampton Central,28.078499029544965
E02002169,Compton,14.52247191011236
E02002170,Bilston North West,28.28701783492327
E02002171,Bilston North East,28.617466967450856
E02002174,Bradmore,17.62948207171315
E02002175,Bilston Lunt,32.182410423452765
E02002176,Merryhill South,22.983992751434613
E02002177,Ettingshall,25.4962505513895
E02002178,Goldthorn Park,18.556325191396283
E02002179,Upper Penn,13.425393172228615
E02002180,Ettingshall Park,23.901310717039323
E02002181,Bradley,27.47252747252747
E02002182,Woodcross,26.260588947156112
E02006894,Blakenhall,27.34038386212299
