area_code,local_area_name,no2_area_mean_ug_m3
E02001827,Hill Hook,10.114860419558731
E02001828,Four Oaks,10.444191561880691
E02001829,Little Sutton,10.434705762366558
E02001830,Sutton Coldfield North,11.425625000210239
E02001831,Reddicap Heath,11.374320123444061
E02001832,Rectory Park,12.499653299944079
E02001833,Kingstanding North,13.174002563609006
E02001834,Old Oscott,14.216673776495908
E02001835,Sutton Coldfield South,12.81174460510176
E02001836,New Oscott,13.796439773314484
E02001837,Kingstanding South East,14.499281062691809
E02001838,Walmley,11.373634936713906
E02001839,Queslett,15.661804612766431
E02001840,Perry Common College Road,14.645587337069125
E02001841,Wylde Green,13.676196601635597
E02001842,Perry Beeches West,16.224716181256195
E02001843,Kingstanding South West,15.707491062357512
E02001844,Chester Road,14.528223612660538
E02001845,Perry Beeches East,16.99882415970399
E02001846,Short Heath,15.115776182966789
E02001847,Minworth,14.027753468893167
E02001848,Upper Witton,17.045125060310315
E02001849,Erdington Town,15.52270177979779
E02001850,Perry Barr,15.823009656744324
E02001851,Pype Hayes Park,15.528168400295622
E02001852,Stockland Green Marsh Hill,16.494969024076653
E02001855,Castle Vale,16.521702692704967
E02001856,Brookvale,19.205170178693987
E02001857,Gravelly Hill,18.26978833359942
E02001858,Handsworth East,15.40702141361533
E02001859,Birchfield East,17.730548667564126
E02001860,Handsworth West,15.282854468868667
E02001861,Birchfield West,16.959377300203187
E02001862,Middlemore,15.98597932552284
E02001863,Aston Park,19.29156711781304
E02001865,Handsworth South,16.265950632977756
E02001866,Lozells West,16.98841616120927
E02001867,Lozells East,18.546502108544516
E02001868,Hodge Hill,15.271158495864722
E02001869,Nechells,20.074068051203795
E02001870,Ward End,16.835278501189766
E02001871,Buckland End,13.942168977568757
E02001872,Shard End,13.583234471094743
E02001873,Winson Green,16.420391034054184
E02001874,Washwood Heath,18.563832985560477
E02001875,Hockley,18.475479560042483
E02001876,Birmingham Dartmouth Circus,21.60310159806883
E02001877,Saltley East,17.31008393082102
E02001878,Saltley West,18.678923169569053
E02001879,Summerfield,15.836283003275451
E02001880,Glebe Farm,14.60650236414703
E02001881,Belchers Lane,15.498690369863866
E02001882,Stechford,14.599323654972133
E02001883,Kitts Green,13.917714663323737
E02001884,Bordesley Green North,16.694705036437217
E02001886,Rotton Park,14.722448826667877
E02001888,Kent's Moat,13.635483577940732
E02001889,Little Bromwich,16.42981812476669
E02001890,Edgbaston North,14.57597780163873
E02001892,Yardley Fields,15.359104460245131
E02001893,Yardley,14.042512937906235
E02001895,Sheldon North,13.367205704564515
E02001896,Small Heath Park,16.03683691931045
E02001897,Sparkbrook North,16.85554291163108
E02001898,Lyndon Green,13.534691190076616
E02001899,Harborne West,12.770870253364782
E02001900,Five Ways South,16.05957376052
E02001901,Harborne East,13.150211140131551
E02001902,Yardley South,14.312098429092382
E02001903,Sparkbrook South,16.202881520703528
E02001904,Hay Mills,15.847056805649641
E02001905,Edgbaston South,14.528658724545789
E02001906,Quinton Ridgacre,12.871879602040485
E02001907,Sheldon South,14.708951217515816
E02001908,Sparkhill North,16.39805418288021
E02001909,Balsall Heath East,15.294298579194095
E02001910,Balsall Heath West,14.856545217653471
E02001911,Quinton East,11.98949525420804
E02001913,Metchley,13.486534709098088
E02001914,Moor Green,13.376993586522694
E02001915,Acocks Green East,13.978817973460501
E02001916,Acocks Green West,14.376610416117925
E02001918,Moseley Village,13.772973471542409
E02001919,Moseley,13.348519435275364
E02001920,Woodgate Valley,11.658936528020739
E02001921,California,11.311705150035154
E02001922,Selly Oak,14.57699084449834
E02001923,Springfield,13.44234366576926
E02001924,Hall Green East,13.035024845926353
E02001925,Selly Oak Park,12.110682937578686
E02001926,Stirchley North,13.408682211529376
E02001927,Weoley Castle,10.940018800551867
E02001928,Woodgate,11.079865350329364
E02001929,Fox Hollies,12.477529412319718
E02001930,Kings Heath,12.981941545420382
E02001931,Wake Green East,12.278304178330558
E02001932,Bartley Green,10.002230927706345
E02001933,Kings Heath Park,12.95335916401099
E02001934,Hall Green Central,12.180993904577795
E02001935,Shenley Lane,11.079626056313675
E02001936,Brandwood North,12.501385753116546
E02001937,Billesley Common,11.725682658088347
E02001938,Bournville East,13.029911264775297
E02001939,Bournville West,11.489763247414672
E02001941,Yardley Wood West,11.26905235652306
E02001942,Cotteridge,13.559904331994922
E02001943,Brandwood East,11.565784499907
E02001944,Brandwood End,12.234178103600508
E02001945,Allens Cross,10.255323114790368
E02001946,Northfield Victoria Common,11.19488170135804
E02001947,Druids Heath,10.694382336625269
E02001948,Highter's Heath,10.566038055536543
E02001949,Lifford,12.59649065334908
E02001950,Longbridge North,10.58535956687822
E02001951,Frankley,9.40992993900438
E02001952,Turves Green,10.60577710281074
E02001953,King's Norton,12.218766736825337
E02001954,Hawkesley,10.377239544000677
E02001955,Longbridge South,9.568408621526713
E02001956,Rubery East,9.302765022433341
E02001957,West Heath,10.062183778497328
E02001958,Longford,12.448871387689488
E02001959,Keresley,8.683038663938042
E02001961,Bell Green,11.616994586496437
E02001962,Little Heath,12.555684287775424
E02001963,Whitmore Park,9.566579763019728
E02001964,Henley Green,11.440370411270033
E02001965,Walsgrave,11.465675716525382
E02001966,Foleshill West,13.145237310577913
E02001967,Brownshill Green,7.830288454850108
E02001968,Radford East,12.08759478945469
E02001969,Radford West,10.960259021787675
E02001970,Wyken Croft,11.387681739838749
E02001971,Coundon,10.288459633712133
E02001972,Foleshill East,13.580443319522043
E02001973,Stoke Heath (CV2),12.067476498587714
E02001974,Sherbourne,10.657430746830212
E02001975,Ravensdale,11.657981915622525
E02001976,Clifford Park,10.7129760406737
E02001977,Naul's Mill,12.88614752411144
E02001978,Barras Heath,12.032363089462438
E02001979,Allesley Park,9.896473924551326
E02001980,Allesley Green,9.259341792333307
E02001981,Hillfields,14.04554754391452
E02001982,Eastern Green,8.766299691469257
E02001983,Whoberley,11.079151606439853
E02001984,Copsewood,11.927691977689392
E02001985,Lower Stoke,14.22638831269015
E02001986,Tile Hill,8.803794609654206
E02001987,Chapelfields,11.04882925264626
E02001988,Central Coventry,14.450082799686603
E02001989,Earl Place,9.98344435703683
E02001990,Binley,10.533952555662871
E02001991,Earlsdon,10.122703315868149
E02001992,Ernesford Grange,10.43538042784703
E02001993,Canley,9.007822869504473
E02001994,Cheylesmore Daventry Road,11.91285334696714
E02001995,Whitley,11.757076351597258
E02001996,Willenhall,9.909060114147124
E02001997,Stivichall,10.597002920873424
E02001998,Finham Park,9.31886198592418
E02001999,Cannon Park,8.661301795646434
E02002000,Coseley Wallbrook,13.256819032605081
E02002001,Sedgley East,10.307302864764305
E02002002,Sedgley West,9.59030714669637
E02002003,West Coseley,12.421871902643383
E02002004,Woodsetton,11.0861520143691
E02002005,Dudley Priory,13.375749275248417
E02002006,Upper Gornal,10.653596863805385
E02002007,Lower Gornal,9.610169636608484
E02002008,Dibdale,11.418867786864423
E02002009,Kates Hill,14.136737302948623
E02002010,New Dock,13.43000649164406
E02002011,Kingswinford North,10.518467901488895
E02002012,Russell's Hall,11.942108618382917
E02002013,Wall Heath,8.305384566736866
E02002014,Dixons Green,14.240027455150495
E02002015,Pensett,10.470065758866305
E02002016,Brockmoor,11.230762556375815
E02002017,Netherton,13.01584478451396
E02002018,Kingswinford South,8.726556903862635
E02002019,Dudley Wood,12.394246999813609
E02002020,Wordsley,9.401856230842007
E02002021,Brierley Hill,11.997228781808177
E02002022,Hawbush,10.670515248018054
E02002023,Ashwood,8.80797470985119
E02002024,Quarry Bank,11.420665529084564
E02002025,Shell Corner,12.897890514323025
E02002026,Amblecote East,10.882984634989484
E02002027,Withymoor Village,9.995518770317315
E02002028,Wollaston,8.876975337166515
E02002029,Quinton West,12.797462807565335
E02002030,Amblecote West,10.368624124722508
E02002031,Cradley West,11.075014015903635
E02002032,Cradley East,10.427341901887017
E02002033,Hawne,11.50442723449952
E02002034,Stourbridge Town,9.594427882733603
E02002035,Halesowen East,11.103402871413923
E02002036,Lye,9.683886915417567
E02002037,Norton North,7.905326742036542
E02002038,Halesowen Town,10.628773659437947
E02002039,Oldswinford,9.374128607023566
E02002040,Norton South,7.43085879776264
E02002041,Pedmore Fields,8.52077351790121
E02002042,Hayley Green,8.765975461962164
E02002043,Wood Green,16.029619343287433
E02002044,Yew Tree,15.110577805328665
E02002045,Woods,15.586812462771528
E02002046,Friar Park,14.53827011725818
E02002047,Wednesbury,15.736251189334732
E02002048,Great Barr,16.115042566333223
E02002049,Princes End,13.781257174274423
E02002051,Ocker Hill,14.407319632759418
E02002052,Stone Cross,14.823229396148239
E02002053,Hamstead East,15.124918886171779
E02002054,Hamstead West,14.721058015149183
E02002055,Wednesbury South,15.746163589223462
E02002056,Tibbington,13.945277870576126
E02002057,Tipton,14.671457853280932
E02002058,Great Bridge,14.87374712286117
E02002059,West Bromwich North,15.580214120981115
E02002060,Greets Green West,16.018298064133052
E02002061,Greets Green East,16.99292431574348
E02002062,West Bromwich East,17.01985282676106
E02002063,North Tividale,15.231128694481603
E02002064,Tividale,13.281027970192962
E02002065,Smethwick North,16.790760660234714
E02002066,Oldbury,16.637638563645655
E02002067,Rowley West,12.433095619298863
E02002069,Whiteheath,14.996835886101358
E02002070,Smethwick South,14.547409745724764
E02002071,Rowley East,12.446036623704796
E02002072,Langley Green,14.556712081929883
E02002073,Warley East,13.54642263375985
E02002074,Warley West,13.072502691624717
E02002075,Blackheath,13.118405795743081
E02002076,Bearwood,13.26202431418167
E02002077,Old Hill,12.53961698124843
E02002078,Warley South,13.053770631663696
E02002079,Brandhall,13.521588168554622
E02002080,Cradley Heath,11.836288415517709
E02002081,Castle Bromwich West,15.247751972906737
E02002082,Smith's Wood North,14.638538523861008
E02002083,Castle Bromwich East,14.367726433471173
E02002084,Smith's Wood South,14.002486332607516
E02002085,Kingshurst,13.136081429453682
E02002086,Chelmsley Wood West,13.042330456617922
E02002087,Fordbridge,12.859849134404275
E02002088,Chelmsley Wood East,13.556548028697735
E02002089,Marston Green,14.015300637779465
E02002090,Lyndon North,13.55911796779416
E02002091,Elmdon Park,14.755999355993053
E02002092,Lyndon South,15.220273163671376
E02002093,Olton,12.423712392340219
E02002094,Ulverley Green,11.926975714484149
E02002095,Elmdon Heath,10.224801080808744
E02002096,Lode Heath,12.009606847156457
E02002097,Meriden,7.364852476985352
E02002098,Shirley East,11.277136214330206
E02002099,Central Solihull,11.712281264826949
E02002101,Solihull Lodge,10.437209698903173
E02002102,Blossomfield,11.102202490971798
E02002103,Shirley Heath,10.244640667223335
E02002104,Monkspath North,10.761444614158842
E02002105,Balsall Common,7.033300589662717
E02002106,Knowle,9.45491400441352
E02002107,Monkspath South,10.801275918451045
E02002108,Dorridge,8.785488759168352
E02002109,Dickens Heath,8.862489260720434
E02002110,Brownhills West,10.049282604430939
E02002111,Brownhills,10.535029742210494
E02002112,Pelsall North,10.361798601798139
E02002113,Walsall Wood,11.06076242212887
E02002114,Pelsall South,11.215764372975734
E02002115,Little Bloxwich,11.15376587242443
E02002116,Aldridge North,11.399943872424684
E02002117,Bloxwich Central,12.48476595859008
E02002118,Bloxwich North West,12.62672729868445
E02002119,Shelfield,11.830136694515703
E02002120,Ashmore,12.52233557915345
E02002121,Blakenall North,12.6361376510691
E02002122,Blakenall South,12.541968471919368
E02002123,New Invention,13.07950470334999
E02002124,Aldridge Central,11.662436607193934
E02002125,Rushall,13.062124311522819
E02002126,Bloxwich South,14.041005092747026
E02002127,Walsall Ryecroft,13.648381524308816
E02002128,Short Heath East,13.605448032318668
E02002129,Short Heath West,12.839789406423787
E02002130,Leamore,14.90575351177934
E02002131,Aldridge South,11.518723917970092
E02002132,Bentley,13.805821649362985
E02002133,Walsall North East,13.395579568840285
E02002134,Willenhall Park,13.736205223480466
E02002135,Walsall West,17.369058008157772
E02002136,Willenhall Town,14.334874116170521
E02002137,Streetly North,11.352940330908313
E02002138,Walsall East,13.709292620553827
E02002139,Walsall Central,15.632687778120012
E02002140,Pleck,17.350074711707084
E02002141,Streetly South,12.013593111400844
E02002142,Darlaston East,15.031086475709262
E02002143,Palfrey,16.839344065081704
E02002144,Walsall South East,13.145126294609828
E02002145,Darlaston Central,14.883529068141494
E02002146,The Delves,15.318806413353787
E02002147,Darlaston West,14.00692789691631
E02002148,Pheasey,12.73203652688054
E02002149,Bushbury,11.107556688815798
E02002150,Fordhouses,11.487131741610597
E02002151,Pendeford,9.78889825235024
E02002152,Bushbury Hill,10.929374126082806
E02002153,Ashmore Park,11.447406086382566
E02002154,Oxley Park,11.403080169445591
E02002155,Low Hill,11.820762438214212
E02002156,Wood End,11.939411287715426
E02002157,Tettenhall North,9.257107769574787
E02002158,Wednesfield North East,12.116208504282884
E02002159,Park Lane,12.723767665581535
E02002160,Wednesfield Town,13.547851288894918
E02002161,Whitmore Reans,11.242344057014844
E02002162,Tettenhall South,8.213167482205963
E02002163,Heath Town,13.684437427771076
E02002164,Waterloo Road,13.041596495736291
E02002165,West Park,10.964490962563698
E02002166,East Park,13.83892192055616
E02002167,Castlecroft,7.786835442181034
E02002168,Wolverhampton Central,13.96855708936412
E02002169,Compton,9.245759579168766
E02002170,Bilston North West,13.273056715458884
E02002171,Bilston North East,13.060799485418524
E02002174,Bradmore,9.588927905540706
E02002175,Bilston Lunt,13.92769931964097
E02002176,Merryhill South,8.145091821937017
E02002177,Ettingshall,13.226253111997513
E02002178,Goldthorn Park,9.994600776547326
E02002179,Upper Penn,8.57125638187132
E02002180,Ettingshall Park,11.701075063792029
E02002181,Bradley,13.321533919098483
E02002182,Woodcross,13.028044111582384
E02002809,Spondon South,12.76196050046077
E02002812,Littleover East,11.319273606948142
E02002813,Rose Hill,15.126993504640886
E02002814,Mickleover South,9.5462424850376
E02002815,Normanton North,12.448958675947713
E02002816,Littleover West,10.271215795354355
E02002817,Normanton West,10.339878544557925
E02002818,Normanton South,11.676162082116253
E02002819,Wilmorton,13.658327127670995
E02002820,Alvaston,12.938507435537797
E02002821,Allenton,13.051970745500753
E02002822,Sunny Hill,9.947346832385279
E02002823,Boulton,10.82996279909201
E02002824,Sinfin,10.85228720694903
E02002825,Chellaston West,10.583051196278598
E02002826,Chellaston East,9.98891745053441
E02002905,Wigmore,2.504652140816723
E02002908,Shobdon,2.6967962808858954
E02002909,Bromyard,2.862420121242206
E02002928,Newport North,5.463449900799049
E02002929,Edgmond,4.036030746634279
E02002930,Newport South,5.628731536503496
E02002931,Muxton,5.250706900078469
E02002932,Donnington,7.447493108619874
E02002933,Dothill,5.466982639536053
E02002934,Apley,5.612264664523634
E02002935,Wrockwardine Wood,8.005463669997193
E02002936,Hadley,7.476606759739583
E02002937,Ironbridge,4.042871720465741
E02002938,Wellington East,6.421395845842933
E02002939,Wellington West,5.86417345631856
E02002940,St George's,7.020901113465565
E02002941,Oakengates,7.537011565235802
E02002942,Priorslee,7.6741358014711345
E02002944,Malinslee,6.169056849453887
E02002945,Hollinswood,7.630298242297467
E02002946,Dawley,5.5204062040555435
E02002947,Brookside,6.63458229723925
E02002948,Woodside,5.177346544889362
E02002949,Madeley,5.547162926976662
E02002950,Sutton Hill,6.279649400235141
E02004077,Doveridge,4.073704902679437
E02004086,Borrowash,9.42678792578474
E02004088,Long Eaton West,11.441255250162536
E02004090,Breaston,9.457626684674961
E02004091,Long Eaton South,10.930463366810844
E02004092,Sawley,11.154924576674414
E02004118,Hatton,5.555415636448174
E02004119,Hilton,6.889265917352852
E02004120,Willington North,8.821687740702753
E02004121,Aston-on-Trent,8.9225173554308
E02004122,Willington South,6.546679808258605
E02004123,Melbourne,6.268054488965135
E02004124,Swadlincote North,7.043534646669454
E02004125,Swadlincote West,6.714149638589157
E02004126,Swadlincote Central,7.924068228522031
E02004128,Castle Gresley,5.1564861792431955
E02005335,Kirby Muxloe,8.091913552096871
E02005342,Cosby,7.74473736598528
E02005344,Stoney Stanton,7.27198632876186
E02005349,Shepshed West,7.581071555483324
E02005350,Shepshed East,9.35431205955744
E02005372,Dunton Bassett,6.4827775081951655
E02005377,Markfield,7.534365774651547
E02005380,Market Bosworth,5.680545276311258
E02005381,Desford,6.781413976751068
E02005382,Earl Shilton,7.787127574426042
E02005383,Barwell,7.513867010973383
E02005384,Stoke Golding,6.304954256072286
E02005385,Hinckley East,8.516054244207245
E02005386,Hinckley Central,10.053909694692985
E02005387,Hinckley West,9.589111966478953
E02005388,Hinckley Clarendon Park,10.187148557870977
E02005389,Burbage St Catherines,8.752229782948174
E02005390,Burbage Sketchley,8.689772261861611
E02005397,Castle Donington,8.976784494892938
E02005398,Kegworth,8.734959966524352
E02005399,Ashby de la Zouch North,6.988196700090237
E02005400,Thringstone,6.700566662043906
E02005401,Packington,6.259414962181878
E02005402,Ashby de la Zouch South,6.369918450808944
E02005403,Whitwick,7.330580545973539
E02005404,Donisthope,5.865298423622339
E02005405,Agar Nook,7.733994406677127
E02005406,Coalville,8.251276665437663
E02005407,Hugglescote,7.864408258345698
E02005408,Measham,5.6472281480686926
E02005409,Ibstock,7.047989236440048
E02006008,Shifnal,5.0944863053694585
E02006009,Cosford,4.962407046247949
E02006010,Much Wenlock,2.9760369329755525
E02006011,Bridgnorth West,3.4253123923691184
E02006012,Bridgnorth East,4.1147003657504815
E02006013,Alveley,3.8392618987024645
E02006014,Highley,2.748509680379244
E02006016,Woore,3.626243763985938
E02006018,Market Drayton,5.403936463664875
E02006020,Hinstock,3.5023122505027175
E02006022,Shawbury,3.385687301560657
E02006038,Bayston Hill,3.9059833788724685
E02006040,Cressage,2.970412902187075
E02006043,Craven Arms,2.5398575692033525
E02006046,Cleobury Mortimer,2.7003531199732977
E02006118,Rugeley North,5.769636376397733
E02006119,Rugeley Town,7.78117074925779
E02006120,Rugeley South,7.1304893816310795
E02006121,Hednesford Pye Green,6.343656413424879
E02006122,Hednesford Central,7.603787980724715
E02006123,Wimblebury,7.099269555509162
E02006124,Cannock North,8.027135737754627
E02006125,Cannock North East,8.69267441374686
E02006126,Hednesford South,8.203744023942246
E02006127,Hawks Green,9.673950678504992
E02006128,Cannock West,9.27319064355427
E02006129,Cannock South,11.087874696664738
E02006130,Norton Canes,9.421216829701478
E02006131,Mayfield,3.8859129235066505
E02006132,Uttoxeter Heath,5.042631897644266
E02006133,Uttoxeter Town,4.617552156847736
E02006134,Rolleston-on-Dove,5.231367367277248
E02006135,Burton Stretton,8.602329799473594
E02006136,Abbots Bromley,4.099873847555076
E02006137,Burton Horninglow,9.358065907599086
E02006138,Burton Eton Park,11.139336249811185
E02006139,Burton Shobnall,10.214004678571918
E02006140,Burton Winshill,7.504166902998176
E02006141,Burton Central,9.673838406963283
E02006142,Burton Brizlincote,7.072311291655613
E02006143,Branston,7.038084592849312
E02006144,Burton Stapenhill,6.855147722054661
E02006145,Barton-under-Needwood,5.448468338096057
E02006146,Armitage,5.687637340865365
E02006147,Alrewas,6.079448333100857
E02006148,Burntwood North East,6.499858711201865
E02006149,Lichfield Central,7.646597687654152
E02006150,Lichfield East,7.9995356385521985
E02006151,Burntwood West,9.142455854432031
E02006152,Lichfield West,7.499732152240995
E02006153,Whittington,5.882782427979202
E02006154,Burntwood Chase Terrace,8.916406741891924
E02006155,Burntwood Chasetown,9.784991870414991
E02006156,Shenstone,8.790237030695943
E02006157,Fazeley,8.13417842956457
E02006173,Loggerheads,4.499627394320512
E02006174,Penkridge,6.519006764996838
E02006175,Huntington,8.768639397832038
E02006176,Brewood,5.256304555221257
E02006177,Cheslyn Hay,9.94271721528237
E02006178,Great Wyrley,9.243892663501745
E02006179,Featherstone West,9.47714713870897
E02006180,Featherstone East,10.51390413278121
E02006181,Bilbrook,8.251383683171824
E02006182,Codsall,5.867463566384898
E02006185,Wombourne Inner,7.525525723071712
E02006186,Wombourne Outer,5.559750118698309
E02006187,Kinver,5.907100498389464
E02006189,Barlaston,6.2118405828293355
E02006190,Stone Town,7.362189527943402
E02006191,Little Stoke,5.142880367213994
E02006192,Eccleshall,4.206639366863951
E02006193,Stafford Common,6.196404292944786
E02006194,Doxey,7.006676424648687
E02006195,Weston,5.054144322082022
E02006196,Stafford North East,8.790111084521627
E02006197,Central Stafford,8.229495735364964
E02006198,Littleworth,6.0536480408680715
E02006199,Rowley,4.869565259481063
E02006200,Highfields,7.49854087393642
E02006201,Weeping Cross,5.828625223847641
E02006202,Gnosall,4.3436670913438205
E02006203,Mosspit,7.542694359206748
E02006217,Coton Farm,7.554107668431196
E02006218,Central Tamworth,8.942824196441636
E02006219,Amington,8.463493182741452
E02006220,Bolehall,9.215500321280723
E02006221,Kettlebrook,9.901618349500314
E02006222,Belgrave,10.296097318547499
E02006223,Glascote Heath,9.926060434818087
E02006224,Wilnecote East,9.769070886465233
E02006225,Dosthill,9.99697723003611
E02006226,Wilnecote West,9.824107541992465
E02006468,Polesworth,6.825993661005493
E02006469,Dordon,7.993725314499477
E02006470,Atherstone,7.513660849874427
E02006471,Kingsbury,10.165483522909541
E02006472,Hartshill,6.867506401255009
E02006473,Coleshill,13.29219234684155
E02006474,New Arley,8.286056996752485
E02006475,Weddington,8.454140663510232
E02006476,Camp Hill,8.592928450950156
E02006477,Horeston Grange,9.373642756716901
E02006478,Galley Common,7.3657486603203495
E02006479,Nuneaton Town Centre,10.995281490492951
E02006480,Tomkinson Road,9.201408194616365
E02006481,Stockingford,8.197941992834453
E02006482,Bermuda,7.745144219472547
E02006483,Caldwell,10.400344677966686
E02006484,Attleborough,9.964980019258041
E02006485,Whitestone,8.865553480492329
E02006486,Bedworth Woodlands,8.588428827465625
E02006487,Bedworth Town,10.132155116752706
E02006488,Bulkington,9.11990949966911
E02006489,Bedworth Coalpit Field,11.674742673872002
E02006490,Bedworth Heath,9.806224713876194
E02006494,Rugby Town North,9.483855116522916
E02006495,Wolston,6.965620082506103
E02006497,New Bilton,8.352082471830226
E02006498,Cawston,6.346555928388661
E02006503,Dunchurch,5.275855732418025
E02006504,Earlswood,6.078018139407571
E02006505,Henley-in-Arden,4.858093334980034
E02006506,Studley,5.374003010495487
E02006507,Southam,4.815818777678097
E02006508,Harbury,4.809332511491855
E02006509,Alcester,4.12357889081442
E02006510,Wilmcote,4.273962538922856
E02006511,Wellesbourne,4.451604761011569
E02006512,Stratford North,5.947489950829636
E02006513,Stratford South East,4.60073980244215
E02006514,Stratford South West,5.584118756089727
E02006516,Kineton,4.093780997642684
E02006519,Kenilworth West,6.533836824388974
E02006520,Kenilworth East,7.839059323060825
E02006521,Kenilworth South,6.859259246448248
E02006522,Kingswood,6.534208500819034
E02006523,Cubbington,6.570869410758965
E02006524,Lillington,7.536513387461278
E02006525,Leamington Central,8.4977337122893
E02006526,Warwick North,8.246034650658723
E02006527,Leamington West,8.84050015723788
E02006528,Leamington East,7.3149330494912554
E02006529,Warwick South West,8.00187058170169
E02006530,Warwick South East,7.9301376686957425
E02006531,Leamington Brunswick,8.96444902952977
E02006532,Bishops Tachbrook,5.877185031924809
E02006533,Whitnash,6.011807923493717
E02006696,Hagley,7.420347887916164
E02006697,Dodford,7.314097995370803
E02006698,Rubery West,8.673547293060896
E02006699,Hollywood,9.324875215050444
E02006700,Wythall,8.789593178438093
E02006701,Barnt Green,8.41394855733373
E02006702,Catshill,9.760234396547194
E02006703,Marlbrook,8.240355105271723
E02006704,Alvechurch,8.049038239213347
E02006705,Bromsgrove Sidemoor,8.769661726889149
E02006706,Bromsgrove Central,8.31493855557196
E02006707,Bromsgrove Stoney Hill,7.750266241812513
E02006708,Bromsgrove Charford,7.786521705375473
E02006709,Stoke Heath (B60),6.308009448799641
E02006710,Tenbury Wells,2.799606969153128
E02006711,Abberley,3.808754134393215
E02006712,Broadheath,3.6030718683539793
E02006721,Riverside,7.849448808673379
E02006722,Church Hill South,8.45051337349145
E02006723,Batchley,7.335586408431797
E02006724,Redditch Town,8.428484633165105
E02006725,Winyates Green,7.885542990457882
E02006726,Southcrest,7.247294095479163
E02006727,Arrow Valley,7.852550761022251
E02006728,Webheath,5.831716169798294
E02006729,Matchborough,7.482973824391616
E02006730,Greenlands,7.187952141389221
E02006731,Oakenshaw,6.580286153050422
E02006732,Crabbs Cross,6.020766917608888
E02006733,Hunt End,4.602563393841245
E02006734,Northwick,7.007732310936113
E02006735,Warndon West,8.581895743881795
E02006736,Warndon East,8.478663830099665
E02006737,Barbourne,8.016831434787171
E02006738,King George's Field,7.903192013188344
E02006739,Henwick,6.786599855280113
E02006740,Worcester Town North,8.245817238414423
E02006741,Lyppard Grange,8.474483525725896
E02006748,Hartlebury,5.919695998923456
E02006749,Droitwich Spa West,7.2441702142573865
E02006750,Droitwich Spa East,8.07624915084038
E02006751,Droitwich Spa Central,7.085154311434406
E02006752,Droitwich Spa South,7.477993175582976
E02006753,Fernhill Heath,5.502139043259684
E02006754,Crowle,5.03649827608065
E02006755,Inkberrow,4.056325964125817
E02006767,Wolverley,5.567863397391941
E02006768,Franche,6.704541662638284
E02006769,Greenhill,8.008760554867303
E02006770,Kidderminster Town,8.421340245185622
E02006771,Bewdley East,3.968240913592569
E02006772,Habberley,6.74748012600226
E02006773,Comberton,7.497414230089671
E02006774,Foley Park,7.676540766415428
E02006775,Birchen Coppice,7.588641189516939
E02006776,Spennells,7.80515907572054
E02006777,Bewdley West,3.439966137975538
E02006778,Stourport Lickhill,6.444990875570183
E02006779,Stourport Mitton,6.549507535657742
E02006780,Stourport Areley Kings,5.271176250030325
E02006805,Holbrooks,11.367717596243642
E02006806,Ash Green,10.769572423506636
E02006807,Yardley Wood East,11.469149376606785
E02006808,Shirley West,11.229217393638978
E02006809,Handsworth Wood,14.310673782870964
E02006810,Charlemont,15.810825947272575
E02006894,Blakenhall,13.11265651664799
E02006895,Attwood Green,18.355252624133552
E02006896,Digbeth,19.34242422147278
E02006897,Five Ways North,18.490482700841444
E02006898,Ladywood Summer Hill,18.798497917290632
E02006899,Birmingham city centre,21.632301518260157
E02006900,Bordesley,17.204589935915667
E02006919,Swadlincote South,6.641086212533947
E02006920,Swadlincote East,6.493631441966816
E02006943,Smethwick East,16.09164579131665
E02006944,Smethwick South East,14.792541808676964
E02006982,Perton,4.975405590115197
E02007038,Birches Green,17.62117794650891
E02007039,Greet,16.042828395246485
E02007040,Sparkhill South,14.56627240381871
E02007048,Brinklow,7.656230597824837
E02007050,Telford Town Centre,6.988474656334693
E02007051,Lawley,5.0683623519691885
