area_code,local_area_name,pm25_area_mean_ug_m3
E02001827,Hill Hook,7.285737847286278
E02001828,Four Oaks,7.317177832488628
E02001829,Little Sutton,7.2956197673348315
E02001830,Sutton Coldfield North,7.479210167072002
E02001831,Reddicap Heath,7.456239394782528
E02001832,Rectory Park,7.579406997549138
E02001833,Kingstanding North,7.877181253769898
E02001834,Old Oscott,8.092609370851374
E02001835,Sutton Coldfield South,7.681946388585532
E02001836,New Oscott,7.91553285413143
E02001837,Kingstanding South East,8.151854744539797
E02001838,Walmley,7.511420966380966
E02001839,Queslett,8.337947606609026
E02001840,Perry Common College Road,8.12594295905977
E02001841,Wylde Green,7.811917993561794
E02001842,Perry Beeches West,8.410589314768188
E02001843,Kingstanding South West,8.316203691601858
E02001844,Chester Road,7.990067011249003
E02001845,Perry Beeches East,8.488232639707482
E02001846,Short Heath,8.146551239657121
E02001847,Minworth,8.097352021788748
E02001848,Upper Witton,8.471906964706907
E02001849,Erdington Town,8.140244249960721
E02001850,Perry Barr,8.202002866961042
E02001851,Pype Hayes Park,8.15959152385977
E02001852,Stockland Green Marsh Hill,8.353880164994438
E02001855,Castle Vale,8.253856928852693
E02001856,Brookvale,8.619761169017655
E02001857,Gravelly Hill,8.478662217594442
E02001858,Handsworth East,8.17482524994874
E02001859,Birchfield East,8.666701857778769
E02001860,Handsworth West,8.1615118025322
E02001861,Birchfield West,8.350793168566815
E02001862,Middlemore,8.136815115846753
E02001863,Aston Park,8.562260367364408
E02001865,Handsworth South,8.20150733314376
E02001866,Lozells West,8.314752461653095
E02001867,Lozells East,8.49608040154703
E02001868,Hodge Hill,8.088774851061695
E02001869,Nechells,8.515745026550206
E02001870,Ward End,8.294082995881435
E02001871,Buckland End,7.8722995105427485
E02001872,Shard End,7.7772734237764825
E02001873,Winson Green,8.13828340891039
E02001874,Washwood Heath,8.379295842198891
E02001875,Hockley,8.309912929661548
E02001876,North Central,8.621589665072106
E02001877,Saltley East,8.249923984130682
E02001878,Saltley West,8.289687320955496
E02001879,Summerfield,8.023148786467024
E02001880,Glebe Farm,7.81699546963139
E02001881,Belchers Lane,8.062758688780516
E02001882,Stechford,7.921926457948878
E02001883,Kitts Green,7.64905949921601
E02001884,Bordesley Green North,8.150844483215929
E02001886,Rotton Park,7.892065022265249
E02001888,Kent's Moat,7.752484284201563
E02001889,Little Bromwich,8.065979326114071
E02001890,Edgbaston North,7.802714786135123
E02001892,Yardley Fields,7.972467270621791
E02001893,Yardley,7.828599427362173
E02001895,Sheldon North,7.584355875663
E02001896,Small Heath Park,8.224328786088156
E02001897,Sparkbrook North,8.159957900756556
E02001898,Lyndon Green,7.7297314599047064
E02001899,Harborne West,7.650261497899848
E02001900,Five Ways South,7.993838124233937
E02001901,Harborne East,7.646809389749316
E02001902,Yardley South,7.835675706344593
E02001903,Sparkbrook South,8.350755019787853
E02001904,Hay Mills,8.069535500245308
E02001905,Edgbaston South,7.737246203503172
E02001906,Quinton Ridgacre,7.654478514607032
E02001907,Sheldon South,7.6069280718573635
E02001908,Sparkhill North,8.704457369112214
E02001909,Balsall Heath East,7.94844234550153
E02001910,Balsall Heath West,7.873311966644304
E02001911,Quinton East,7.536060463465236
E02001913,Metchley,7.601491435151415
E02001914,Moor Green,7.631602686929922
E02001915,Acocks Green East,7.7148161587080875
E02001916,Acocks Green West,7.822174184150477
E02001918,Moseley Village,7.687170027883357
E02001919,Moseley,7.67493414750466
E02001920,Woodgate Valley,7.404031563050016
E02001921,California,7.399428653947369
E02001922,Selly Oak,7.705358911718169
E02001923,Springfield,7.6902576154336275
E02001924,Hall Green East,7.624729632257183
E02001925,Selly Oak Park,7.48210960144964
E02001926,Stirchley North,7.619233379412174
E02001927,Weoley Castle,7.3425585100706545
E02001928,Woodgate,7.215656897751641
E02001929,Fox Hollies,7.522390451429589
E02001930,Kings Heath,7.593043245815807
E02001931,Wake Green East,7.498218760156452
E02001932,Bartley Green,7.178259190689262
E02001933,Kings Heath Park,7.5831070619677705
E02001934,Hall Green Central,7.486874731285612
E02001935,Shenley Lane,7.35169985477155
E02001936,Brandwood North,7.538961604270865
E02001937,Billesley Common,7.422118192592996
E02001938,Bournville East,7.563453182379855
E02001939,Bournville West,7.384267922833824
E02001941,Yardley Wood West,7.41598468094886
E02001942,Cotteridge,7.5829389526332225
E02001943,Brandwood East,7.435396808012655
E02001944,Brandwood End,7.512420322812589
E02001945,Allens Cross,7.277568035762372
E02001946,Northfield Victoria Common,7.407799834236314
E02001947,Druids Heath,7.293267033914132
E02001948,Highter's Heath,7.29846497942633
E02001949,Lifford,7.476198718117432
E02001950,Longbridge North,7.333210145392891
E02001951,Frankley,6.981933274028103
E02001952,Turves Green,7.3134819286804875
E02001953,King's Norton,7.444860509274881
E02001954,Hawkesley,7.220123063910135
E02001955,Longbridge South,7.145098274614601
E02001956,Rubery East,6.983549401340253
E02001957,West Heath,7.201505506707392
E02001958,Longford,7.702433760477096
E02001959,Keresley,7.018947698416808
E02001961,Bell Green,7.691729075137915
E02001962,Little Heath,7.779354965664982
E02001963,Whitmore Park,7.18544499322504
E02001964,Henley Green,7.649371065734124
E02001965,Walsgrave,7.582573658905102
E02001966,Foleshill West,7.893014731605951
E02001967,Brownshill Green,6.8352915853393394
E02001968,Radford East,7.568443633852898
E02001969,Radford West,7.472174932535553
E02001970,Wyken Croft,7.54218016618528
E02001971,Coundon,7.318017011565477
E02001972,Foleshill East,8.648819708579722
E02001973,Stoke Heath,7.80082787563691
E02001974,Sherbourne,7.3649727353901
E02001975,Ravensdale,7.537486990730721
E02001976,Clifford Park,7.382602284844823
E02001977,Naul's Mill,7.8781222425435296
E02001978,Barras Heath,7.704845716373069
E02001979,Allesley Park,7.277197180641868
E02001980,Allesley Green,7.177020108540015
E02001981,Hillfields,8.130608213404617
E02001982,Eastern Green,7.031430599252435
E02001983,Whoberley,7.4286154055171565
E02001984,Copsewood,7.609601959571049
E02001985,Lower Stoke,7.811502387026057
E02001986,Tile Hill,7.075502963798358
E02001987,Chapelfields,7.432900774679189
E02001988,Central Coventry,7.724051890405931
E02001989,Earl Place,7.247121887498046
E02001990,Binley,7.435170490170352
E02001991,Earlsdon,7.27878396379674
E02001992,Ernesford Grange,7.351121496771087
E02001993,Canley,6.979203799217908
E02001994,Cheylesmore Daventry Road,7.503313726512589
E02001995,Whitley,7.424085686483925
E02001996,Willenhall,7.295883433454428
E02001997,Stivichall,7.335340611770495
E02001998,Finham Park,7.16360476130136
E02001999,Cannon Park,7.028775980894126
E02002000,Coseley Wallbrook,7.777315317168383
E02002001,Sedgley East,7.41850734099769
E02002002,Sedgley West,7.337363549103531
E02002003,West Coseley,7.65632611979544
E02002004,Woodsetton,7.484973475668726
E02002005,Dudley Priory,7.823287417084885
E02002006,Upper Gornal,7.41497969217857
E02002007,Lower Gornal,7.267733957114042
E02002008,Dibdale,7.555200480741179
E02002009,Kates Hill,7.986368949064499
E02002010,New Dock,7.752471408193387
E02002011,Kingswinford North,7.224320472915108
E02002012,Russell's Hall,7.549099609362377
E02002013,Wall Heath,6.746442215938456
E02002014,Dixons Green,7.8413558245244435
E02002015,Pensett,7.866222674933298
E02002016,Brockmoor,7.436229346474669
E02002017,Netherton,7.615665150786807
E02002018,Kingswinford South,6.943105702941484
E02002019,Dudley Wood,7.472406636089516
E02002020,Wordsley,7.097727670161638
E02002021,Brierley Hill,7.4247242398252355
E02002022,Hawbush,7.203149317537963
E02002023,Ashwood,6.864364485622406
E02002024,Quarry Bank,7.58406887209504
E02002025,Shell Corner,7.610331165401679
E02002026,Amblecote East,7.406913093672
E02002027,Withymoor Village,7.151367779788534
E02002028,Wollaston,6.781383108648156
E02002029,Quinton West,7.54815416026081
E02002030,Amblecote West,7.01826824851253
E02002031,Cradley West,7.294088395006769
E02002032,Cradley East,7.100008603679123
E02002033,Hawne,7.316990898962023
E02002034,Stourbridge Town,6.835294644138717
E02002035,Halesowen East,7.264860375424365
E02002036,Lye,6.981946542360231
E02002037,Norton North,6.550976974443799
E02002038,Halesowen Town,7.184132637132187
E02002039,Oldswinford,6.798682283331599
E02002040,Norton South,6.482870109729375
E02002041,Pedmore Fields,6.675755704349268
E02002042,Hayley Green,6.8299826208128165
E02002043,Wood Green,8.365139069630652
E02002044,Yew Tree,8.287380784954761
E02002045,Woods,8.363440529944908
E02002046,Friar Park,8.230718597090029
E02002047,Wednesbury,8.232045149454027
E02002048,Great Barr,8.305941425404642
E02002049,Princes End,7.909809930866689
E02002051,Ocker Hill,8.021593996776875
E02002052,Stone Cross,8.202956292629663
E02002053,Hamstead East,8.19483399819289
E02002054,Hamstead West,8.097349032136052
E02002055,Wednesbury South,8.312788057211726
E02002056,Tibbington,7.8990825073456525
E02002057,Tipton,7.9122598598285165
E02002058,Great Bridge,8.00927737436978
E02002059,West Bromwich North,8.217192476556924
E02002060,Greets Green West,8.149737413070458
E02002061,Greets Green East,8.388107376973236
E02002062,West Bromwich East,8.338516861816627
E02002063,North Tividale,8.046677024023756
E02002064,Tividale,7.85276353352076
E02002065,Smethwick North,8.296386353581962
E02002066,Oldbury,8.143060078902128
E02002067,Rowley West,7.657407253398089
E02002069,Whiteheath,7.971117953680736
E02002070,Smethwick South,7.954386133128353
E02002071,Rowley East,7.667194270241003
E02002072,Langley Green,7.8788676405817215
E02002073,Warley East,7.864301506748108
E02002074,Warley West,7.775175374428413
E02002075,Blackheath,7.699308518346425
E02002076,Bearwood,7.777150690729557
E02002077,Old Hill,7.584739490868489
E02002078,Warley South,7.768998489823264
E02002079,Brandhall,7.78572173474582
E02002080,Cradley Heath,7.499628333138132
E02002081,Castle Bromwich West,8.063758385024094
E02002082,Smith's Wood North,7.9648785420373605
E02002083,Castle Bromwich East,7.932313497524422
E02002084,Smith's Wood South,7.830550926754022
E02002085,Kingshurst,7.677715293058186
E02002086,Chelmsley Wood West,7.562737160832804
E02002087,Fordbridge,7.548873795968147
E02002088,Chelmsley Wood East,7.579418530044455
E02002089,Marston Green,7.355881287816542
E02002090,Lyndon North,7.648969762124217
E02002091,Elmdon Park,7.513801410806602
E02002092,Lyndon South,7.617665755151952
E02002093,Olton,7.467741122092872
E02002094,Ulverley Green,7.338711784284786
E02002095,Elmdon Heath,7.120642439945953
E02002096,Lode Heath,7.339272190333466
E02002097,Meriden,6.683364398373595
E02002098,Shirley East,7.337774423038265
E02002099,Central Solihull,7.266037986813052
E02002101,Solihull Lodge,7.253319067781705
E02002102,Blossomfield,7.223866341855981
E02002103,Shirley Heath,7.19117626842744
E02002104,Monkspath North,7.182922017811832
E02002105,Balsall Common,6.6966873921410395
E02002106,Knowle,6.993237693685628
E02002107,Monkspath South,7.185221403164059
E02002108,Dorridge,6.885138573941331
E02002109,Dickens Heath,6.9172372233578425
E02002110,Brownhills West,7.428888492572475
E02002111,Brownhills,7.708019505311255
E02002112,Pelsall North,7.456930075179484
E02002113,Walsall Wood,7.746743360262277
E02002114,Pelsall South,7.638820636340709
E02002115,Little Bloxwich,7.5687786816032006
E02002116,Aldridge North,8.022806291603938
E02002117,Bloxwich Central,7.647127962130761
E02002118,Bloxwich North West,7.7486277798329315
E02002119,Shelfield,7.8293703371684495
E02002120,Ashmore,7.705912914758317
E02002121,Blakenall North,7.847125802698121
E02002122,Blakenall South,7.860624229126953
E02002123,New Invention,7.819656672345421
E02002124,Aldridge Central,8.085683328562151
E02002125,Rushall,8.340285518687466
E02002126,Bloxwich South,7.959541441802162
E02002127,Walsall Ryecroft,8.052708278886026
E02002128,Short Heath East,7.948909362020319
E02002129,Short Heath West,7.806002593577644
E02002130,Leamore,8.209546000640167
E02002131,Aldridge South,7.687718586832748
E02002132,Bentley,8.120180905360007
E02002133,Walsall North East,8.09838697444878
E02002134,Willenhall Park,7.870518297788809
E02002135,Walsall West,8.54943656465556
E02002136,Willenhall Town,8.145650138344699
E02002137,Streetly North,7.557135634889926
E02002138,Walsall East,8.253742692381207
E02002139,Walsall Central,8.350679659920603
E02002140,Pleck,8.615131449708926
E02002141,Streetly South,7.678598382036566
E02002142,Darlaston East,8.41244142214507
E02002143,Palfrey,8.529876730155495
E02002144,Walsall South East,7.949425808668293
E02002145,Darlaston Central,8.41704929678467
E02002146,The Delves,8.303248805096722
E02002147,Darlaston West,8.184662316885582
E02002148,Pheasey,7.832381935293436
E02002149,Bushbury,7.2164028360787675
E02002150,Fordhouses,7.153465952541182
E02002151,Pendeford,6.8772363167561945
E02002152,Bushbury Hill,7.266153323948237
E02002153,Ashmore Park,7.5060490401530835
E02002154,Oxley Park,7.234177169520719
E02002155,Low Hill,7.375575101675064
E02002156,Wood End,7.453665007145175
E02002157,Tettenhall North,6.8033548530059225
E02002158,Wednesfield North East,7.610453020690447
E02002159,Park Lane,7.513929751214293
E02002160,Wednesfield Town,7.880177382497834
E02002161,Whitmore Reans,7.257718514358249
E02002162,Tettenhall South,6.6529156207266125
E02002163,Heath Town,7.658580940883882
E02002164,Waterloo Road,7.5172282387523435
E02002165,West Park,7.260576881593994
E02002166,East Park,7.741056078807254
E02002167,Castlecroft,6.621502670974534
E02002168,Wolverhampton Central,7.587416275528102
E02002169,Compton,6.923105582857394
E02002170,Bilston North West,7.973784842019659
E02002171,Bilston North East,7.748865392655148
E02002174,Bradmore,7.065419427088643
E02002175,Bilston Lunt,8.367946634181866
E02002176,Merryhill South,6.745265766346337
E02002177,Ettingshall,7.75344691367772
E02002178,Goldthorn Park,7.276194854118538
E02002179,Upper Penn,6.845500417649132
E02002180,Ettingshall Park,7.647848173026491
E02002181,Bradley,7.932354102436232
E02002182,Woodcross,7.702153307306175
E02002809,Spondon South,7.3698369605353165
E02002812,Littleover East,7.338385197953601
E02002813,Rose Hill,7.800517387431837
E02002814,Mickleover South,7.054088908481993
E02002815,Normanton North,7.548919508308313
E02002816,Littleover West,7.114759513997254
E02002817,Normanton West,7.218545097542537
E02002818,Normanton South,7.4154979357351705
E02002819,Wilmorton,7.539233578396905
E02002820,Alvaston,7.734196228310352
E02002821,Allenton,7.609497895696006
E02002822,Sunny Hill,7.180847067308149
E02002823,Boulton,7.383272285221888
E02002824,Sinfin,7.210173626402354
E02002825,Chellaston West,7.507801512087899
E02002826,Chellaston East,7.219651165735439
E02002905,Wigmore,4.762144840781808
E02002908,Shobdon,4.953742292137041
E02002909,Bromyard,5.295502096202248
E02002928,Newport North,6.185547620040026
E02002929,Edgmond,5.812411119654591
E02002930,Newport South,6.274299077863847
E02002931,Muxton,6.07820406433771
E02002932,Donnington,6.398378795414634
E02002933,Dothill,5.850194632957074
E02002934,Apley,6.046931773006145
E02002935,Wrockwardine Wood,6.821083802396279
E02002936,Hadley,6.43206774683139
E02002937,Ironbridge,5.596255526900998
E02002938,Wellington East,6.112946015175354
E02002939,Wellington West,5.899716442496071
E02002940,St George's,6.509146322310855
E02002941,Oakengates,6.471355832354803
E02002942,Priorslee,6.524253353785679
E02002944,Malinslee,6.1845366989096275
E02002945,Hollinswood,6.443470053042105
E02002946,Dawley,6.041883261718424
E02002947,Brookside,6.3067412102453275
E02002948,Woodside,5.937306462828681
E02002949,Madeley,6.030922251566757
E02002950,Sutton Hill,6.243531118711258
E02004077,Doveridge,6.139983616695424
E02004086,Borrowash,7.009541814437112
E02004088,Long Eaton West,7.305665166207881
E02004090,Breaston,6.935182123434318
E02004091,Long Eaton South,7.105534168688735
E02004092,Sawley,7.239006355465721
E02004118,Hatton,6.377256968615602
E02004119,Hilton,6.655516432435146
E02004120,Willington North,6.940727998779926
E02004121,Aston-on-Trent,6.933384359222902
E02004122,Willington South,6.616882096406824
E02004123,Melbourne,6.600579891611066
E02004124,Swadlincote North,7.009111122918377
E02004125,Swadlincote West,6.651850750520869
E02004126,Swadlincote Central,7.157373177264469
E02004128,Castle Gresley,6.434096785204616
E02005335,Kirby Muxloe,7.02679098030911
E02005342,Cosby,6.988227331300471
E02005344,Stoney Stanton,6.881890344508804
E02005349,Shepshed West,6.980580168727995
E02005350,Shepshed East,7.312173390251708
E02005372,Dunton Bassett,6.67985456504612
E02005377,Markfield,6.984111992068717
E02005380,Market Bosworth,6.499642473607603
E02005381,Desford,6.77151858461815
E02005382,Earl Shilton,7.009207970514676
E02005383,Barwell,6.962247078026901
E02005384,Stoke Golding,6.632223734460564
E02005385,Hinckley East,7.127716245798647
E02005386,Hinckley Central,7.329718200883684
E02005387,Hinckley West,7.221231061867398
E02005388,Hinckley Clarendon Park,7.3314546127433795
E02005389,Burbage St Catherines,7.129178177430989
E02005390,Burbage Sketchley,7.079698327705707
E02005397,Castle Donington,6.808591843869325
E02005398,Kegworth,6.840480019821181
E02005399,Ashby de la Zouch North,6.763088207212209
E02005400,Thringstone,6.6951052718531
E02005401,Packington,6.592908558325959
E02005402,Ashby de la Zouch South,6.709949045915555
E02005403,Whitwick,6.85604503771677
E02005404,Donisthope,6.722067097052092
E02005405,Agar Nook,6.878273025789665
E02005406,Coalville,6.952678074570357
E02005407,Hugglescote,7.078950867999151
E02005408,Measham,6.494035768589976
E02005409,Ibstock,6.9122089168151515
E02006008,Shifnal,6.084281804714306
E02006009,Cosford,6.084074069913147
E02006010,Much Wenlock,5.405484645868995
E02006011,Bridgnorth West,5.669609867212415
E02006012,Bridgnorth East,5.771907988998541
E02006013,Alveley,5.784553820168908
E02006014,Highley,5.260708881168518
E02006016,Woore,5.468538508770127
E02006018,Market Drayton,5.917973939050435
E02006020,Hinstock,5.6358599079546465
E02006022,Shawbury,5.4014070409645125
E02006038,Bayston Hill,5.393654768131185
E02006040,Cressage,5.1001359700021585
E02006043,Craven Arms,4.8462218929464065
E02006046,Cleobury Mortimer,5.063569936842545
E02006118,Rugeley North,6.3870270556245385
E02006119,Rugeley Town,6.826249249707992
E02006120,Rugeley South,6.564966909682062
E02006121,Hednesford Pye Green,6.539344964819171
E02006122,Hednesford Central,6.851852704005819
E02006123,Wimblebury,6.821189815545226
E02006124,Cannock North,6.924183101562476
E02006125,Cannock North East,7.05349052050605
E02006126,Hednesford South,7.038706290554052
E02006127,Hawks Green,7.234109619642997
E02006128,Cannock West,7.119282603345305
E02006129,Cannock South,7.895951237091176
E02006130,Norton Canes,7.277954242004039
E02006131,Mayfield,6.025663672985333
E02006132,Uttoxeter Heath,6.340234049075332
E02006133,Uttoxeter Town,6.173423705891085
E02006134,Rolleston-on-Dove,6.34881215366952
E02006135,Burton Stretton,6.915950903466063
E02006136,Abbots Bromley,6.068712240587723
E02006137,Burton Horninglow,6.956107073782976
E02006138,Burton Eton Park,7.119487949616639
E02006139,Burton Shobnall,6.859544254998399
E02006140,Burton Winshill,6.703207650088323
E02006141,Burton Central,6.8131214462908956
E02006142,Burton Brizlincote,6.699248530015469
E02006143,Branston,6.60231800172132
E02006144,Burton Stapenhill,6.638313309806584
E02006145,Barton-under-Needwood,6.3297330497278885
E02006146,Armitage,6.390532612100948
E02006147,Alrewas,6.52394615322296
E02006148,Burntwood North East,6.681039411378578
E02006149,Lichfield Central,6.814954984574348
E02006150,Lichfield East,6.888869067444733
E02006151,Burntwood West,7.235497140403354
E02006152,Lichfield West,6.825187228571775
E02006153,Whittington,6.543323353264798
E02006154,Burntwood Chase Terrace,7.284330432195251
E02006155,Burntwood Chasetown,7.2370016644231
E02006156,Shenstone,7.125974817140497
E02006157,Fazeley,6.939090030232603
E02006173,Loggerheads,5.871216196743448
E02006174,Penkridge,6.415337383576413
E02006175,Huntington,6.94957382068453
E02006176,Brewood,6.139929162879241
E02006177,Cheslyn Hay,7.5580347091291245
E02006178,Great Wyrley,7.301732776272339
E02006179,Featherstone West,6.898686697015776
E02006180,Featherstone East,7.348691057479863
E02006181,Bilbrook,6.6838623870611915
E02006182,Codsall,6.277587080036021
E02006185,Wombourne Inner,6.735395670703417
E02006186,Wombourne Outer,6.286441550445863
E02006187,Kinver,6.225976845526377
E02006189,Barlaston,6.3053076969072475
E02006190,Stone Town,6.551140129339616
E02006191,Little Stoke,6.136538714798415
E02006192,Eccleshall,5.895677163506213
E02006193,Stafford Common,6.297476910179337
E02006194,Doxey,6.507805252618551
E02006195,Weston,6.161509886737612
E02006196,Stafford North East,6.6876276594492206
E02006197,Central Stafford,6.634510967134387
E02006198,Littleworth,6.303559163405946
E02006199,Rowley,6.135246411410013
E02006200,Highfields,6.744473931546233
E02006201,Weeping Cross,6.311331870024692
E02006202,Gnosall,5.971602867953259
E02006203,Mosspit,6.672660789422208
E02006217,Coton Farm,6.804706509902182
E02006218,Central Tamworth,6.951812456789995
E02006219,Amington,6.966308306604548
E02006220,Bolehall,7.067966211071851
E02006221,Kettlebrook,7.13137233898186
E02006222,Belgrave,7.323464983198616
E02006223,Glascote Heath,7.282910439020642
E02006224,Wilnecote East,7.388486193543193
E02006225,Dosthill,7.5048316028206
E02006226,Wilnecote West,7.851725258099913
E02006468,Polesworth,6.671297978528136
E02006469,Dordon,6.879492239109866
E02006470,Atherstone,6.724064078081216
E02006471,Kingsbury,7.24524869850769
E02006472,Hartshill,6.664635066297809
E02006473,Coleshill,7.625936081745396
E02006474,New Arley,6.879559348650574
E02006475,Weddington,6.9956243480888505
E02006476,Camp Hill,6.972091212000051
E02006477,Horeston Grange,7.143148499359787
E02006478,Galley Common,6.819689135982768
E02006479,Nuneaton Town Centre,7.2074945223871305
E02006480,Tomkinson Road,7.091383700834075
E02006481,Stockingford,6.844793988539508
E02006482,Bermuda,6.863698886378439
E02006483,Caldwell,7.300914439988114
E02006484,Attleborough,7.231348796306495
E02006485,Whitestone,7.092951655426556
E02006486,Bedworth Woodlands,7.084100150083127
E02006487,Bedworth Town,7.431717680379967
E02006488,Bulkington,7.193937848752943
E02006489,Bedworth Coalpit Field,7.901989464868484
E02006490,Bedworth Heath,7.298352968083045
E02006494,Town North,7.292461592072065
E02006495,Wolston,6.824798462455924
E02006497,New Bilton,7.03890648941211
E02006498,Cawston,6.766003761787182
E02006503,Dunchurch,6.532009553875653
E02006504,Earlswood,6.465420930815034
E02006505,Henley-in-Arden,6.24730174680511
E02006506,Studley,6.379253557119803
E02006507,Southam,6.449401176486019
E02006508,Harbury,6.50528039823466
E02006509,Alcester,6.240020016489923
E02006510,Wilmcote,6.276031519605473
E02006511,Wellesbourne,6.378982271462173
E02006512,Stratford North,6.560006220985103
E02006513,Stratford South East,6.351916636341304
E02006514,Stratford South West,6.521538696261457
E02006516,Kineton,6.414917911626048
E02006519,Kenilworth West,6.7316806947833285
E02006520,Kenilworth East,6.956417917324403
E02006521,Kenilworth South,6.76690538672979
E02006522,Kingswood,6.549115658175726
E02006523,Cubbington,6.778506086371293
E02006524,Lillington,6.938647738305053
E02006525,Leamington Central,7.001759989179402
E02006526,Warwick North,6.9798716996427155
E02006527,Leamington West,7.004437951777565
E02006528,Leamington East,6.859188380458921
E02006529,Warwick South West,6.957816032096925
E02006530,Warwick South East,6.911127924285489
E02006531,Leamington Brunswick,7.026273648647946
E02006532,Bishops Tachbrook,6.640743538547875
E02006533,Whitnash,6.7274825016252295
E02006696,Hagley,6.511773327239146
E02006697,Dodford,6.537200595267577
E02006698,Rubery West,6.807164590112281
E02006699,Hollywood,7.139982565865557
E02006700,Wythall,6.960845122377929
E02006701,Barnt Green,6.826762137621302
E02006702,Catshill,7.022267096951071
E02006703,Marlbrook,6.730313552941854
E02006704,Alvechurch,6.798474160458009
E02006705,Bromsgrove Sidemoor,6.913225815084999
E02006706,Bromsgrove Central,6.769135691360705
E02006707,Bromsgrove Stoney Hill,6.70251191902805
E02006708,Bromsgrove Charford,6.67677954943752
E02006709,Stoke Heath,6.3563296978340755
E02006710,Tenbury Wells,5.2097862390929945
E02006711,Abberley,5.644607831740622
E02006712,Broadheath,5.646146174711049
E02006721,Riverside,6.833966513461444
E02006722,Church Hill South,7.0224783705263745
E02006723,Batchley,6.795525585681313
E02006724,Redditch Town,6.922801262161445
E02006725,Winyates Green,6.909806453649824
E02006726,Southcrest,6.810180032153277
E02006727,Arrow Valley,6.858006953205682
E02006728,Webheath,6.4894726336153745
E02006729,Matchborough,6.700683255175783
E02006730,Greenlands,6.840427550452774
E02006731,Oakenshaw,6.709562180139188
E02006732,Crabbs Cross,6.566118809721468
E02006733,Hunt End,6.14979418535297
E02006734,Northwick,6.339023005413242
E02006735,Warndon West,6.646179196452697
E02006736,Warndon East,6.649798885683307
E02006737,Barbourne,6.521262005039189
E02006738,King George's Field,6.580907728393306
E02006739,Henwick,6.220411421272269
E02006740,Worcester Town North,6.431675462956644
E02006741,Lyppard Grange,6.694514950990293
E02006748,Hartlebury,6.290224541414951
E02006749,Droitwich Spa West,6.3688070336744085
E02006750,Droitwich Spa East,6.699393879205296
E02006751,Droitwich Spa Central,6.536199905143126
E02006752,Droitwich Spa South,6.662111772521352
E02006753,Fernhill Heath,6.149709081652771
E02006754,Crowle,6.135973096494282
E02006755,Inkberrow,6.074997716217148
E02006767,Wolverley,6.231677479938315
E02006768,Franche,6.41796751764899
E02006769,Greenhill,6.670078862902168
E02006770,Kidderminster Town,6.744902263200798
E02006771,Bewdley East,5.720742566459722
E02006772,Habberley,6.483666343652405
E02006773,Comberton,6.600898433586111
E02006774,Foley Park,6.588992225470996
E02006775,Birchen Coppice,6.431392712580411
E02006776,Spennells,6.460672803649493
E02006777,Bewdley West,5.541479400035876
E02006778,Stourport Lickhill,6.353887564013913
E02006779,Stourport Mitton,6.304158603431389
E02006780,Stourport Areley Kings,6.0875700697781845
E02006805,Holbrooks,7.449055689578419
E02006806,Ash Green,7.493309703796149
E02006807,Yardley Wood East,7.41968384325652
E02006808,Shirley West,7.363485407481943
E02006809,Handsworth Wood,7.995150926696453
E02006810,Charlemont,8.277121052283816
E02006894,Blakenhall,7.63993363654532
E02006895,Attwood Green,8.276641465784094
E02006896,Digbeth,8.321051725868745
E02006897,Five Ways North,8.244844226322467
E02006898,Ladywood Summer Hill,8.30548722883574
E02006899,Birmingham city centre,8.55403564619619
E02006900,Bordesley,8.205411518458286
E02006919,Swadlincote South,7.067985106224166
E02006920,Swadlincote East,7.028193449237951
E02006943,Smethwick East,8.102371767766128
E02006944,Smethwick South East,7.978670725981463
E02006982,Perton,6.146866823350072
E02007038,Birches Green,8.617429053409973
E02007039,Greet,8.422279280265089
E02007040,Sparkhill South,7.865459263532423
E02007048,Brinklow,6.927073002910458
E02007050,Town Centre,6.346006366989639
E02007051,Lawley,5.939861413500921
