area_code,msoa_area_m2,grid_overlap_m2,valid_overlap_m2,valid_coverage_pct,intersecting_cells,complete_valid_coverage
E02001827,2320356.838769662,2320356.8387696566,2320356.8387696566,99.99999999999976,9,True
E02001828,3215733.915350514,3215733.9153505233,3215733.9153505233,100.0000000000003,11,True
E02001829,5438767.758065195,5438767.758065212,5438767.758065212,100.00000000000031,12,True
E02001830,13122410.709233643,13122410.70923365,13122410.70923365,100.00000000000004,24,True
E02001831,2504403.256253065,2504403.25625307,2504403.25625307,100.0000000000002,8,True
E02001832,3424570.0948622893,3424570.094862284,3424570.094862284,99.99999999999984,9,True
E02001833,1530598.642709873,1530598.6427098745,1530598.6427098745,100.0000000000001,8,True
E02001834,1067679.5455651996,1067679.5455651963,1067679.5455651963,99.99999999999969,6,True
E02001835,2340822.9814563566,2340822.9814563626,2340822.9814563626,100.00000000000026,7,True
E02001836,2307363.706512089,2307363.70651209,2307363.70651209,100.00000000000004,7,True
E02001837,1483056.770181549,1483056.7701815479,1483056.7701815479,99.99999999999993,7,True
E02001838,11406247.310924456,11406247.310924476,11406247.310924476,100.00000000000017,27,True
E02001839,1845608.3608377306,1845608.3608377285,1845608.3608377285,99.99999999999989,7,True
E02001840,1550790.4934612594,1550790.4934612587,1550790.4934612587,99.99999999999996,6,True
E02001841,2300246.727000949,2300246.727000948,2300246.727000948,99.99999999999997,7,True
E02001842,1421004.1355011642,1421004.1355011617,1421004.1355011617,99.99999999999983,7,True
E02001843,1242068.7340289,1242068.7340289042,1242068.7340289042,100.00000000000034,5,True
E02001844,1929265.816975047,1929265.816975046,1929265.816975046,99.99999999999993,8,True
E02001845,1151778.5173003913,1151778.5173003953,1151778.5173003953,100.00000000000036,6,True
E02001846,1309679.7111376252,1309679.711137621,1309679.711137621,99.99999999999967,5,True
E02001847,7461074.792653938,7461074.7926539425,7461074.7926539425,100.00000000000006,20,True
E02001848,2015394.3234641405,2015394.3234641296,2015394.3234641296,99.99999999999946,8,True
E02001849,1336636.0549535567,1336636.0549535612,1336636.0549535612,100.00000000000033,6,True
E02001850,2371526.634785919,2371526.6347859157,2371526.6347859157,99.99999999999986,8,True
E02001851,2209988.72352914,2209988.723529132,2209988.723529132,99.99999999999964,8,True
E02001852,1189978.6615244185,1189978.6615244283,1189978.6615244283,100.00000000000082,6,True
E02001855,3079104.9251785045,3079104.925178507,3079104.925178507,100.00000000000009,10,True
E02001856,1929595.9387747778,1929595.938774775,1929595.938774775,99.99999999999986,6,True
E02001857,2727813.9683942455,2727813.968394267,2727813.968394267,100.00000000000078,9,True
E02001858,1632744.3892218622,1632744.3892218599,1632744.3892218599,99.99999999999986,7,True
E02001859,3399478.596183955,3399478.59618396,3399478.59618396,100.00000000000014,10,True
E02001860,988336.0759388002,988336.0759388005,988336.0759388005,100.00000000000001,5,True
E02001861,1172609.5923646076,1172609.592364611,1172609.592364611,100.0000000000003,8,True
E02001862,2227138.014135097,2227138.01413509,2227138.01413509,99.99999999999969,8,True
E02001863,2268836.868447183,2268836.8684471785,2268836.8684471785,99.9999999999998,8,True
E02001865,1221154.7000839957,1221154.70008399,1221154.70008399,99.99999999999955,6,True
E02001866,865198.0054085075,865198.0054085118,865198.0054085118,100.00000000000051,6,True
E02001867,918181.5880732524,918181.5880732515,918181.5880732515,99.99999999999991,4,True
E02001868,1773067.3170151273,1773067.3170151229,1773067.3170151229,99.99999999999974,6,True
E02001869,2748338.611447613,2748338.611447591,2748338.611447591,99.99999999999918,10,True
E02001870,1752993.4050484211,1752993.4050484165,1752993.4050484165,99.99999999999974,6,True
E02001871,1671750.5519133396,1671750.551913341,1671750.551913341,100.00000000000009,6,True
E02001872,1948876.985159335,1948876.985159325,1948876.985159325,99.99999999999949,8,True
E02001873,1837466.5522232065,1837466.5522232116,1837466.5522232116,100.00000000000027,7,True
E02001874,1892992.5535456128,1892992.5535456135,1892992.5535456135,100.00000000000004,6,True
E02001875,1436764.9508696147,1436764.950869619,1436764.950869619,100.0000000000003,6,True
E02001876,3200991.104786553,3200991.104786558,3200991.104786558,100.00000000000016,9,True
E02001877,1240102.6241443204,1240102.6241443227,1240102.6241443227,100.00000000000018,6,True
E02001878,2196830.438588197,2196830.438588201,2196830.438588201,100.0000000000002,9,True
E02001879,1620564.270087474,1620564.2700874698,1620564.2700874698,99.99999999999974,6,True
E02001880,1336857.4448172427,1336857.4448172522,1336857.4448172522,100.00000000000071,7,True
E02001881,1488519.542754353,1488519.5427543595,1488519.5427543595,100.00000000000044,6,True
E02001882,1554628.7104905557,1554628.710490556,1554628.710490556,100.00000000000001,7,True
E02001883,2353245.6275961706,2353245.6275961646,2353245.6275961646,99.99999999999974,8,True
E02001884,1292798.5558678333,1292798.5558678338,1292798.5558678338,100.00000000000004,6,True
E02001886,2009543.8338206855,2009543.8338206878,2009543.8338206878,100.00000000000011,8,True
E02001888,1243236.7726050038,1243236.7726050094,1243236.7726050094,100.00000000000045,7,True
E02001889,937954.8360243541,937954.836024351,937954.836024351,99.99999999999967,4,True
E02001890,2497462.832466451,2497462.8324664426,2497462.8324664426,99.99999999999966,7,True
E02001892,2065352.9620117897,2065352.962011786,2065352.962011786,99.99999999999982,6,True
E02001893,1603692.1993966151,1603692.1993966154,1603692.1993966154,100.00000000000001,6,True
E02001895,2466183.4009014703,2466183.400901469,2466183.400901469,99.99999999999994,8,True
E02001896,1122880.3667667627,1122880.3667667622,1122880.3667667622,99.99999999999996,6,True
E02001897,1878458.31296051,1878458.3129605085,1878458.3129605085,99.99999999999993,6,True
E02001898,1100166.5889379915,1100166.5889379936,1100166.5889379936,100.0000000000002,4,True
E02001899,2306339.475357289,2306339.4753572885,2306339.4753572885,99.99999999999997,8,True
E02001900,1588404.6082244804,1588404.6082244888,1588404.6082244888,100.00000000000053,7,True
E02001901,1668758.7652999004,1668758.7652999081,1668758.7652999081,100.00000000000047,8,True
E02001902,1124541.101340358,1124541.1013403535,1124541.1013403535,99.9999999999996,5,True
E02001903,730165.2609894953,730165.2609894942,730165.2609894942,99.99999999999984,5,True
E02001904,2392873.922088442,2392873.922088441,2392873.922088441,99.99999999999996,8,True
E02001905,4381673.054656927,4381673.054656932,4381673.054656932,100.00000000000013,13,True
E02001906,1851481.6328765259,1851481.632876522,1851481.632876522,99.99999999999979,8,True
E02001907,2876962.077245043,2876962.077245047,2876962.077245047,100.00000000000014,9,True
E02001908,528623.7161902952,528623.716190294,528623.716190294,99.99999999999979,4,True
E02001909,867273.4520760035,867273.4520760039,867273.4520760039,100.00000000000004,5,True
E02001910,879942.6501172261,879942.6501172245,879942.6501172245,99.99999999999983,6,True
E02001911,1386188.5687671034,1386188.5687671106,1386188.5687671106,100.00000000000053,6,True
E02001913,2473967.251017694,2473967.251017705,2473967.251017705,100.00000000000045,10,True
E02001914,2363421.8376665763,2363421.837666573,2363421.837666573,99.99999999999986,7,True
E02001915,1924510.6313528693,1924510.6313528721,1924510.6313528721,100.00000000000016,9,True
E02001916,1457793.8801465277,1457793.8801465211,1457793.8801465211,99.99999999999955,6,True
E02001918,1638512.6239620207,1638512.623962025,1638512.623962025,100.00000000000027,6,True
E02001919,1096058.9124279334,1096058.912427931,1096058.912427931,99.99999999999979,4,True
E02001920,2777370.9379214062,2777370.9379214,2777370.9379214,99.99999999999977,11,True
E02001921,1999547.2476053042,1999547.2476052984,1999547.2476052984,99.99999999999972,7,True
E02001922,1424422.2838191218,1424422.2838191139,1424422.2838191139,99.99999999999945,6,True
E02001923,1744542.5766511064,1744542.5766511147,1744542.5766511147,100.00000000000048,7,True
E02001924,1156459.2977379893,1156459.2977379872,1156459.2977379872,99.99999999999982,4,True
E02001925,2207595.278336279,2207595.2783362777,2207595.2783362777,99.99999999999993,7,True
E02001926,1763719.2920322258,1763719.292032223,1763719.292032223,99.99999999999984,7,True
E02001927,1516114.3643987942,1516114.3643987933,1516114.3643987933,99.99999999999994,5,True
E02001928,1603799.922705132,1603799.9227051344,1603799.9227051344,100.00000000000016,7,True
E02001929,1396190.6139460332,1396190.6139460292,1396190.6139460292,99.99999999999972,5,True
E02001930,1285763.9157754283,1285763.9157754174,1285763.9157754174,99.99999999999915,7,True
E02001931,2507243.3932689843,2507243.393268992,2507243.393268992,100.00000000000033,7,True
E02001932,3336979.1178065045,3336979.117806503,3336979.117806503,99.99999999999996,10,True
E02001933,1660972.5805635662,1660972.5805635718,1660972.5805635718,100.00000000000034,6,True
E02001934,1206512.334504936,1206512.3345049415,1206512.3345049415,100.00000000000045,6,True
E02001935,1966487.6986674918,1966487.6986674964,1966487.6986674964,100.00000000000024,8,True
E02001936,1231453.971656428,1231453.971656423,1231453.971656423,99.9999999999996,6,True
E02001937,1834336.3650981532,1834336.3650981593,1834336.3650981593,100.00000000000033,8,True
E02001938,1849083.8171844676,1849083.8171844655,1849083.8171844655,99.99999999999989,7,True
E02001939,1719821.068625915,1719821.0686259125,1719821.0686259125,99.99999999999986,8,True
E02001941,1402484.7611249674,1402484.7611249692,1402484.7611249692,100.00000000000013,7,True
E02001942,1162909.8862733478,1162909.8862733496,1162909.8862733496,100.00000000000016,7,True
E02001943,1678377.7683703443,1678377.768370341,1678377.768370341,99.9999999999998,5,True
E02001944,1868799.0627220673,1868799.0627220687,1868799.0627220687,100.00000000000007,7,True
E02001945,1606068.123725594,1606068.1237255975,1606068.1237255975,100.00000000000023,8,True
E02001946,1798691.1212309154,1798691.121230918,1798691.121230918,100.00000000000014,8,True
E02001947,1227561.3025089218,1227561.3025089176,1227561.3025089176,99.99999999999966,5,True
E02001948,1251544.2466509289,1251544.2466509358,1251544.2466509358,100.00000000000055,7,True
E02001949,1906511.0718222277,1906511.0718222242,1906511.0718222242,99.99999999999982,7,True
E02001950,1882246.9967314946,1882246.9967314978,1882246.9967314978,100.00000000000018,7,True
E02001951,1616373.589361504,1616373.5893615014,1616373.5893615014,99.99999999999984,8,True
E02001952,1667257.2460642643,1667257.2460642634,1667257.2460642634,99.99999999999994,7,True
E02001953,2179287.102735164,2179287.10273517,2179287.10273517,100.00000000000027,7,True
E02001954,1838638.8734405304,1838638.8734405262,1838638.8734405262,99.99999999999977,7,True
E02001955,2849742.714475721,2849742.714475712,2849742.714475712,99.99999999999966,10,True
E02001956,1613198.7880583499,1613198.788058353,1613198.788058353,100.00000000000018,8,True
E02001957,1340688.0166462238,1340688.0166462169,1340688.0166462169,99.99999999999947,6,True
E02001958,2681201.8205395457,2681201.820539545,2681201.820539545,99.99999999999997,9,True
E02001959,4287200.812775261,4287200.8127752505,4287200.8127752505,99.99999999999976,11,True
E02001961,1508510.0262642037,1508510.0262642049,1508510.0262642049,100.00000000000009,6,True
E02001962,1429755.8397377194,1429755.8397377254,1429755.8397377254,100.00000000000043,6,True
E02001963,1285040.8866819546,1285040.8866819623,1285040.8866819623,100.0000000000006,6,True
E02001964,3296521.9414673764,3296521.9414673825,3296521.9414673825,100.00000000000018,11,True
E02001965,2259115.152431921,2259115.152431917,2259115.152431917,99.99999999999982,8,True
E02001966,1175003.4887261062,1175003.488726109,1175003.488726109,100.00000000000023,6,True
E02001967,16350807.965447048,16350807.965447063,16350807.965447063,100.0000000000001,27,True
E02001968,1587216.75985809,1587216.7598580867,1587216.7598580867,99.9999999999998,7,True
E02001969,930986.0189979146,930986.0189979188,930986.0189979188,100.00000000000045,3,True
E02001970,1750457.5311303562,1750457.531130358,1750457.531130358,100.0000000000001,6,True
E02001971,1113646.8129165967,1113646.8129165913,1113646.8129165913,99.99999999999952,5,True
E02001972,1890102.209758745,1890102.209758737,1890102.209758737,99.99999999999956,7,True
E02001973,1293095.4354225683,1293095.4354225744,1293095.4354225744,100.00000000000047,5,True
E02001974,2037178.1785759246,2037178.178575928,2037178.178575928,100.00000000000017,8,True
E02001975,1195677.1360801237,1195677.1360801244,1195677.1360801244,100.00000000000006,5,True
E02001976,3365666.653996393,3365666.6539963773,3365666.6539963773,99.99999999999952,13,True
E02001977,1473436.5577287152,1473436.5577287148,1473436.5577287148,99.99999999999996,6,True
E02001978,998937.022896993,998937.0228969895,998937.0228969895,99.99999999999964,4,True
E02001979,1386751.2915879553,1386751.291587951,1386751.291587951,99.99999999999969,5,True
E02001980,1375874.9734110138,1375874.973411007,1375874.973411007,99.99999999999952,8,True
E02001981,1240454.2597200545,1240454.2597200552,1240454.2597200552,100.00000000000006,4,True
E02001982,2060428.054574158,2060428.0545741615,2060428.0545741615,100.00000000000017,7,True
E02001983,2058411.7154113117,2058411.7154113115,2058411.7154113115,99.99999999999999,7,True
E02001984,1587606.420131674,1587606.4201316799,1587606.4201316799,100.00000000000036,5,True
E02001985,1211252.4993504295,1211252.4993504286,1211252.4993504286,99.99999999999993,8,True
E02001986,1992027.6086429108,1992027.6086429108,1992027.6086429108,100.0,7,True
E02001987,839037.7444852565,839037.7444852572,839037.7444852572,100.00000000000009,4,True
E02001988,2183138.3369845743,2183138.3369845725,2183138.3369845725,99.99999999999991,8,True
E02001989,1306874.332432702,1306874.3324327045,1306874.3324327045,100.0000000000002,5,True
E02001990,2266815.726292514,2266815.7262925203,2266815.7262925203,100.00000000000028,8,True
E02001991,3344931.6411252827,3344931.6411252776,3344931.6411252776,99.99999999999986,12,True
E02001992,2854825.3613650524,2854825.3613650533,2854825.3613650533,100.00000000000003,11,True
E02001993,4066754.9781446164,4066754.978144628,4066754.978144628,100.00000000000028,10,True
E02001994,1370653.1138194879,1370653.1138194874,1370653.1138194874,99.99999999999997,6,True
E02001995,4545242.481529401,4545242.481529399,4545242.481529399,99.99999999999996,11,True
E02001996,1545981.7645077652,1545981.7645077624,1545981.7645077624,99.99999999999983,6,True
E02001997,2161564.849660026,2161564.849660028,2161564.849660028,100.00000000000009,10,True
E02001998,1319628.9630575895,1319628.9630575941,1319628.9630575941,100.00000000000036,6,True
E02001999,4668510.770200515,4668510.770200518,4668510.770200518,100.00000000000006,11,True
E02002000,2340992.7336701555,2340992.733670153,2340992.733670153,99.9999999999999,7,True
E02002001,1995936.1882192544,1995936.1882192597,1995936.1882192597,100.00000000000027,8,True
E02002002,2391970.549808983,2391970.549808974,2391970.549808974,99.99999999999962,9,True
E02002003,2175652.846942083,2175652.846942079,2175652.846942079,99.9999999999998,8,True
E02002004,1686970.7572512948,1686970.757251299,1686970.757251299,100.00000000000026,8,True
E02002005,3053362.6076191757,3053362.6076191715,3053362.6076191715,99.99999999999987,9,True
E02002006,1379285.903305286,1379285.9033052851,1379285.9033052851,99.99999999999994,6,True
E02002007,2839156.0818048264,2839156.0818048315,2839156.0818048315,100.00000000000018,8,True
E02002008,2174952.672970252,2174952.6729702577,2174952.6729702577,100.00000000000026,6,True
E02002009,1232341.8641023734,1232341.8641023738,1232341.8641023738,100.00000000000004,4,True
E02002010,2093817.0295578616,2093817.029557875,2093817.029557875,100.00000000000063,9,True
E02002011,3220525.3809018214,3220525.380901814,3220525.380901814,99.99999999999977,9,True
E02002012,2450141.9677147954,2450141.967714781,2450141.967714781,99.9999999999994,9,True
E02002013,1890510.2095021557,1890510.2095021608,1890510.2095021608,100.00000000000027,7,True
E02002014,2055604.923180556,2055604.9231805524,2055604.9231805524,99.99999999999983,7,True
E02002015,2257964.318403337,2257964.3184033325,2257964.3184033325,99.9999999999998,8,True
E02002016,2528816.685322073,2528816.6853220756,2528816.6853220756,100.0000000000001,10,True
E02002017,2439199.726087741,2439199.7260877406,2439199.7260877406,99.99999999999999,8,True
E02002018,2180730.3177870777,2180730.3177870866,2180730.3177870866,100.00000000000041,7,True
E02002019,2601782.190507133,2601782.1905071237,2601782.1905071237,99.99999999999964,11,True
E02002020,2453930.5406685276,2453930.54066853,2453930.54066853,100.0000000000001,10,True
E02002021,2907882.6010144823,2907882.6010144865,2907882.6010144865,100.00000000000014,6,True
E02002022,2052512.6612503028,2052512.6612503054,2052512.6612503054,100.00000000000013,7,True
E02002023,916762.188187514,916762.1881875101,916762.1881875101,99.99999999999957,5,True
E02002024,2203703.4297869434,2203703.429786949,2203703.429786949,100.00000000000026,7,True
E02002025,2210417.5592810386,2210417.5592810414,2210417.5592810414,100.00000000000013,6,True
E02002026,1574008.492208202,1574008.4922082003,1574008.4922082003,99.9999999999999,6,True
E02002027,1191620.8503648168,1191620.850364816,1191620.850364816,99.99999999999991,6,True
E02002028,1246785.8388058306,1246785.8388058357,1246785.8388058357,100.00000000000041,4,True
E02002029,1898872.2681352177,1898872.2681352133,1898872.2681352133,99.99999999999976,8,True
E02002030,1721559.9456156285,1721559.9456156234,1721559.9456156234,99.9999999999997,6,True
E02002031,1806683.5935338626,1806683.5935338673,1806683.5935338673,100.00000000000026,8,True
E02002032,2583255.389953916,2583255.3899539174,2583255.3899539174,100.00000000000006,8,True
E02002033,2896324.3741321806,2896324.374132179,2896324.374132179,99.99999999999994,8,True
E02002034,1792086.0710084748,1792086.071008477,1792086.071008477,100.00000000000011,7,True
E02002035,5128162.266831328,5128162.266831339,5128162.266831339,100.00000000000023,12,True
E02002036,2282300.326772561,2282300.326772562,2282300.326772562,100.00000000000006,9,True
E02002037,1523157.1215039322,1523157.1215039263,1523157.1215039263,99.99999999999962,6,True
E02002038,2010154.7146897032,2010154.7146897002,2010154.7146897002,99.99999999999986,7,True
E02002039,1671377.1152564152,1671377.1152564175,1671377.1152564175,100.00000000000013,7,True
E02002040,4175305.1603157762,4175305.160315779,4175305.160315779,100.00000000000006,11,True
E02002041,2872426.6904913294,2872426.69049132,2872426.69049132,99.99999999999967,10,True
E02002042,3827219.1980324397,3827219.198032438,3827219.198032438,99.99999999999994,10,True
E02002043,2072261.2668305782,2072261.266830578,2072261.266830578,99.99999999999999,5,True
E02002044,1724508.4762003298,1724508.476200338,1724508.476200338,100.00000000000047,8,True
E02002045,2076941.5909819056,2076941.5909819058,2076941.5909819058,100.00000000000001,7,True
E02002046,1012352.6741089585,1012352.6741089565,1012352.6741089565,99.9999999999998,5,True
E02002047,2534055.746583522,2534055.746583518,2534055.746583518,99.99999999999986,9,True
E02002048,2847657.698404474,2847657.6984044774,2847657.6984044774,100.00000000000011,7,True
E02002049,1557873.7398197872,1557873.7398197919,1557873.7398197919,100.0000000000003,5,True
E02002051,1067884.356765173,1067884.3567651743,1067884.3567651743,100.00000000000013,6,True
E02002052,2479858.7231705384,2479858.7231705394,2479858.7231705394,100.00000000000004,8,True
E02002053,1037002.1154996614,1037002.1154996571,1037002.1154996571,99.99999999999959,5,True
E02002054,1715398.2794595219,1715398.2794595268,1715398.2794595268,100.00000000000028,7,True
E02002055,3545274.601690522,3545274.601690525,3545274.601690525,100.0000000000001,10,True
E02002056,2049700.5800967664,2049700.580096767,2049700.580096767,100.00000000000003,8,True
E02002057,2041407.6874530066,2041407.6874530073,2041407.6874530073,100.00000000000004,6,True
E02002058,3447164.5623876397,3447164.5623876355,3447164.5623876355,99.99999999999989,12,True
E02002059,4032524.436887973,4032524.436887976,4032524.436887976,100.00000000000007,11,True
E02002060,2597614.729447234,2597614.7294472363,2597614.7294472363,100.0000000000001,8,True
E02002061,1822636.3144103617,1822636.3144103568,1822636.3144103568,99.99999999999973,7,True
E02002062,3195654.518239783,3195654.5182397747,3195654.5182397747,99.99999999999973,10,True
E02002063,3697867.9869235195,3697867.9869235223,3697867.9869235223,100.00000000000007,13,True
E02002064,2340413.5770298894,2340413.577029888,2340413.577029888,99.99999999999994,10,True
E02002065,3502479.3537913393,3502479.3537913444,3502479.3537913444,100.00000000000014,8,True
E02002066,2834307.867227924,2834307.8672279227,2834307.8672279227,99.99999999999996,9,True
E02002067,2422536.8527701944,2422536.8527701953,2422536.8527701953,100.00000000000004,7,True
E02002069,1505177.9910273293,1505177.9910273352,1505177.9910273352,100.00000000000038,4,True
E02002070,1056268.6319368235,1056268.6319368226,1056268.6319368226,99.99999999999991,4,True
E02002071,1797925.8914863549,1797925.8914863558,1797925.8914863558,100.00000000000004,7,True
E02002072,1971985.6716478374,1971985.6716478297,1971985.6716478297,99.99999999999962,7,True
E02002073,1542364.4772201336,1542364.4772201309,1542364.4772201309,99.99999999999982,7,True
E02002074,1368230.3483413856,1368230.3483413798,1368230.3483413798,99.99999999999957,6,True
E02002075,1880767.2008923087,1880767.200892313,1880767.200892313,100.00000000000021,7,True
E02002076,1884007.5738919165,1884007.5738919107,1884007.5738919107,99.99999999999969,8,True
E02002077,2466749.978110531,2466749.978110528,2466749.978110528,99.99999999999989,10,True
E02002078,1161234.8937047669,1161234.893704772,1161234.893704772,100.00000000000044,5,True
E02002079,1929391.4323809065,1929391.432380906,1929391.432380906,99.99999999999997,8,True
E02002080,2430704.249903856,2430704.249903856,2430704.249903856,100.0,9,True
E02002081,1855853.9864562785,1855853.9864562736,1855853.9864562736,99.99999999999973,6,True
E02002082,697328.0167081846,697328.0167081794,697328.0167081794,99.99999999999926,4,True
E02002083,1346136.7866893616,1346136.7866893653,1346136.7866893653,100.00000000000027,4,True
E02002084,1459765.7692246828,1459765.7692246786,1459765.7692246786,99.99999999999972,6,True
E02002085,1461976.3439311162,1461976.3439311173,1461976.3439311173,100.00000000000009,5,True
E02002086,1459886.628826471,1459886.628826472,1459886.628826472,100.00000000000006,6,True
E02002087,1202018.3582578963,1202018.3582578953,1202018.3582578953,99.99999999999993,4,True
E02002088,1679679.2856912117,1679679.2856912059,1679679.2856912059,99.99999999999966,6,True
E02002089,15005731.90906123,15005731.909061236,15005731.909061236,100.00000000000004,27,True
E02002090,1223296.7731391739,1223296.7731391736,1223296.7731391736,99.99999999999999,5,True
E02002091,3312693.7665056754,3312693.7665056796,3312693.7665056796,100.00000000000013,10,True
E02002092,1677994.9918615788,1677994.9918615764,1677994.9918615764,99.99999999999986,5,True
E02002093,1656874.570099296,1656874.5700992956,1656874.5700992956,99.99999999999997,8,True
E02002094,2253774.3354408313,2253774.3354408224,2253774.3354408224,99.99999999999962,8,True
E02002095,15136984.341795089,15136984.341795113,15136984.341795113,100.00000000000016,29,True
E02002096,3647148.6347016552,3647148.6347016636,3647148.6347016636,100.00000000000024,11,True
E02002097,47215771.61636077,47215771.61636073,47215771.61636073,99.99999999999991,86,True
E02002098,2179619.6449542856,2179619.6449542954,2179619.6449542954,100.00000000000045,8,True
E02002099,3828920.4980330113,3828920.49803301,3828920.49803301,99.99999999999996,11,True
E02002101,1342538.7768916497,1342538.7768916462,1342538.7768916462,99.99999999999973,7,True
E02002102,2871013.895072344,2871013.895072342,2871013.895072342,99.99999999999993,8,True
E02002103,1565429.2422618284,1565429.2422618344,1565429.2422618344,100.00000000000038,6,True
E02002104,2727119.943274013,2727119.9432740128,2727119.9432740128,99.99999999999999,11,True
E02002105,22908933.073309902,22908933.073309917,22908933.073309917,100.00000000000007,41,True
E02002106,8974464.280960128,8974464.280960122,8974464.280960122,99.99999999999994,20,True
E02002107,2411190.968327126,2411190.9683271246,2411190.9683271246,99.99999999999994,7,True
E02002108,8884219.715941802,8884219.715941807,8884219.715941807,100.00000000000006,18,True
E02002109,16895021.61908974,16895021.619089726,16895021.619089726,99.99999999999991,28,True
E02002110,5028764.851974927,5028764.851974932,5028764.851974932,100.00000000000009,14,True
E02002111,2208528.6299501583,2208528.6299501625,2208528.6299501625,100.00000000000018,8,True
E02002112,2424617.830031076,2424617.830031074,2424617.830031074,99.99999999999991,6,True
E02002113,4526179.667940897,4526179.667940892,4526179.667940892,99.99999999999989,14,True
E02002114,1800184.7691449241,1800184.7691449241,1800184.7691449241,99.99999999999999,7,True
E02002115,2817069.916477196,2817069.916477193,2817069.916477193,99.9999999999999,8,True
E02002116,3316338.135930928,3316338.1359309372,3316338.1359309372,100.00000000000028,11,True
E02002117,1767467.9237870604,1767467.9237870593,1767467.9237870593,99.99999999999993,7,True
E02002118,1800150.7737243539,1800150.7737243534,1800150.7737243534,99.99999999999997,7,True
E02002119,1593256.0416202354,1593256.0416202329,1593256.0416202329,99.99999999999983,5,True
E02002120,1163388.0833424935,1163388.083342495,1163388.083342495,100.00000000000013,5,True
E02002121,1215104.8489552906,1215104.8489552927,1215104.8489552927,100.00000000000017,7,True
E02002122,1577414.0222931488,1577414.0222931495,1577414.0222931495,100.00000000000004,7,True
E02002123,1188239.7561118302,1188239.756111832,1188239.756111832,100.00000000000016,7,True
E02002124,5754604.0464957785,5754604.046495768,5754604.046495768,99.99999999999982,12,True
E02002125,4207787.187396622,4207787.18739661,4207787.18739661,99.99999999999972,11,True
E02002126,2106999.6126763877,2106999.612676392,2106999.612676392,100.0000000000002,6,True
E02002127,2469360.626946283,2469360.626946291,2469360.626946291,100.00000000000033,9,True
E02002128,2019876.9280758633,2019876.928075854,2019876.928075854,99.99999999999953,8,True
E02002129,1777026.1996109542,1777026.199610952,1777026.199610952,99.99999999999989,6,True
E02002130,1640476.3050681162,1640476.305068115,1640476.305068115,99.99999999999993,5,True
E02002131,8352928.737290102,8352928.737290108,8352928.737290108,100.00000000000007,16,True
E02002132,1414590.4969898511,1414590.4969898527,1414590.4969898527,100.00000000000011,6,True
E02002133,3519753.2152921883,3519753.2152921874,3519753.2152921874,99.99999999999997,11,True
E02002134,2546432.8583282656,2546432.8583282726,2546432.8583282726,100.00000000000028,9,True
E02002135,2161028.0933026276,2161028.0933026294,2161028.0933026294,100.00000000000009,7,True
E02002136,2274580.8419427434,2274580.8419427443,2274580.8419427443,100.00000000000004,7,True
E02002137,2162542.9970370373,2162542.997037036,2162542.997037036,99.99999999999993,7,True
E02002138,1800436.4348126883,1800436.4348126904,1800436.4348126904,100.00000000000011,6,True
E02002139,2363239.302638661,2363239.302638663,2363239.302638663,100.00000000000009,11,True
E02002140,1919947.5206767912,1919947.5206767907,1919947.5206767907,99.99999999999997,7,True
E02002141,2655091.7563663656,2655091.75636636,2655091.75636636,99.99999999999979,9,True
E02002142,2685240.0057734572,2685240.005773456,2685240.005773456,99.99999999999996,9,True
E02002143,1642439.692151088,1642439.6921510887,1642439.6921510887,100.00000000000004,6,True
E02002144,2826046.8937781514,2826046.8937781523,2826046.8937781523,100.00000000000004,8,True
E02002145,1267284.0439836245,1267284.0439836176,1267284.0439836176,99.99999999999945,6,True
E02002146,2029113.1775499722,2029113.1775499792,2029113.1775499792,100.00000000000034,7,True
E02002147,2362985.627872835,2362985.627872833,2362985.627872833,99.99999999999991,9,True
E02002148,7600295.515457028,7600295.515457028,7600295.515457028,100.00000000000001,17,True
E02002149,3598822.943305151,3598822.9433051487,3598822.9433051487,99.99999999999993,11,True
E02002150,2025966.2501617596,2025966.2501617682,2025966.2501617682,100.00000000000043,6,True
E02002151,1125191.271730552,1125191.2717305596,1125191.2717305596,100.00000000000068,5,True
E02002152,1706238.7029693774,1706238.7029693732,1706238.7029693732,99.99999999999976,8,True
E02002153,1504560.2038861034,1504560.2038860987,1504560.2038860987,99.99999999999969,4,True
E02002154,2332302.5820324584,2332302.5820324584,2332302.5820324584,100.0,7,True
E02002155,1030524.5443826556,1030524.5443826691,1030524.5443826691,100.00000000000131,5,True
E02002156,1562038.7719962872,1562038.7719962914,1562038.7719962914,100.00000000000027,5,True
E02002157,3205747.5558126634,3205747.555812658,3205747.555812658,99.99999999999983,10,True
E02002158,1634662.5259114697,1634662.5259114727,1634662.5259114727,100.00000000000018,6,True
E02002159,1175724.5830930246,1175724.5830930169,1175724.5830930169,99.99999999999935,6,True
E02002160,3315925.358154466,3315925.3581544566,3315925.3581544566,99.99999999999972,10,True
E02002161,1996203.4797770556,1996203.4797770416,1996203.4797770416,99.9999999999993,7,True
E02002162,2954260.509397682,2954260.5093976827,2954260.5093976827,100.00000000000003,12,True
E02002163,2318555.2232702384,2318555.2232702347,2318555.2232702347,99.99999999999984,9,True
E02002164,721037.652624007,721037.6526240134,721037.6526240134,100.0000000000009,4,True
E02002165,1646096.3995987566,1646096.39959876,1646096.39959876,100.00000000000021,7,True
E02002166,2824564.9798463024,2824564.979846302,2824564.979846302,99.99999999999997,9,True
E02002167,2592945.6287608505,2592945.628760859,2592945.628760859,100.00000000000031,9,True
E02002168,3059690.7048297804,3059690.704829789,3059690.704829789,100.0000000000003,11,True
E02002169,2911296.77625408,2911296.77625408,2911296.77625408,100.0,9,True
E02002170,1148729.1850717755,1148729.1850717717,1148729.1850717717,99.99999999999967,6,True
E02002171,1808339.2614743249,1808339.261474331,1808339.261474331,100.00000000000034,9,True
E02002174,1736305.6092697948,1736305.6092697857,1736305.6092697857,99.99999999999947,8,True
E02002175,2210629.9903419195,2210629.9903419227,2210629.9903419227,100.00000000000014,8,True
E02002176,1489924.5595062214,1489924.5595062205,1489924.5595062205,99.99999999999994,5,True
E02002177,3364283.631833972,3364283.6318339645,3364283.6318339645,99.99999999999979,8,True
E02002178,2370774.799397865,2370774.7993978667,2370774.7993978667,100.00000000000009,8,True
E02002179,1592017.3092113617,1592017.3092113636,1592017.3092113636,100.00000000000011,6,True
E02002180,1755322.304033316,1755322.3040333202,1755322.3040333202,100.00000000000024,6,True
E02002181,2153378.2577355774,2153378.2577355807,2153378.2577355807,100.00000000000016,8,True
E02002182,1520193.03101244,1520193.031012439,1520193.031012439,99.99999999999991,6,True
E02002809,5729885.429465769,5729885.429465781,5729885.429465781,100.00000000000021,16,True
E02002812,2536054.153401433,2536054.1534014326,2536054.1534014326,99.99999999999999,9,True
E02002813,1840162.1156144338,1840162.1156144205,1840162.1156144205,99.99999999999928,7,True
E02002814,2136812.5565396925,2136812.556539697,2136812.556539697,100.00000000000021,6,True
E02002815,831416.8920879172,831416.8920879294,831416.8920879294,100.00000000000146,5,True
E02002816,3348821.415068707,3348821.4150687046,3348821.4150687046,99.99999999999993,12,True
E02002817,1690151.2770455396,1690151.277045539,1690151.277045539,99.99999999999997,8,True
E02002818,1292789.2512097692,1292789.2512097717,1292789.2512097717,100.0000000000002,6,True
E02002819,5140078.349559349,5140078.349559355,5140078.349559355,100.00000000000011,14,True
E02002820,1722196.595919293,1722196.5959192922,1722196.5959192922,99.99999999999996,6,True
E02002821,2907205.7600140986,2907205.760014097,2907205.760014097,99.99999999999994,9,True
E02002822,1672546.8004457345,1672546.8004457327,1672546.8004457327,99.9999999999999,5,True
E02002823,1949582.117175879,1949582.117175881,1949582.117175881,100.0000000000001,7,True
E02002824,5401369.826724177,5401369.826724169,5401369.826724169,99.99999999999986,13,True
E02002825,2788494.888153946,2788494.888153958,2788494.888153958,100.00000000000044,8,True
E02002826,2299872.708866159,2299872.708866151,2299872.708866151,99.99999999999966,8,True
E02002905,228760407.10847145,228760407.1084712,228760407.1084712,99.9999999999999,297,True
E02002908,230424087.7282287,230424087.7282289,230424087.7282289,100.0000000000001,328,True
E02002909,213472697.241135,213472697.241135,213472697.241135,100.0,271,True
E02002928,2197792.4805060136,2197792.4805060104,2197792.4805060104,99.99999999999986,6,True
E02002929,98552616.17921259,98552616.17921256,98552616.17921256,99.99999999999997,146,True
E02002930,1941948.231715977,1941948.2317159763,1941948.2317159763,99.99999999999997,7,True
E02002931,25112796.738414895,25112796.738414925,25112796.738414925,100.00000000000013,46,True
E02002932,3681953.158528078,3681953.158528074,3681953.158528074,99.9999999999999,8,True
E02002933,2479936.279051199,2479936.2790511996,2479936.2790511996,100.00000000000001,10,True
E02002934,3289943.7400677344,3289943.740067744,3289943.740067744,100.0000000000003,8,True
E02002935,2601440.380894372,2601440.3808943676,2601440.3808943676,99.99999999999984,7,True
E02002936,6396530.955267288,6396530.955267287,6396530.955267287,99.99999999999997,15,True
E02002937,97084722.20663075,97084722.20663074,97084722.20663074,100.0,144,True
E02002938,2461639.3727407176,2461639.372740709,2461639.372740709,99.99999999999966,9,True
E02002939,2294636.8419468184,2294636.8419468263,2294636.8419468263,100.00000000000034,8,True
E02002940,1843084.1777530941,1843084.177753096,1843084.177753096,100.0000000000001,6,True
E02002941,4805599.342038195,4805599.342038199,4805599.342038199,100.0000000000001,14,True
E02002942,4291016.430299068,4291016.430299069,4291016.430299069,100.00000000000001,10,True
E02002944,3233453.386523428,3233453.386523419,3233453.386523419,99.99999999999973,9,True
E02002945,6316616.006909951,6316616.00690996,6316616.00690996,100.00000000000016,15,True
E02002946,3028944.7160093915,3028944.7160093854,3028944.7160093854,99.9999999999998,8,True
E02002947,1522741.9531981004,1522741.953198103,1522741.953198103,100.00000000000017,6,True
E02002948,1422832.9217758793,1422832.921775884,1422832.921775884,100.00000000000033,6,True
E02002949,2654773.7171004466,2654773.7171004405,2654773.7171004405,99.99999999999977,10,True
E02002950,4763467.567809208,4763467.567809214,4763467.567809214,100.00000000000011,12,True
E02004077,171054261.0979842,171054261.0979842,171054261.0979842,100.0,219,True
E02004086,8579439.653786026,8579439.653786015,8579439.653786015,99.99999999999986,17,True
E02004088,3430824.327511656,3430824.3275116594,3430824.3275116594,100.00000000000009,11,True
E02004090,12371881.299822528,12371881.299822506,12371881.299822506,99.99999999999982,27,True
E02004091,6610256.411502594,6610256.411502612,6610256.411502612,100.00000000000027,19,True
E02004092,2989308.1910837763,2989308.191083765,2989308.191083765,99.99999999999962,10,True
E02004118,76817768.41567644,76817768.41567641,76817768.41567641,99.99999999999996,114,True
E02004119,25277362.400393147,25277362.400393166,25277362.400393166,100.00000000000007,41,True
E02004120,16644928.271881599,16644928.271881599,16644928.271881599,100.0,32,True
E02004121,42623156.990971826,42623156.990971826,42623156.990971826,100.0,62,True
E02004122,49901347.88996734,49901347.88996729,49901347.88996729,99.9999999999999,80,True
E02004123,39858857.845481895,39858857.84548192,39858857.84548192,100.00000000000006,64,True
E02004124,3197742.6495605875,3197742.6495605856,3197742.6495605856,99.99999999999994,9,True
E02004125,6954499.973075815,6954499.973075814,6954499.973075814,99.99999999999997,15,True
E02004126,2394498.4984634346,2394498.4984634356,2394498.4984634356,100.00000000000003,7,True
E02004128,64802235.333699025,64802235.333699025,64802235.333699025,100.0,85,True
E02005335,23413914.899445616,23413914.899445627,23413914.899445627,100.00000000000006,45,True
E02005342,21583074.21738522,21583074.217385195,21583074.217385195,99.99999999999989,42,True
E02005344,24506819.3496333,24506819.349633276,24506819.349633276,99.9999999999999,40,True
E02005349,9125914.53094593,9125914.53094593,9125914.53094593,100.0,19,True
E02005350,8995495.0632575,8995495.063257499,8995495.063257499,99.99999999999999,17,True
E02005372,147767949.2599409,147767949.2599409,147767949.2599409,100.0,191,True
E02005377,32715480.679572314,32715480.679572307,32715480.679572307,99.99999999999997,52,True
E02005380,94395573.5546179,94395573.554618,94395573.554618,100.0000000000001,130,True
E02005381,43918503.975650966,43918503.97565095,43918503.97565095,99.99999999999996,68,True
E02005382,8212733.991349601,8212733.9913496105,8212733.9913496105,100.00000000000011,17,True
E02005383,8520622.114456564,8520622.11445655,8520622.11445655,99.99999999999982,19,True
E02005384,68093305.3467525,68093305.3467525,68093305.3467525,100.0,96,True
E02005385,4422446.036618692,4422446.036618692,4422446.036618692,100.0,12,True
E02005386,1784298.4590288452,1784298.4590288484,1784298.4590288484,100.00000000000018,7,True
E02005387,4184631.6783789694,4184631.6783789876,4184631.6783789876,100.00000000000043,11,True
E02005388,1456292.3453863726,1456292.3453863678,1456292.3453863678,99.99999999999966,6,True
E02005389,3370280.1048924783,3370280.104892479,3370280.104892479,100.00000000000001,10,True
E02005390,9207795.001615705,9207795.001615712,9207795.001615712,100.00000000000009,20,True
E02005397,44451732.68870581,44451732.68870585,44451732.68870585,100.00000000000009,69,True
E02005398,38343112.29411701,38343112.294117,38343112.294117,99.99999999999997,64,True
E02005399,10424760.577428006,10424760.577428,10424760.577428,99.99999999999994,20,True
E02005400,7272373.511053958,7272373.511053955,7272373.511053955,99.99999999999997,17,True
E02005401,50251572.08759249,50251572.08759251,50251572.08759251,100.00000000000006,78,True
E02005402,9804429.38798095,9804429.38798095,9804429.38798095,100.0,22,True
E02005403,5264446.549208312,5264446.549208317,5264446.549208317,100.00000000000009,14,True
E02005404,20347199.240429796,20347199.2404298,20347199.2404298,100.00000000000001,39,True
E02005405,16365233.10428678,16365233.10428678,16365233.10428678,100.0,32,True
E02005406,2648873.0235736314,2648873.0235736263,2648873.0235736263,99.9999999999998,8,True
E02005407,10770787.519258887,10770787.519258885,10770787.519258885,99.99999999999999,28,True
E02005408,42177373.994699575,42177373.99469963,42177373.99469963,100.00000000000013,63,True
E02005409,21199706.62240877,21199706.622408763,21199706.622408763,99.99999999999996,40,True
E02006008,59454705.3865167,59454705.38651669,59454705.38651669,99.99999999999999,84,True
E02006009,46010061.835320964,46010061.83532094,46010061.83532094,99.99999999999994,64,True
E02006010,153918517.51354906,153918517.51354906,153918517.51354906,100.0,200,True
E02006011,4838608.436808531,4838608.436808542,4838608.436808542,100.00000000000024,11,True
E02006012,5837735.717666168,5837735.717666186,5837735.717666186,100.00000000000031,18,True
E02006013,162215906.33416277,162215906.33416265,162215906.33416265,99.99999999999993,210,True
E02006014,200934432.2191323,200934432.21913218,200934432.21913218,99.99999999999994,249,True
E02006016,160399895.33090574,160399895.33090562,160399895.33090562,99.99999999999991,215,True
E02006018,4613580.841528166,4613580.841528162,4613580.841528162,99.99999999999991,12,True
E02006020,110520860.50576404,110520860.50576395,110520860.50576395,99.99999999999991,148,True
E02006022,107125751.58252938,107125751.5825294,107125751.5825294,100.00000000000001,143,True
E02006038,73649794.98969966,73649794.98969968,73649794.98969968,100.00000000000003,115,True
E02006040,238548647.2744009,238548647.27440077,238548647.27440077,99.99999999999996,292,True
E02006043,243264112.46195456,243264112.46195483,243264112.46195483,100.00000000000011,292,True
E02006046,120500906.39923826,120500906.39923829,120500906.39923829,100.00000000000001,171,True
E02006118,17349039.257229358,17349039.257229347,17349039.257229347,99.99999999999994,34,True
E02006119,2548457.597330868,2548457.5973308575,2548457.5973308575,99.9999999999996,11,True
E02006120,6084118.480339997,6084118.480340006,6084118.480340006,100.00000000000014,17,True
E02006121,9934021.345550785,9934021.345550792,9934021.345550792,100.00000000000007,22,True
E02006122,2680157.886895708,2680157.886895703,2680157.886895703,99.99999999999983,8,True
E02006123,9895300.870986732,9895300.870986754,9895300.870986754,100.00000000000023,19,True
E02006124,1476575.7170508935,1476575.7170508972,1476575.7170508972,100.00000000000026,4,True
E02006125,1681830.312712113,1681830.312712113,1681830.312712113,100.0,8,True
E02006126,3720097.5904591247,3720097.590459115,3720097.590459115,99.99999999999974,13,True
E02006127,1722520.1381133513,1722520.1381133543,1722520.1381133543,100.00000000000018,6,True
E02006128,3366430.3569965865,3366430.3569965777,3366430.3569965777,99.99999999999974,12,True
E02006129,3278549.944272707,3278549.944272722,3278549.944272722,100.00000000000045,9,True
E02006130,15151100.829424603,15151100.829424568,15151100.829424568,99.99999999999976,26,True
E02006131,124348491.56442308,124348491.56442301,124348491.56442301,99.99999999999994,184,True
E02006132,4475220.4303330425,4475220.430333049,4475220.430333049,100.00000000000016,15,True
E02006133,9655358.556602534,9655358.556602543,9655358.556602543,100.0000000000001,19,True
E02006134,30808801.943259448,30808801.943259418,30808801.943259418,99.99999999999991,47,True
E02006135,3744791.124100912,3744791.124100903,3744791.124100903,99.99999999999977,12,True
E02006136,141947109.61995167,141947109.61995167,141947109.61995167,100.0,190,True
E02006137,1801646.4741846295,1801646.4741846311,1801646.4741846311,100.00000000000009,5,True
E02006138,1922636.1270128125,1922636.1270128097,1922636.1270128097,99.99999999999986,8,True
E02006139,3029833.357563137,3029833.3575631343,3029833.3575631343,99.99999999999991,9,True
E02006140,2360022.2797153345,2360022.2797153294,2360022.2797153294,99.99999999999979,7,True
E02006141,6938344.364515821,6938344.36451582,6938344.36451582,99.99999999999997,18,True
E02006142,2001733.8624040496,2001733.8624040515,2001733.8624040515,100.00000000000009,7,True
E02006143,9689427.573497957,9689427.573497964,9689427.573497964,100.00000000000007,20,True
E02006144,1830966.638665237,1830966.638665244,1830966.638665244,100.00000000000038,7,True
E02006145,45438986.50583075,45438986.5058308,45438986.5058308,100.00000000000011,69,True
E02006146,36316225.28247738,36316225.282477394,36316225.282477394,100.00000000000004,56,True
E02006147,56919858.28329156,56919858.283291526,56919858.283291526,99.99999999999994,84,True
E02006148,31162444.38984901,31162444.389849,31162444.389849,99.99999999999997,49,True
E02006149,3451897.3857384208,3451897.3857384236,3451897.3857384236,100.00000000000009,12,True
E02006150,4155698.3762556994,4155698.3762556915,4155698.3762556915,99.99999999999982,11,True
E02006151,7803885.203799588,7803885.203799574,7803885.203799574,99.99999999999982,20,True
E02006152,6419409.613939816,6419409.613939824,6419409.613939824,100.00000000000013,16,True
E02006153,86340877.64271149,86340877.64271148,86340877.64271148,99.99999999999997,118,True
E02006154,10432033.258287925,10432033.258287925,10432033.258287925,100.0,23,True
E02006155,1083647.094526009,1083647.094526005,1083647.094526005,99.99999999999963,4,True
E02006156,37351204.83282766,37351204.832827665,37351204.832827665,100.00000000000001,58,True
E02006157,49831945.77598606,49831945.77598605,49831945.77598605,99.99999999999999,76,True
E02006173,90780627.73178546,90780627.73178548,90780627.73178548,100.00000000000001,126,True
E02006174,73261831.21059392,73261831.21059386,73261831.21059386,99.99999999999991,101,True
E02006175,24871840.385446597,24871840.38544664,24871840.38544664,100.00000000000018,47,True
E02006176,91358786.59151989,91358786.59151995,91358786.59151995,100.00000000000006,126,True
E02006177,3298483.1451778403,3298483.1451778407,3298483.1451778407,100.00000000000001,12,True
E02006178,4319423.175175502,4319423.175175497,4319423.175175497,99.9999999999999,11,True
E02006179,16793942.770136658,16793942.770136658,16793942.770136658,100.0,30,True
E02006180,17988366.685888603,17988366.685888622,17988366.685888622,100.0000000000001,34,True
E02006181,5804308.781117155,5804308.781117136,5804308.781117136,99.99999999999966,16,True
E02006182,12180273.435292682,12180273.435292698,12180273.435292698,100.00000000000014,25,True
E02006185,7282233.164036034,7282233.164036028,7282233.164036028,99.99999999999993,19,True
E02006186,73667338.17843045,73667338.17843048,73667338.17843048,100.00000000000004,106,True
E02006187,41950773.269658476,41950773.26965849,41950773.26965849,100.00000000000003,62,True
E02006189,70657642.52183366,70657642.52183372,70657642.52183372,100.00000000000009,100,True
E02006190,5524551.169940263,5524551.169940262,5524551.169940262,99.99999999999997,15,True
E02006191,57273341.896290585,57273341.89629055,57273341.89629055,99.99999999999994,87,True
E02006192,128478221.69160303,128478221.69160298,128478221.69160298,99.99999999999996,167,True
E02006193,23252938.508346546,23252938.508346554,23252938.508346554,100.00000000000003,45,True
E02006194,3805247.0273093972,3805247.0273093986,3805247.0273093986,100.00000000000004,9,True
E02006195,74465613.96352917,74465613.9635292,74465613.9635292,100.00000000000003,111,True
E02006196,1508830.9089630903,1508830.9089630912,1508830.9089630912,100.00000000000006,6,True
E02006197,3114576.350379002,3114576.350378996,3114576.350378996,99.99999999999982,10,True
E02006198,29715733.40644998,29715733.406450015,29715733.406450015,100.00000000000011,51,True
E02006199,40113307.4990807,40113307.49908067,40113307.49908067,99.99999999999993,64,True
E02006200,1739393.5722561046,1739393.5722560994,1739393.5722560994,99.99999999999972,8,True
E02006201,14950068.876359513,14950068.876359537,14950068.876359537,100.00000000000016,29,True
E02006202,125414835.9525197,125414835.95251966,125414835.95251966,99.99999999999996,164,True
E02006203,3297234.6105609555,3297234.610560957,3297234.610560957,100.00000000000003,9,True
E02006217,5903980.31450942,5903980.314509419,5903980.314509419,99.99999999999999,18,True
E02006218,4219229.121143514,4219229.1211435255,4219229.1211435255,100.00000000000026,12,True
E02006219,4694310.3638796415,4694310.363879636,4694310.363879636,99.99999999999989,14,True
E02006220,1654231.0232147947,1654231.0232147926,1654231.0232147926,99.99999999999987,6,True
E02006221,2789411.885536049,2789411.8855360406,2789411.8855360406,99.9999999999997,9,True
E02006222,1319618.6908192176,1319618.6908192213,1319618.6908192213,100.00000000000028,6,True
E02006223,1234649.0231437727,1234649.0231437702,1234649.0231437702,99.99999999999979,8,True
E02006224,2460071.9899691157,2460071.9899691218,2460071.9899691218,100.00000000000024,8,True
E02006225,2948485.547250103,2948485.5472500958,2948485.5472500958,99.99999999999974,8,True
E02006226,3635383.4810632477,3635383.481063248,3635383.481063248,100.00000000000001,11,True
E02006468,39897057.69608218,39897057.6960822,39897057.6960822,100.00000000000003,59,True
E02006469,33548968.27515622,33548968.275156226,33548968.275156226,100.00000000000003,55,True
E02006470,12409363.106746757,12409363.10674678,12409363.10674678,100.00000000000018,24,True
E02006471,49958311.24128501,49958311.24128502,49958311.24128502,100.00000000000001,74,True
E02006472,46308035.01271142,46308035.01271138,46308035.01271138,99.99999999999991,75,True
E02006473,17303311.73332204,17303311.733322073,17303311.733322073,100.00000000000018,32,True
E02006474,84836875.40945826,84836875.40945816,84836875.40945816,99.99999999999987,118,True
E02006475,6131264.465465125,6131264.465465108,6131264.465465108,99.99999999999973,15,True
E02006476,2845349.8911219705,2845349.8911219724,2845349.8911219724,100.00000000000006,8,True
E02006477,4530745.43963328,4530745.439633284,4530745.439633284,100.00000000000009,11,True
E02006478,4570287.180496222,4570287.1804962065,4570287.1804962065,99.99999999999964,11,True
E02006479,1985575.9445612186,1985575.9445612112,1985575.9445612112,99.99999999999963,7,True
E02006480,1784956.4341216844,1784956.4341216898,1784956.4341216898,100.0000000000003,8,True
E02006481,2033757.5841350963,2033757.5841351044,2033757.5841351044,100.0000000000004,6,True
E02006482,11955039.269387294,11955039.269387295,11955039.269387295,100.00000000000001,24,True
E02006483,3699441.1170079177,3699441.117007921,3699441.117007921,100.00000000000009,10,True
E02006484,1945964.9740339522,1945964.9740339469,1945964.9740339469,99.99999999999973,10,True
E02006485,5518448.39832822,5518448.398328218,5518448.398328218,99.99999999999996,14,True
E02006486,4481596.573169538,4481596.573169543,4481596.573169543,100.00000000000011,13,True
E02006487,1578941.2827980842,1578941.2827980816,1578941.2827980816,99.99999999999984,7,True
E02006488,13714762.716183532,13714762.716183528,13714762.716183528,99.99999999999997,25,True
E02006489,3206251.04286571,3206251.042865703,3206251.042865703,99.99999999999979,9,True
E02006490,3393791.7139760014,3393791.713976006,3393791.713976006,100.00000000000013,9,True
E02006494,3580710.7739677234,3580710.77396773,3580710.77396773,100.00000000000018,10,True
E02006495,33216141.198520813,33216141.198520824,33216141.198520824,100.00000000000003,50,True
E02006497,3054529.891693777,3054529.891693784,3054529.891693784,100.00000000000023,11,True
E02006498,22761521.82414234,22761521.824142314,22761521.824142314,99.99999999999987,35,True
E02006503,111478110.07956445,111478110.07956433,111478110.07956433,99.99999999999989,147,True
E02006504,81368809.47084768,81368809.47084774,81368809.47084774,100.00000000000007,123,True
E02006505,51561757.98104327,51561757.98104325,51561757.98104325,99.99999999999996,75,True
E02006506,8625674.716045817,8625674.716045815,8625674.716045815,99.99999999999999,19,True
E02006507,43192848.185812436,43192848.18581244,43192848.18581244,100.00000000000001,66,True
E02006508,143767754.03713575,143767754.03713575,143767754.03713575,100.0,193,True
E02006509,20926105.67582316,20926105.675823174,20926105.675823174,100.00000000000007,36,True
E02006510,79874387.49392413,79874387.49392414,79874387.49392414,100.00000000000001,106,True
E02006511,78424869.74244723,78424869.74244715,78424869.74244715,99.99999999999991,118,True
E02006512,6837432.844605172,6837432.84460518,6837432.84460518,100.00000000000011,15,True
E02006513,16845400.920522906,16845400.920522913,16845400.920522913,100.00000000000004,30,True
E02006514,3885361.536632756,3885361.5366327544,3885361.5366327544,99.99999999999996,11,True
E02006516,141072549.28298676,141072549.2829868,141072549.2829868,100.00000000000003,188,True
E02006519,18015520.383215968,18015520.383215975,18015520.383215975,100.00000000000004,33,True
E02006520,5060040.552892372,5060040.552892376,5060040.552892376,100.00000000000007,14,True
E02006521,4965842.096220856,4965842.096220852,4965842.096220852,99.99999999999993,13,True
E02006522,80549832.25746721,80549832.25746724,80549832.25746724,100.00000000000004,117,True
E02006523,84099759.09441619,84099759.09441611,84099759.09441611,99.99999999999991,122,True
E02006524,956952.5764010223,956952.576401025,956952.576401025,100.0000000000003,5,True
E02006525,2675224.3709730483,2675224.370973056,2675224.370973056,100.0000000000003,9,True
E02006526,3934918.2864396893,3934918.2864396786,3934918.2864396786,99.99999999999973,14,True
E02006527,2516413.1435632706,2516413.143563282,2516413.143563282,100.00000000000047,7,True
E02006528,4857098.280363477,4857098.280363471,4857098.280363471,99.99999999999989,11,True
E02006529,7970384.774922464,7970384.774922459,7970384.774922459,99.99999999999994,18,True
E02006530,8545634.727177251,8545634.727177257,8545634.727177257,100.00000000000006,16,True
E02006531,1893697.9493343637,1893697.9493343504,1893697.9493343504,99.9999999999993,8,True
E02006532,51981635.94979816,51981635.9497982,51981635.9497982,100.00000000000007,84,True
E02006533,4850834.151292828,4850834.151292831,4850834.151292831,100.00000000000006,15,True
E02006696,9460716.552650796,9460716.55265079,9460716.55265079,99.99999999999994,21,True
E02006697,65607247.75854904,65607247.758549064,65607247.758549064,100.00000000000003,92,True
E02006698,5058399.949727366,5058399.949727365,5058399.949727365,99.99999999999999,12,True
E02006699,2194949.8762591537,2194949.876259149,2194949.876259149,99.99999999999979,7,True
E02006700,17117049.03370231,17117049.033702318,17117049.033702318,100.00000000000004,33,True
E02006701,11614460.181530248,11614460.181530267,11614460.181530267,100.00000000000016,25,True
E02006702,2475742.269363738,2475742.269363738,2475742.269363738,100.0,8,True
E02006703,9930839.966122095,9930839.966122096,9930839.966122096,100.00000000000003,21,True
E02006704,38721196.7830798,38721196.78307978,38721196.78307978,99.99999999999994,58,True
E02006705,2019167.9206252603,2019167.9206252636,2019167.9206252636,100.00000000000016,7,True
E02006706,2795163.8332824158,2795163.833282413,2795163.833282413,99.9999999999999,7,True
E02006707,2754118.715219602,2754118.7152195955,2754118.7152195955,99.99999999999976,8,True
E02006708,2104169.680596878,2104169.680596885,2104169.680596885,100.00000000000033,7,True
E02006709,45144089.5066752,45144089.50667519,45144089.50667519,100.0,69,True
E02006710,151696089.0802378,151696089.08023793,151696089.08023793,100.00000000000007,208,True
E02006711,114060962.07468605,114060962.07468607,114060962.07468607,100.00000000000001,156,True
E02006712,74088861.81133343,74088861.81133348,74088861.81133348,100.00000000000006,102,True
E02006721,3844311.0075401356,3844311.0075401408,3844311.0075401408,100.00000000000013,11,True
E02006722,1274106.5439706012,1274106.5439706084,1274106.5439706084,100.00000000000057,6,True
E02006723,2504657.99112123,2504657.9911212265,2504657.9911212265,99.99999999999986,6,True
E02006724,2148741.988707041,2148741.988707038,2148741.988707038,99.99999999999987,8,True
E02006725,1541754.8065139602,1541754.8065139637,1541754.8065139637,100.00000000000023,8,True
E02006726,2635542.8883683505,2635542.888368341,2635542.888368341,99.99999999999964,8,True
E02006727,3423765.099976453,3423765.0999764577,3423765.0999764577,100.00000000000013,12,True
E02006728,3800767.7647100813,3800767.7647100836,3800767.7647100836,100.00000000000006,9,True
E02006729,3438234.1084548384,3438234.108454826,3438234.108454826,99.99999999999963,11,True
E02006730,1566455.6618107373,1566455.6618107404,1566455.6618107404,100.00000000000018,9,True
E02006731,2078866.5171496116,2078866.5171496123,2078866.5171496123,100.00000000000003,6,True
E02006732,1898736.1418145779,1898736.1418145804,1898736.1418145804,100.00000000000014,7,True
E02006733,24105139.997014362,24105139.997014355,24105139.997014355,99.99999999999997,40,True
E02006734,4540691.975387507,4540691.975387498,4540691.975387498,99.99999999999979,11,True
E02006735,858017.8047898911,858017.8047898931,858017.8047898931,100.00000000000023,4,True
E02006736,3603203.8901644596,3603203.890164469,3603203.890164469,100.00000000000026,11,True
E02006737,1923541.9058500924,1923541.9058500964,1923541.9058500964,100.0000000000002,7,True
E02006738,1782633.099108521,1782633.0991085202,1782633.0991085202,99.99999999999996,8,True
E02006739,1635906.8659267025,1635906.8659267062,1635906.8659267062,100.00000000000023,9,True
E02006740,1902662.5287817223,1902662.5287817246,1902662.5287817246,100.00000000000011,8,True
E02006741,2304425.8882209775,2304425.888220983,2304425.888220983,100.00000000000024,8,True
E02006748,77751912.98714513,77751912.98714508,77751912.98714508,99.99999999999994,125,True
E02006749,2371202.6196586457,2371202.619658652,2371202.619658652,100.00000000000027,9,True
E02006750,2254882.5933539863,2254882.593353982,2254882.593353982,99.99999999999982,9,True
E02006751,1499815.7862962608,1499815.7862962605,1499815.7862962605,99.99999999999999,6,True
E02006752,2236758.8610907914,2236758.861090791,2236758.861090791,99.99999999999997,8,True
E02006753,46435959.77947291,46435959.77947292,46435959.77947292,100.00000000000001,68,True
E02006754,99692390.08644441,99692390.08644442,99692390.08644442,100.00000000000001,132,True
E02006755,82697717.14960216,82697717.14960214,82697717.14960214,99.99999999999999,116,True
E02006767,74487396.46862675,74487396.46862672,74487396.46862672,99.99999999999996,104,True
E02006768,1842431.9754071913,1842431.9754071892,1842431.9754071892,99.99999999999989,7,True
E02006769,1912538.8211073242,1912538.8211073177,1912538.8211073177,99.99999999999966,8,True
E02006770,2345699.605685134,2345699.605685137,2345699.605685137,100.00000000000014,10,True
E02006771,38244166.87843923,38244166.87843921,38244166.87843921,99.99999999999994,62,True
E02006772,1891696.7650200543,1891696.7650200587,1891696.7650200587,100.00000000000024,8,True
E02006773,2945877.3713059425,2945877.371305939,2945877.371305939,99.99999999999987,10,True
E02006774,2001417.2919754565,2001417.2919754572,2001417.2919754572,100.00000000000003,6,True
E02006775,2996010.7063180394,2996010.7063180516,2996010.7063180516,100.00000000000041,8,True
E02006776,3063520.685665705,3063520.685665703,3063520.685665703,99.99999999999994,10,True
E02006777,50646511.05050189,50646511.05050186,50646511.05050186,99.99999999999994,73,True
E02006778,4849817.8556828,4849817.8556828,4849817.8556828,100.0,11,True
E02006779,5336537.892559701,5336537.89255969,5336537.89255969,99.99999999999982,18,True
E02006780,2837958.4977871603,2837958.4977871617,2837958.4977871617,100.00000000000004,8,True
E02006805,1315509.7377085977,1315509.7377086044,1315509.7377086044,100.00000000000051,6,True
E02006806,5594370.140113241,5594370.140113238,5594370.140113238,99.99999999999994,15,True
E02006807,1443330.1561603874,1443330.1561603833,1443330.1561603833,99.9999999999997,6,True
E02006808,1405146.8793883305,1405146.879388328,1405146.879388328,99.99999999999982,6,True
E02006809,3726039.079341976,3726039.0793419825,3726039.0793419825,100.00000000000018,8,True
E02006810,4017100.2221106477,4017100.2221106375,4017100.2221106375,99.99999999999974,10,True
E02006894,3043294.640076273,3043294.6400762754,3043294.6400762754,100.00000000000007,9,True
E02006895,863841.2125006841,863841.2125006841,863841.2125006841,100.0,5,True
E02006896,1254019.0115194337,1254019.0115194318,1254019.0115194318,99.99999999999984,6,True
E02006897,836378.6654751092,836378.6654751102,836378.6654751102,100.0000000000001,6,True
E02006898,1037474.1427249113,1037474.1427249073,1037474.1427249073,99.9999999999996,4,True
E02006899,1123201.1900150971,1123201.1900151006,1123201.1900151006,100.00000000000031,5,True
E02006900,2010132.8725983866,2010132.8725983868,2010132.8725983868,100.0,8,True
E02006919,4161467.4606978027,4161467.4606977995,4161467.4606977995,99.99999999999991,14,True
E02006920,5491470.0539366165,5491470.0539366305,5491470.0539366305,100.00000000000026,15,True
E02006943,2204251.7344273007,2204251.7344273,2204251.7344273,99.99999999999996,9,True
E02006944,695134.7173616976,695134.7173616979,695134.7173616979,100.00000000000004,3,True
E02006982,34528188.21513637,34528188.215136364,34528188.215136364,99.99999999999999,53,True
E02007038,4301897.493222751,4301897.493222753,4301897.493222753,100.00000000000004,13,True
E02007039,1560041.080341901,1560041.0803419023,1560041.0803419023,100.0000000000001,9,True
E02007040,819715.4741600506,819715.4741600519,819715.4741600519,100.00000000000016,4,True
E02007048,139771655.48924837,139771655.4892483,139771655.4892483,99.99999999999996,181,True
E02007050,3790749.620171573,3790749.6201715944,3790749.6201715944,100.00000000000057,11,True
E02007051,4525281.331722461,4525281.33172246,4525281.33172246,99.99999999999999,11,True
