area_code,local_area_name,recorded_crime_rows_per_1000_residents,full_time_student_share_pct,student_dominated,visitor_hub,exclude_from_crime_analysis,city_centre_caveat,reason
E02001827,Hill Hook,34.41,6.84,False,False,False,False,
E02001828,Four Oaks,78.85,6.11,False,False,False,False,
E02001829,Little Sutton,31.77,6.09,False,False,False,False,
E02001830,Sutton Coldfield North,49.15,6.18,False,False,False,False,
E02001831,Reddicap Heath,78.05,6.0,False,False,False,False,
E02001832,Rectory Park,90.91,5.7,False,False,False,False,
E02001833,Kingstanding North,61.32,6.17,False,False,False,False,
E02001834,Old Oscott,80.48,7.96,False,False,False,False,
E02001835,Sutton Coldfield South,118.39,5.84,False,False,False,False,
E02001836,New Oscott,99.6,6.53,False,False,False,False,
E02001837,Kingstanding South East,130.4,9.19,False,False,False,False,
E02001838,Walmley,33.81,5.14,False,False,False,False,
E02001839,Queslett,86.01,6.52,False,False,False,False,
E02001840,Perry Common College Road,98.72,9.92,False,False,False,False,
E02001841,Wylde Green,45.31,5.92,False,False,False,False,
E02001842,Perry Beeches West,51.56,7.83,False,False,False,False,
E02001843,Kingstanding South West,64.47,6.7,False,False,False,False,
E02001844,Chester Road,96.17,4.7,False,False,False,False,
E02001845,Perry Beeches East,48.91,7.31,False,False,False,False,
E02001846,Short Heath,94.78,8.67,False,False,False,False,
E02001847,Minworth,79.34,4.96,False,False,False,False,
E02001848,Upper Witton,81.56,12.3,False,False,False,False,
E02001849,Erdington Town,177.57,9.27,False,False,False,False,
E02001850,Perry Barr,112.49,11.39,False,False,False,False,
E02001851,Pype Hayes Park,81.49,7.1,False,False,False,False,
E02001852,Stockland Green Marsh Hill,134.83,9.21,False,False,False,False,
E02001855,Castle Vale,110.81,7.38,False,False,False,False,
E02001856,Brookvale,165.56,10.76,False,False,False,False,
E02001857,Gravelly Hill,163.06,10.3,False,False,False,False,
E02001858,Handsworth East,114.16,18.85,False,False,False,False,
E02001859,Birchfield East,216.43,14.31,False,False,False,False,
E02001860,Handsworth West,162.5,13.47,False,False,False,False,
E02001861,Birchfield West,97.12,15.16,False,False,False,False,
E02001862,Middlemore,139.78,13.14,False,False,False,False,
E02001863,Aston Park,118.0,15.97,False,False,False,False,
E02001865,Handsworth South,180.44,15.2,False,False,False,False,
E02001866,Lozells West,131.94,14.53,False,False,False,False,
E02001867,Lozells East,110.39,16.93,False,False,False,False,
E02001868,Hodge Hill,97.69,14.31,False,False,False,False,
E02001869,Nechells,126.34,16.45,False,False,False,False,
E02001870,Ward End,93.92,15.16,False,False,False,False,
E02001871,Buckland End,113.11,7.2,False,False,False,False,
E02001872,Shard End,98.59,6.81,False,False,False,False,
E02001873,Winson Green,187.16,15.93,False,False,False,False,
E02001874,Washwood Heath,84.14,15.95,False,False,False,False,
E02001875,Hockley,163.95,16.18,False,False,False,False,
E02001876,North Central,316.4,61.07,True,True,True,False,student area + visitor hub
E02001877,Saltley East,89.79,17.43,False,False,False,False,
E02001878,Saltley West,104.3,17.69,False,False,False,False,
E02001879,Summerfield,155.93,15.21,False,False,False,False,
E02001880,Glebe Farm,127.04,10.67,False,False,False,False,
E02001881,Belchers Lane,88.13,15.77,False,False,False,False,
E02001882,Stechford,175.23,10.89,False,False,False,False,
E02001883,Kitts Green,151.46,7.18,False,False,False,False,
E02001884,Bordesley Green North,89.41,17.38,False,False,False,False,
E02001886,Rotton Park,111.29,12.9,False,False,False,False,
E02001888,Kent's Moat,91.17,10.63,False,False,False,False,
E02001889,Little Bromwich,84.67,16.32,False,False,False,False,
E02001890,Edgbaston North,199.5,16.99,False,False,False,False,
E02001892,Yardley Fields,113.11,14.72,False,False,False,False,
E02001893,Yardley,100.16,9.73,False,False,False,False,
E02001895,Sheldon North,96.28,8.85,False,False,False,False,
E02001896,Small Heath Park,88.39,16.05,False,False,False,False,
E02001897,Sparkbrook North,192.26,17.62,False,False,False,False,
E02001898,Lyndon Green,52.3,6.64,False,False,False,False,
E02001899,Harborne West,73.01,6.69,False,False,False,False,
E02001900,Five Ways South,93.01,16.75,False,False,False,False,
E02001901,Harborne East,113.36,10.27,False,False,False,False,
E02001902,Yardley South,130.39,7.42,False,False,False,False,
E02001903,Sparkbrook South,120.5,15.97,False,False,False,False,
E02001904,Hay Mills,183.15,10.73,False,False,False,False,
E02001905,Edgbaston South,79.61,51.22,True,False,False,False,student area
E02001906,Quinton Ridgacre,78.9,8.18,False,False,False,False,
E02001907,Sheldon South,164.27,6.54,False,False,False,False,
E02001908,Sparkhill North,61.79,16.15,False,False,False,False,
E02001909,Balsall Heath East,99.17,15.61,False,False,False,False,
E02001910,Balsall Heath West,131.9,14.66,False,False,False,False,
E02001911,Quinton East,94.44,11.56,False,False,False,False,
E02001913,Metchley,173.25,24.85,False,False,False,False,
E02001914,Moor Green,82.88,12.19,False,False,False,False,
E02001915,Acocks Green East,152.26,7.62,False,False,False,False,
E02001916,Acocks Green West,116.99,12.64,False,False,False,False,
E02001918,Moseley Village,147.84,8.33,False,False,False,False,
E02001919,Moseley,58.63,9.98,False,False,False,False,
E02001920,Woodgate Valley,107.38,9.19,False,False,False,False,
E02001921,California,108.05,10.33,False,False,False,False,
E02001922,Selly Oak,113.47,81.73,True,False,False,False,student area
E02001923,Springfield,98.85,12.66,False,False,False,False,
E02001924,Hall Green East,96.51,10.79,False,False,False,False,
E02001925,Selly Oak Park,96.09,15.07,False,False,False,False,
E02001926,Stirchley North,99.26,18.05,False,False,False,False,
E02001927,Weoley Castle,110.95,9.04,False,False,False,False,
E02001928,Woodgate,101.94,7.1,False,False,False,False,
E02001929,Fox Hollies,87.65,9.8,False,False,False,False,
E02001930,Kings Heath,132.48,7.43,False,False,False,False,
E02001931,Wake Green East,68.93,8.83,False,False,False,False,
E02001932,Bartley Green,124.58,10.83,False,False,False,False,
E02001933,Kings Heath Park,84.86,8.79,False,False,False,False,
E02001934,Hall Green Central,44.51,10.79,False,False,False,False,
E02001935,Shenley Lane,63.99,7.72,False,False,False,False,
E02001936,Brandwood North,71.56,7.46,False,False,False,False,
E02001937,Billesley Common,87.55,9.34,False,False,False,False,
E02001938,Bournville East,115.53,7.3,False,False,False,False,
E02001939,Bournville West,86.42,6.52,False,False,False,False,
E02001941,Yardley Wood West,95.57,8.62,False,False,False,False,
E02001942,Cotteridge,120.93,7.71,False,False,False,False,
E02001943,Brandwood East,109.07,7.02,False,False,False,False,
E02001944,Brandwood End,65.82,7.18,False,False,False,False,
E02001945,Allens Cross,95.53,8.94,False,False,False,False,
E02001946,Northfield Victoria Common,148.21,6.72,False,False,False,False,
E02001947,Druids Heath,117.45,8.22,False,False,False,False,
E02001948,Highter's Heath,113.24,5.52,False,False,False,False,
E02001949,Lifford,120.68,6.1,False,False,False,False,
E02001950,Longbridge North,94.64,6.43,False,False,False,False,
E02001951,Frankley,120.89,8.47,False,False,False,False,
E02001952,Turves Green,132.89,8.86,False,False,False,False,
E02001953,King's Norton,88.86,6.93,False,False,False,False,
E02001954,Hawkesley,126.86,8.31,False,False,False,False,
E02001955,Longbridge South,133.98,6.35,False,False,False,False,
E02001956,Rubery East,147.42,5.9,False,False,False,False,
E02001957,West Heath,62.94,6.55,False,False,False,False,
E02001958,Longford,115.09,7.64,False,False,False,False,
E02001959,Keresley,82.41,7.32,False,False,False,False,
E02001961,Bell Green,125.25,8.41,False,False,False,False,
E02001962,Little Heath,118.01,10.21,False,False,False,False,
E02001963,Whitmore Park,64.81,6.46,False,False,False,False,
E02001964,Henley Green,100.55,10.1,False,False,False,False,
E02001965,Walsgrave,102.23,6.02,False,False,False,False,
E02001966,Foleshill West,136.37,14.55,False,False,False,False,
E02001967,Brownshill Green,68.82,5.42,False,False,False,False,
E02001968,Radford East,83.3,9.29,False,False,False,False,
E02001969,Radford West,83.26,8.41,False,False,False,False,
E02001970,Wyken Croft,64.58,5.64,False,False,False,False,
E02001971,Coundon,55.98,7.09,False,False,False,False,
E02001972,Foleshill East,151.68,14.15,False,False,False,False,
E02001973,Stoke Heath,113.28,10.16,False,False,False,False,
E02001974,Sherbourne,82.31,6.86,False,False,False,False,
E02001975,Ravensdale,48.3,7.62,False,False,False,False,
E02001976,Clifford Park,178.04,6.81,False,False,False,False,
E02001977,Naul's Mill,126.8,17.28,False,False,False,False,
E02001978,Barras Heath,72.25,7.87,False,False,False,False,
E02001979,Allesley Park,41.21,5.74,False,False,False,False,
E02001980,Allesley Green,42.14,4.41,False,False,False,False,
E02001981,Hillfields,138.56,34.38,False,False,False,False,
E02001982,Eastern Green,46.37,6.54,False,False,False,False,
E02001983,Whoberley,78.82,8.18,False,False,False,False,
E02001984,Copsewood,112.84,10.38,False,False,False,False,
E02001985,Lower Stoke,200.0,52.64,True,False,False,False,student area
E02001986,Tile Hill,112.03,6.98,False,False,False,False,
E02001987,Chapelfields,98.09,25.29,False,False,False,False,
E02001988,Central Coventry,433.29,58.19,True,True,True,False,student area + visitor hub
E02001989,Earl Place,68.95,13.48,False,False,False,False,
E02001990,Binley,101.91,5.57,False,False,False,False,
E02001991,Earlsdon,82.02,12.3,False,False,False,False,
E02001992,Ernesford Grange,79.36,9.81,False,False,False,False,
E02001993,Canley,110.74,27.54,False,False,False,False,
E02001994,Cheylesmore Daventry Road,65.33,9.01,False,False,False,False,
E02001995,Whitley,105.12,12.14,False,False,False,False,
E02001996,Willenhall,154.75,9.11,False,False,False,False,
E02001997,Stivichall,39.49,6.41,False,False,False,False,
E02001998,Finham Park,29.81,7.74,False,False,False,False,
E02001999,Cannon Park,65.06,52.42,True,False,False,False,student area
E02002000,Coseley Wallbrook,73.06,6.23,False,False,False,False,
E02002001,Sedgley East,112.19,5.2,False,False,False,False,
E02002002,Sedgley West,37.98,4.37,False,False,False,False,
E02002003,West Coseley,83.02,4.51,False,False,False,False,
E02002004,Woodsetton,52.77,5.58,False,False,False,False,
E02002005,Dudley Priory,143.2,8.33,False,False,False,False,
E02002006,Upper Gornal,81.04,5.3,False,False,False,False,
E02002007,Lower Gornal,58.71,4.43,False,False,False,False,
E02002008,Dibdale,56.71,5.91,False,False,False,False,
E02002009,Kates Hill,125.37,9.58,False,False,False,False,
E02002010,New Dock,163.38,8.02,False,False,False,False,
E02002011,Kingswinford North,102.12,4.82,False,False,False,False,
E02002012,Russell's Hall,121.24,6.76,False,False,False,False,
E02002013,Wall Heath,46.42,5.58,False,False,False,False,
E02002014,Dixons Green,113.45,9.14,False,False,False,False,
E02002015,Pensett,50.86,4.8,False,False,False,False,
E02002016,Brockmoor,122.81,6.13,False,False,False,False,
E02002017,Netherton,89.11,5.99,False,False,False,False,
E02002018,Kingswinford South,33.59,5.39,False,False,False,False,
E02002019,Dudley Wood,70.78,6.59,False,False,False,False,
E02002020,Wordsley,50.93,4.72,False,False,False,False,
E02002021,Brierley Hill,271.67,5.95,False,False,False,False,
E02002022,Hawbush,77.32,5.54,False,False,False,False,
E02002023,Ashwood,37.74,4.79,False,False,False,False,
E02002024,Quarry Bank,70.84,5.3,False,False,False,False,
E02002025,Shell Corner,62.5,6.93,False,False,False,False,
E02002026,Amblecote East,45.25,4.89,False,False,False,False,
E02002027,Withymoor Village,29.55,5.01,False,False,False,False,
E02002028,Wollaston,46.58,3.74,False,False,False,False,
E02002029,Quinton West,57.06,5.71,False,False,False,False,
E02002030,Amblecote West,82.51,6.4,False,False,False,False,
E02002031,Cradley West,75.06,6.62,False,False,False,False,
E02002032,Cradley East,57.47,6.46,False,False,False,False,
E02002033,Hawne,65.39,5.67,False,False,False,False,
E02002034,Stourbridge Town,128.7,5.5,False,False,False,False,
E02002035,Halesowen East,31.55,5.12,False,False,False,False,
E02002036,Lye,133.21,6.97,False,False,False,False,
E02002037,Norton North,35.62,5.32,False,False,False,False,
E02002038,Halesowen Town,81.24,6.12,False,False,False,False,
E02002039,Oldswinford,43.02,6.39,False,False,False,False,
E02002040,Norton South,44.47,4.51,False,False,False,False,
E02002041,Pedmore Fields,42.09,5.46,False,False,False,False,
E02002042,Hayley Green,33.89,5.27,False,False,False,False,
E02002043,Wood Green,111.56,7.61,False,False,False,False,
E02002044,Yew Tree,63.71,8.68,False,False,False,False,
E02002045,Woods,86.53,6.71,False,False,False,False,
E02002046,Friar Park,83.2,7.01,False,False,False,False,
E02002047,Wednesbury,185.14,6.34,False,False,False,False,
E02002048,Great Barr,53.55,6.32,False,False,False,False,
E02002049,Princes End,96.51,5.99,False,False,False,False,
E02002051,Ocker Hill,84.45,7.57,False,False,False,False,
E02002052,Stone Cross,91.95,8.67,False,False,False,False,
E02002053,Hamstead East,90.87,8.96,False,False,False,False,
E02002054,Hamstead West,56.42,8.83,False,False,False,False,
E02002055,Wednesbury South,85.01,8.86,False,False,False,False,
E02002056,Tibbington,126.9,7.33,False,False,False,False,
E02002057,Tipton,79.01,8.28,False,False,False,False,
E02002058,Great Bridge,90.79,8.98,False,False,False,False,
E02002059,West Bromwich North,131.11,8.78,False,False,False,False,
E02002060,Greets Green West,149.67,9.97,False,False,False,False,
E02002061,Greets Green East,255.38,12.45,False,False,False,False,
E02002062,West Bromwich East,191.49,10.26,False,False,False,False,
E02002063,North Tividale,108.28,8.16,False,False,False,False,
E02002064,Tividale,66.04,7.59,False,False,False,False,
E02002065,Smethwick North,104.15,14.31,False,False,False,False,
E02002066,Oldbury,156.63,10.68,False,False,False,False,
E02002067,Rowley West,73.29,6.29,False,False,False,False,
E02002069,Whiteheath,104.64,8.32,False,False,False,False,
E02002070,Smethwick South,84.92,12.38,False,False,False,False,
E02002071,Rowley East,83.38,6.43,False,False,False,False,
E02002072,Langley Green,110.07,7.54,False,False,False,False,
E02002073,Warley East,83.58,9.25,False,False,False,False,
E02002074,Warley West,72.64,7.84,False,False,False,False,
E02002075,Blackheath,116.3,6.88,False,False,False,False,
E02002076,Bearwood,107.7,7.32,False,False,False,False,
E02002077,Old Hill,91.23,7.06,False,False,False,False,
E02002078,Warley South,52.82,7.41,False,False,False,False,
E02002079,Brandhall,80.73,7.51,False,False,False,False,
E02002080,Cradley Heath,101.25,6.1,False,False,False,False,
E02002081,Castle Bromwich West,71.21,5.31,False,False,False,False,
E02002082,Smith's Wood North,88.23,7.49,False,False,False,False,
E02002083,Castle Bromwich East,129.71,5.16,False,False,False,False,
E02002084,Smith's Wood South,92.36,6.02,False,False,False,False,
E02002085,Kingshurst,96.65,7.23,False,False,False,False,
E02002086,Chelmsley Wood West,212.36,5.68,False,False,False,False,
E02002087,Fordbridge,118.45,5.97,False,False,False,False,
E02002088,Chelmsley Wood East,121.18,6.09,False,False,False,False,
E02002089,Marston Green,271.79,5.81,False,False,False,False,
E02002090,Lyndon North,47.97,6.46,False,False,False,False,
E02002091,Elmdon Park,50.29,5.53,False,False,False,False,
E02002092,Lyndon South,84.2,6.21,False,False,False,False,
E02002093,Olton,68.03,6.32,False,False,False,False,
E02002094,Ulverley Green,25.09,6.75,False,False,False,False,
E02002095,Elmdon Heath,46.7,5.98,False,False,False,False,
E02002096,Lode Heath,43.75,5.78,False,False,False,False,
E02002097,Meriden,64.68,5.01,False,False,False,False,
E02002098,Shirley East,66.13,6.32,False,False,False,False,
E02002099,Central Solihull,215.28,5.89,False,False,False,False,
E02002101,Solihull Lodge,67.89,4.03,False,False,False,False,
E02002102,Blossomfield,111.44,5.92,False,False,False,False,
E02002103,Shirley Heath,48.19,4.3,False,False,False,False,
E02002104,Monkspath North,19.84,6.15,False,False,False,False,
E02002105,Balsall Common,45.01,6.17,False,False,False,False,
E02002106,Knowle,34.02,5.76,False,False,False,False,
E02002107,Monkspath South,43.78,5.32,False,False,False,False,
E02002108,Dorridge,38.5,6.43,False,False,False,False,
E02002109,Dickens Heath,54.25,5.62,False,False,False,False,
E02002110,Brownhills West,114.66,5.75,False,False,False,False,
E02002111,Brownhills,74.98,5.52,False,False,False,False,
E02002112,Pelsall North,54.87,5.76,False,False,False,False,
E02002113,Walsall Wood,115.12,5.63,False,False,False,False,
E02002114,Pelsall South,53.61,4.26,False,False,False,False,
E02002115,Little Bloxwich,67.09,5.74,False,False,False,False,
E02002116,Aldridge North,52.55,4.9,False,False,False,False,
E02002117,Bloxwich Central,180.74,5.14,False,False,False,False,
E02002118,Bloxwich North West,81.48,6.2,False,False,False,False,
E02002119,Shelfield,70.91,5.16,False,False,False,False,
E02002120,Ashmore,46.65,6.36,False,False,False,False,
E02002121,Blakenall North,117.01,6.84,False,False,False,False,
E02002122,Blakenall South,90.13,9.88,False,False,False,False,
E02002123,New Invention,100.12,5.25,False,False,False,False,
E02002124,Aldridge Central,100.45,4.18,False,False,False,False,
E02002125,Rushall,73.65,5.65,False,False,False,False,
E02002126,Bloxwich South,102.71,5.86,False,False,False,False,
E02002127,Walsall Ryecroft,112.37,10.88,False,False,False,False,
E02002128,Short Heath East,80.12,4.9,False,False,False,False,
E02002129,Short Heath West,82.08,5.55,False,False,False,False,
E02002130,Leamore,150.95,8.57,False,False,False,False,
E02002131,Aldridge South,64.66,5.46,False,False,False,False,
E02002132,Bentley,79.79,6.91,False,False,False,False,
E02002133,Walsall North East,129.89,6.75,False,False,False,False,
E02002134,Willenhall Park,101.68,7.58,False,False,False,False,
E02002135,Walsall West,145.58,11.06,False,False,False,False,
E02002136,Willenhall Town,209.74,7.79,False,False,False,False,
E02002137,Streetly North,22.4,4.92,False,False,False,False,
E02002138,Walsall East,55.7,10.25,False,False,False,False,
E02002139,Walsall Central,351.84,13.91,False,True,True,False,visitor hub
E02002140,Pleck,132.55,10.94,False,False,False,False,
E02002141,Streetly South,29.72,5.1,False,False,False,False,
E02002142,Darlaston East,157.79,10.1,False,False,False,False,
E02002143,Palfrey,76.57,13.01,False,False,False,False,
E02002144,Walsall South East,33.17,7.24,False,False,False,False,
E02002145,Darlaston Central,83.6,7.63,False,False,False,False,
E02002146,The Delves,80.96,11.94,False,False,False,False,
E02002147,Darlaston West,105.26,7.56,False,False,False,False,
E02002148,Pheasey,43.48,6.32,False,False,False,False,
E02002149,Bushbury,72.67,6.82,False,False,False,False,
E02002150,Fordhouses,106.96,7.88,False,False,False,False,
E02002151,Pendeford,77.2,6.3,False,False,False,False,
E02002152,Bushbury Hill,101.21,8.32,False,False,False,False,
E02002153,Ashmore Park,83.67,5.78,False,False,False,False,
E02002154,Oxley Park,90.65,7.92,False,False,False,False,
E02002155,Low Hill,115.73,10.24,False,False,False,False,
E02002156,Wood End,95.88,6.35,False,False,False,False,
E02002157,Tettenhall North,64.54,6.82,False,False,False,False,
E02002158,Wednesfield North East,69.51,5.05,False,False,False,False,
E02002159,Park Lane,113.14,11.01,False,False,False,False,
E02002160,Wednesfield Town,188.84,6.39,False,False,False,False,
E02002161,Whitmore Reans,87.15,11.86,False,False,False,False,
E02002162,Tettenhall South,56.96,5.79,False,False,False,False,
E02002163,Heath Town,150.65,8.87,False,False,False,False,
E02002164,Waterloo Road,134.49,23.51,False,False,False,False,
E02002165,West Park,164.22,9.13,False,False,False,False,
E02002166,East Park,122.34,8.75,False,False,False,False,
E02002167,Castlecroft,62.79,5.28,False,False,False,False,
E02002168,Wolverhampton Central,344.92,19.56,False,True,True,False,visitor hub
E02002169,Compton,51.98,6.3,False,False,False,False,
E02002170,Bilston North West,79.56,7.66,False,False,False,False,
E02002171,Bilston North East,75.25,6.93,False,False,False,False,
E02002174,Bradmore,56.65,6.9,False,False,False,False,
E02002175,Bilston Lunt,174.09,8.06,False,False,False,False,
E02002176,Merryhill South,67.21,6.35,False,False,False,False,
E02002177,Ettingshall,125.77,7.93,False,False,False,False,
E02002178,Goldthorn Park,65.63,6.86,False,False,False,False,
E02002179,Upper Penn,66.79,6.12,False,False,False,False,
E02002180,Ettingshall Park,71.21,7.52,False,False,False,False,
E02002181,Bradley,140.2,7.05,False,False,False,False,
E02002182,Woodcross,74.87,7.26,False,False,False,False,
E02002809,Spondon South,99.89,4.9,False,False,False,False,
E02002812,Littleover East,176.03,7.44,False,False,False,False,
E02002813,Rose Hill,200.09,9.71,False,False,False,False,
E02002814,Mickleover South,52.22,4.73,False,False,False,False,
E02002815,Normanton North,65.18,11.14,False,False,False,False,
E02002816,Littleover West,45.24,8.18,False,False,False,False,
E02002817,Normanton West,47.68,6.97,False,False,False,False,
E02002818,Normanton South,116.05,9.64,False,False,False,False,
E02002819,Wilmorton,137.1,5.52,False,False,False,False,
E02002820,Alvaston,128.63,7.15,False,False,False,False,
E02002821,Allenton,150.0,8.25,False,False,False,False,
E02002822,Sunny Hill,56.94,6.34,False,False,False,False,
E02002823,Boulton,96.47,5.42,False,False,False,False,
E02002824,Sinfin,108.85,8.01,False,False,False,False,
E02002825,Chellaston West,73.43,6.18,False,False,False,False,
E02002826,Chellaston East,52.84,6.54,False,False,False,False,
E02002905,Wigmore,23.31,3.99,False,False,False,False,
E02002908,Shobdon,23.54,4.11,False,False,False,False,
E02002909,Bromyard,46.16,3.97,False,False,False,False,
E02002928,Newport North,28.04,12.2,False,False,False,False,
E02002929,Edgmond,26.87,16.93,False,False,False,False,
E02002930,Newport South,62.92,11.97,False,False,False,False,
E02002931,Muxton,31.07,5.67,False,False,False,False,
E02002932,Donnington,76.01,6.49,False,False,False,False,
E02002933,Dothill,49.87,5.2,False,False,False,False,
E02002934,Apley,57.5,6.48,False,False,False,False,
E02002935,Wrockwardine Wood,65.25,4.6,False,False,False,False,
E02002936,Hadley,64.35,7.17,False,False,False,False,
E02002937,Ironbridge,43.0,4.79,False,False,False,False,
E02002938,Wellington East,113.05,7.54,False,False,False,False,
E02002939,Wellington West,91.03,4.87,False,False,False,False,
E02002940,St George's,72.73,4.09,False,False,False,False,
E02002941,Oakengates,73.3,4.64,False,False,False,False,
E02002942,Priorslee,63.15,7.66,False,False,False,False,
E02002944,Malinslee,144.64,6.48,False,False,False,False,
E02002945,Hollinswood,116.29,6.09,False,False,False,False,
E02002946,Dawley,59.48,4.14,False,False,False,False,
E02002947,Brookside,78.67,6.7,False,False,False,False,
E02002948,Woodside,117.31,7.81,False,False,False,False,
E02002949,Madeley,126.08,4.16,False,False,False,False,
E02002950,Sutton Hill,115.61,5.83,False,False,False,False,
E02004077,Doveridge,34.12,4.68,False,False,False,False,
E02004086,Borrowash,36.28,4.94,False,False,False,False,
E02004088,Long Eaton West,42.5,5.74,False,False,False,False,
E02004090,Breaston,52.61,4.22,False,False,False,False,
E02004091,Long Eaton South,45.75,4.26,False,False,False,False,
E02004092,Sawley,63.7,4.39,False,False,False,False,
E02004118,Hatton,50.3,4.83,False,False,False,False,
E02004119,Hilton,38.59,6.11,False,False,False,False,
E02004120,Willington North,51.92,5.0,False,False,False,False,
E02004121,Aston-on-Trent,65.02,5.22,False,False,False,False,
E02004122,Willington South,36.88,8.71,False,False,False,False,
E02004123,Melbourne,35.01,4.44,False,False,False,False,
E02004124,Swadlincote North,57.4,5.04,False,False,False,False,
E02004125,Swadlincote West,79.66,4.75,False,False,False,False,
E02004126,Swadlincote Central,148.44,3.83,False,False,False,False,
E02004128,Castle Gresley,57.02,4.33,False,False,False,False,
E02005335,Kirby Muxloe,42.37,5.49,False,False,False,False,
E02005342,Cosby,41.31,4.46,False,False,False,False,
E02005344,Stoney Stanton,56.22,4.75,False,False,False,False,
E02005349,Shepshed West,71.57,4.5,False,False,False,False,
E02005350,Shepshed East,80.35,4.67,False,False,False,False,
E02005372,Dunton Bassett,44.0,4.92,False,False,False,False,
E02005377,Markfield,48.65,4.81,False,False,False,False,
E02005380,Market Bosworth,54.28,4.72,False,False,False,False,
E02005381,Desford,54.45,5.0,False,False,False,False,
E02005382,Earl Shilton,62.26,4.39,False,False,False,False,
E02005383,Barwell,64.77,4.75,False,False,False,False,
E02005384,Stoke Golding,57.24,5.05,False,False,False,False,
E02005385,Hinckley East,43.22,4.42,False,False,False,False,
E02005386,Hinckley Central,134.91,4.41,False,False,False,False,
E02005387,Hinckley West,71.72,4.67,False,False,False,False,
E02005388,Hinckley Clarendon Park,115.79,4.58,False,False,False,False,
E02005389,Burbage St Catherines,60.33,5.04,False,False,False,False,
E02005390,Burbage Sketchley,43.88,4.46,False,False,False,False,
E02005397,Castle Donington,72.03,4.83,False,False,False,False,
E02005398,Kegworth,84.22,16.45,False,False,False,False,
E02005399,Ashby de la Zouch North,76.91,5.47,False,False,False,False,
E02005400,Thringstone,57.79,3.98,False,False,False,False,
E02005401,Packington,44.88,5.64,False,False,False,False,
E02005402,Ashby de la Zouch South,51.33,5.5,False,False,False,False,
E02005403,Whitwick,68.17,3.41,False,False,False,False,
E02005404,Donisthope,48.76,4.76,False,False,False,False,
E02005405,Agar Nook,88.75,5.24,False,False,False,False,
E02005406,Coalville,158.78,4.64,False,False,False,False,
E02005407,Hugglescote,53.31,5.09,False,False,False,False,
E02005408,Measham,60.72,5.01,False,False,False,False,
E02005409,Ibstock,53.97,4.5,False,False,False,False,
E02006008,Shifnal,46.86,4.52,False,False,False,False,
E02006009,Cosford,29.37,9.01,False,False,False,False,
E02006010,Much Wenlock,41.93,4.39,False,False,False,False,
E02006011,Bridgnorth West,38.9,4.47,False,False,False,False,
E02006012,Bridgnorth East,69.26,3.7,False,False,False,False,
E02006013,Alveley,40.64,4.64,False,False,False,False,
E02006014,Highley,33.69,3.93,False,False,False,False,
E02006016,Woore,32.41,4.51,False,False,False,False,
E02006018,Market Drayton,63.4,3.9,False,False,False,False,
E02006020,Hinstock,39.77,4.01,False,False,False,False,
E02006022,Shawbury,27.71,4.63,False,False,False,False,
E02006038,Bayston Hill,28.5,4.77,False,False,False,False,
E02006040,Cressage,26.09,6.33,False,False,False,False,
E02006043,Craven Arms,39.89,3.35,False,False,False,False,
E02006046,Cleobury Mortimer,34.66,3.59,False,False,False,False,
E02006118,Rugeley North,39.94,4.64,False,False,False,False,
E02006119,Rugeley Town,110.65,5.07,False,False,False,False,
E02006120,Rugeley South,61.5,4.84,False,False,False,False,
E02006121,Hednesford Pye Green,49.08,4.01,False,False,False,False,
E02006122,Hednesford Central,74.49,4.44,False,False,False,False,
E02006123,Wimblebury,35.63,4.26,False,False,False,False,
E02006124,Cannock North,59.51,4.6,False,False,False,False,
E02006125,Cannock North East,56.79,4.82,False,False,False,False,
E02006126,Hednesford South,34.98,4.39,False,False,False,False,
E02006127,Hawks Green,51.03,5.47,False,False,False,False,
E02006128,Cannock West,103.65,4.06,False,False,False,False,
E02006129,Cannock South,158.45,4.93,False,False,False,False,
E02006130,Norton Canes,84.15,4.58,False,False,False,False,
E02006131,Mayfield,33.83,5.63,False,False,False,False,
E02006132,Uttoxeter Heath,46.58,5.18,False,False,False,False,
E02006133,Uttoxeter Town,108.26,5.77,False,False,False,False,
E02006134,Rolleston-on-Dove,34.1,4.88,False,False,False,False,
E02006135,Burton Stretton,38.66,4.93,False,False,False,False,
E02006136,Abbots Bromley,39.1,4.68,False,False,False,False,
E02006137,Burton Horninglow,76.44,5.73,False,False,False,False,
E02006138,Burton Eton Park,85.03,7.56,False,False,False,False,
E02006139,Burton Shobnall,89.75,6.02,False,False,False,False,
E02006140,Burton Winshill,60.56,5.77,False,False,False,False,
E02006141,Burton Central,192.28,7.39,False,False,False,False,
E02006142,Burton Brizlincote,41.2,4.94,False,False,False,False,
E02006143,Branston,61.75,5.81,False,False,False,False,
E02006144,Burton Stapenhill,105.66,5.01,False,False,False,False,
E02006145,Barton-under-Needwood,44.42,5.04,False,False,False,False,
E02006146,Armitage,38.66,4.07,False,False,False,False,
E02006147,Alrewas,44.11,5.91,False,False,False,False,
E02006148,Burntwood North East,32.01,4.64,False,False,False,False,
E02006149,Lichfield Central,132.19,5.65,False,False,False,False,
E02006150,Lichfield East,45.14,4.45,False,False,False,False,
E02006151,Burntwood West,79.88,4.56,False,False,False,False,
E02006152,Lichfield West,44.8,5.37,False,False,False,False,
E02006153,Whittington,43.96,4.71,False,False,False,False,
E02006154,Burntwood Chase Terrace,32.88,4.04,False,False,False,False,
E02006155,Burntwood Chasetown,61.33,5.53,False,False,False,False,
E02006156,Shenstone,47.35,5.14,False,False,False,False,
E02006157,Fazeley,74.23,4.76,False,False,False,False,
E02006173,Loggerheads,35.78,5.0,False,False,False,False,
E02006174,Penkridge,59.6,4.76,False,False,False,False,
E02006175,Huntington,54.48,4.32,False,False,False,False,
E02006176,Brewood,51.3,4.16,False,False,False,False,
E02006177,Cheslyn Hay,48.45,4.39,False,False,False,False,
E02006178,Great Wyrley,60.46,4.85,False,False,False,False,
E02006179,Featherstone West,35.03,3.92,False,False,False,False,
E02006180,Featherstone East,78.58,4.83,False,False,False,False,
E02006181,Bilbrook,73.91,4.75,False,False,False,False,
E02006182,Codsall,28.7,5.42,False,False,False,False,
E02006185,Wombourne Inner,68.52,4.63,False,False,False,False,
E02006186,Wombourne Outer,47.24,4.51,False,False,False,False,
E02006187,Kinver,49.56,4.58,False,False,False,False,
E02006189,Barlaston,51.02,4.59,False,False,False,False,
E02006190,Stone Town,88.17,4.9,False,False,False,False,
E02006191,Little Stoke,37.2,4.67,False,False,False,False,
E02006192,Eccleshall,53.53,4.09,False,False,False,False,
E02006193,Stafford Common,40.08,4.82,False,False,False,False,
E02006194,Doxey,60.73,5.08,False,False,False,False,
E02006195,Weston,39.2,3.94,False,False,False,False,
E02006196,Stafford North East,87.25,6.81,False,False,False,False,
E02006197,Central Stafford,250.87,4.83,False,False,False,False,
E02006198,Littleworth,53.19,6.06,False,False,False,False,
E02006199,Rowley,62.86,5.22,False,False,False,False,
E02006200,Highfields,85.9,5.98,False,False,False,False,
E02006201,Weeping Cross,22.86,5.51,False,False,False,False,
E02006202,Gnosall,31.72,4.19,False,False,False,False,
E02006203,Mosspit,86.15,5.74,False,False,False,False,
E02006217,Coton Farm,45.17,4.91,False,False,False,False,
E02006218,Central Tamworth,174.36,4.5,False,False,False,False,
E02006219,Amington,62.39,5.31,False,False,False,False,
E02006220,Bolehall,49.48,4.72,False,False,False,False,
E02006221,Kettlebrook,125.77,6.1,False,False,False,False,
E02006222,Belgrave,63.07,5.3,False,False,False,False,
E02006223,Glascote Heath,84.95,7.31,False,False,False,False,
E02006224,Wilnecote East,38.86,5.36,False,False,False,False,
E02006225,Dosthill,24.93,4.79,False,False,False,False,
E02006226,Wilnecote West,71.05,5.15,False,False,False,False,
E02006468,Polesworth,41.53,4.77,False,False,False,False,
E02006469,Dordon,64.33,4.81,False,False,False,False,
E02006470,Atherstone,75.15,4.83,False,False,False,False,
E02006471,Kingsbury,66.7,4.42,False,False,False,False,
E02006472,Hartshill,68.31,4.7,False,False,False,False,
E02006473,Coleshill,68.21,4.47,False,False,False,False,
E02006474,New Arley,80.4,4.33,False,False,False,False,
E02006475,Weddington,61.85,5.26,False,False,False,False,
E02006476,Camp Hill,86.8,5.5,False,False,False,False,
E02006477,Horeston Grange,61.92,6.1,False,False,False,False,
E02006478,Galley Common,77.1,4.62,False,False,False,False,
E02006479,Nuneaton Town Centre,245.87,5.76,False,False,False,False,
E02006480,Tomkinson Road,81.41,5.16,False,False,False,False,
E02006481,Stockingford,77.9,5.29,False,False,False,False,
E02006482,Bermuda,76.57,5.07,False,False,False,False,
E02006483,Caldwell,84.89,6.36,False,False,False,False,
E02006484,Attleborough,77.41,5.13,False,False,False,False,
E02006485,Whitestone,33.4,4.57,False,False,False,False,
E02006486,Bedworth Woodlands,82.09,4.38,False,False,False,False,
E02006487,Bedworth Town,137.38,5.32,False,False,False,False,
E02006488,Bulkington,49.33,3.9,False,False,False,False,
E02006489,Bedworth Coalpit Field,83.04,6.21,False,False,False,False,
E02006490,Bedworth Heath,58.25,5.26,False,False,False,False,
E02006494,Town North,132.15,5.34,False,False,False,False,
E02006495,Wolston,47.09,4.97,False,False,False,False,
E02006497,New Bilton,61.83,4.86,False,False,False,False,
E02006498,Cawston,45.81,6.88,False,False,False,False,
E02006503,Dunchurch,40.89,5.04,False,False,False,False,
E02006504,Earlswood,60.23,4.17,False,False,False,False,
E02006505,Henley-in-Arden,35.33,4.62,False,False,False,False,
E02006506,Studley,63.28,4.52,False,False,False,False,
E02006507,Southam,46.31,4.49,False,False,False,False,
E02006508,Harbury,56.29,4.58,False,False,False,False,
E02006509,Alcester,57.42,3.74,False,False,False,False,
E02006510,Wilmcote,35.61,4.35,False,False,False,False,
E02006511,Wellesbourne,43.26,5.94,False,False,False,False,
E02006512,Stratford North,134.77,4.41,False,False,False,False,
E02006513,Stratford South East,39.58,5.13,False,False,False,False,
E02006514,Stratford South West,109.78,4.82,False,False,False,False,
E02006516,Kineton,47.63,4.18,False,False,False,False,
E02006519,Kenilworth West,52.25,7.66,False,False,False,False,
E02006520,Kenilworth East,27.36,6.67,False,False,False,False,
E02006521,Kenilworth South,34.09,6.12,False,False,False,False,
E02006522,Kingswood,47.05,4.9,False,False,False,False,
E02006523,Cubbington,37.83,25.17,False,False,False,False,
E02006524,Lillington,56.32,5.45,False,False,False,False,
E02006525,Leamington Central,95.83,14.16,False,False,False,False,
E02006526,Warwick North,56.4,4.25,False,False,False,False,
E02006527,Leamington West,77.61,11.52,False,False,False,False,
E02006528,Leamington East,73.27,17.79,False,False,False,False,
E02006529,Warwick South West,82.71,5.84,False,False,False,False,
E02006530,Warwick South East,104.56,6.76,False,False,False,False,
E02006531,Leamington Brunswick,84.61,25.24,False,False,False,False,
E02006532,Bishops Tachbrook,38.31,5.84,False,False,False,False,
E02006533,Whitnash,30.42,5.37,False,False,False,False,
E02006696,Hagley,36.24,6.9,False,False,False,False,
E02006697,Dodford,54.2,5.27,False,False,False,False,
E02006698,Rubery West,51.56,5.01,False,False,False,False,
E02006699,Hollywood,40.56,3.83,False,False,False,False,
E02006700,Wythall,50.98,4.33,False,False,False,False,
E02006701,Barnt Green,38.34,5.75,False,False,False,False,
E02006702,Catshill,59.24,4.05,False,False,False,False,
E02006703,Marlbrook,31.38,4.72,False,False,False,False,
E02006704,Alvechurch,63.65,5.29,False,False,False,False,
E02006705,Bromsgrove Sidemoor,47.05,5.94,False,False,False,False,
E02006706,Bromsgrove Central,110.25,7.23,False,False,False,False,
E02006707,Bromsgrove Stoney Hill,22.29,6.57,False,False,False,False,
E02006708,Bromsgrove Charford,78.9,6.02,False,False,False,False,
E02006709,Stoke Heath,61.25,4.58,False,False,False,False,
E02006710,Tenbury Wells,35.99,4.53,False,False,False,False,
E02006711,Abberley,31.43,5.64,False,False,False,False,
E02006712,Broadheath,27.91,4.24,False,False,False,False,
E02006721,Riverside,63.25,4.95,False,False,False,False,
E02006722,Church Hill South,71.18,5.84,False,False,False,False,
E02006723,Batchley,73.14,5.92,False,False,False,False,
E02006724,Redditch Town,216.24,6.74,False,False,False,False,
E02006725,Winyates Green,78.23,4.75,False,False,False,False,
E02006726,Southcrest,72.83,5.04,False,False,False,False,
E02006727,Arrow Valley,83.64,4.75,False,False,False,False,
E02006728,Webheath,29.42,4.24,False,False,False,False,
E02006729,Matchborough,58.28,4.65,False,False,False,False,
E02006730,Greenlands,85.67,6.11,False,False,False,False,
E02006731,Oakenshaw,69.31,4.38,False,False,False,False,
E02006732,Crabbs Cross,24.97,4.72,False,False,False,False,
E02006733,Hunt End,35.68,4.69,False,False,False,False,
E02006734,Northwick,27.86,5.42,False,False,False,False,
E02006735,Warndon West,156.03,5.06,False,False,False,False,
E02006736,Warndon East,69.67,4.91,False,False,False,False,
E02006737,Barbourne,65.14,5.57,False,False,False,False,
E02006738,King George's Field,93.75,6.42,False,False,False,False,
E02006739,Henwick,36.61,30.17,False,False,False,False,
E02006740,Worcester Town North,246.32,12.43,False,False,False,False,
E02006741,Lyppard Grange,80.44,5.75,False,False,False,False,
E02006748,Hartlebury,56.38,4.54,False,False,False,False,
E02006749,Droitwich Spa West,80.78,6.54,False,False,False,False,
E02006750,Droitwich Spa East,76.27,3.32,False,False,False,False,
E02006751,Droitwich Spa Central,53.66,4.54,False,False,False,False,
E02006752,Droitwich Spa South,36.48,5.32,False,False,False,False,
E02006753,Fernhill Heath,49.95,4.99,False,False,False,False,
E02006754,Crowle,30.33,4.93,False,False,False,False,
E02006755,Inkberrow,27.11,4.78,False,False,False,False,
E02006767,Wolverley,45.4,5.69,False,False,False,False,
E02006768,Franche,54.57,4.02,False,False,False,False,
E02006769,Greenhill,33.52,4.62,False,False,False,False,
E02006770,Kidderminster Town,194.39,6.46,False,False,False,False,
E02006771,Bewdley East,43.51,4.51,False,False,False,False,
E02006772,Habberley,100.91,4.41,False,False,False,False,
E02006773,Comberton,57.39,4.77,False,False,False,False,
E02006774,Foley Park,103.33,4.63,False,False,False,False,
E02006775,Birchen Coppice,95.62,5.46,False,False,False,False,
E02006776,Spennells,65.05,4.28,False,False,False,False,
E02006777,Bewdley West,57.32,4.3,False,False,False,False,
E02006778,Stourport Lickhill,36.09,3.81,False,False,False,False,
E02006779,Stourport Mitton,85.01,4.62,False,False,False,False,
E02006780,Stourport Areley Kings,76.25,3.51,False,False,False,False,
E02006805,Holbrooks,76.83,10.15,False,False,False,False,
E02006806,Ash Green,76.76,5.93,False,False,False,False,
E02006807,Yardley Wood East,49.31,8.79,False,False,False,False,
E02006808,Shirley West,98.22,6.2,False,False,False,False,
E02006809,Handsworth Wood,57.81,10.26,False,False,False,False,
E02006810,Charlemont,73.15,7.25,False,False,False,False,
E02006894,Blakenhall,149.21,10.37,False,False,False,False,
E02006895,Attwood Green,233.81,25.14,False,False,False,False,
E02006896,Digbeth,615.12,22.18,False,True,True,False,visitor hub
E02006897,Five Ways North,267.74,25.96,False,False,False,False,
E02006898,Ladywood Summer Hill,161.38,13.41,False,False,False,False,
E02006899,Birmingham city centre,1085.42,19.65,False,True,True,True,visitor hub
E02006900,Bordesley,160.07,17.25,False,False,False,False,
E02006919,Swadlincote South,59.37,4.45,False,False,False,False,
E02006920,Swadlincote East,85.07,4.57,False,False,False,False,
E02006943,Smethwick East,111.9,14.87,False,False,False,False,
E02006944,Smethwick South East,128.95,14.71,False,False,False,False,
E02006982,Perton,37.87,4.47,False,False,False,False,
E02007038,Birches Green,121.01,9.09,False,False,False,False,
E02007039,Greet,116.06,14.46,False,False,False,False,
E02007040,Sparkhill South,92.91,17.19,False,False,False,False,
E02007048,Brinklow,83.34,4.47,False,False,False,False,
E02007050,Town Centre,198.37,6.0,False,False,False,False,
E02007051,Lawley,51.99,5.55,False,False,False,False,
