area_code,local_area_name,recorded_crime_rows_per_1000_residents,asb_rows_per_1000_residents
E02001827,Hill Hook,34.41326926057975,3.410323980778174
E02001828,Four Oaks,78.8515406162465,3.641456582633053
E02001829,Little Sutton,31.768558951965066,1.8558951965065502
E02001830,Sutton Coldfield North,49.148167268972635,4.852865255549819
E02001831,Reddicap Heath,78.04604154969118,8.983717012914093
E02001832,Rectory Park,90.9090909090909,6.430462741142353
E02001833,Kingstanding North,61.320754716981135,6.401617250673854
E02001834,Old Oscott,80.48421397022739,4.90757402257484
E02001835,Sutton Coldfield South,118.38999055712937,18.059490084985836
E02001836,New Oscott,99.60465627059082,9.005051614320228
E02001837,Kingstanding South East,130.40217493203338,13.312083997375082
E02001838,Walmley,33.813234711398756,0.7924976885484084
E02001839,Queslett,86.01148889923925,6.831237385499146
E02001840,Perry Common College Road,98.71915026554201,12.496094970321774
E02001841,Wylde Green,45.30961570733344,0.5034401745259272
E02001842,Perry Beeches West,51.56172533465543,2.3549826474962816
E02001843,Kingstanding South West,64.46754029221269,4.066877541798464
E02001844,Chester Road,96.16968698517299,7.310543657331137
E02001845,Perry Beeches East,48.912228057014254,4.651162790697675
E02001846,Short Heath,94.776851397744,6.253065228052967
E02001847,Minworth,79.34238741958542,5.36097212294496
E02001848,Upper Witton,81.55737704918033,6.147540983606557
E02001849,Erdington Town,177.56796723922193,22.409282220452734
E02001850,Perry Barr,112.49273678094131,8.483439860546195
E02001851,Pype Hayes Park,81.48882281687038,5.61612157251404
E02001852,Stockland Green Marsh Hill,134.8314606741573,11.378182335371925
E02001855,Castle Vale,110.80917874396135,10.869565217391305
E02001856,Brookvale,165.55947685281296,11.002698775171268
E02001857,Gravelly Hill,163.05760069294067,15.44680236754728
E02001858,Handsworth East,114.16074357572444,9.075997813012576
E02001859,Birchfield East,216.42939592150827,17.602924201616005
E02001860,Handsworth West,162.49704979938636,12.508850601840924
E02001861,Birchfield West,97.11684370257967,6.87315897527448
E02001862,Middlemore,139.77732793522267,10.82995951417004
E02001863,Aston Park,117.99690733912216,7.9695491852028075
E02001865,Handsworth South,180.43859649122808,13.859649122807017
E02001866,Lozells West,131.9437096603534,13.01449582054809
E02001867,Lozells East,110.39335563502134,9.112931133925482
E02001868,Hodge Hill,97.68768462870531,10.084547214016501
E02001869,Nechells,126.33832976445396,20.27123483226267
E02001870,Ward End,93.9183987682833,6.543494996150885
E02001871,Buckland End,113.11023149814082,6.237255607532686
E02001872,Shard End,98.58585858585859,6.1952861952861955
E02001873,Winson Green,187.15966976989284,14.4914807658528
E02001874,Washwood Heath,84.13654618473896,6.927710843373494
E02001875,Hockley,163.95089285714286,14.620535714285714
E02001876,North Central,316.40139268838595,25.86421288236757
E02001877,Saltley East,89.78702807357212,5.243626976444014
E02001878,Saltley West,104.29576725133914,6.196828064278963
E02001879,Summerfield,155.92577813248204,10.275339185953712
E02001880,Glebe Farm,127.04264647269828,9.067357512953368
E02001881,Belchers Lane,88.12881097560975,6.288109756097561
E02001882,Stechford,175.22997531972177,12.452322189813776
E02001883,Kitts Green,151.4617823177175,13.267582482094634
E02001884,Bordesley Green North,89.41014819903818,6.379428795760133
E02001886,Rotton Park,111.29081168502982,9.602749418780956
E02001888,Kent's Moat,91.17483296213808,10.300668151447661
E02001889,Little Bromwich,84.6671818081466,9.162159178717298
E02001890,Edgbaston North,199.4987468671679,12.130325814536342
E02001892,Yardley Fields,113.11475409836065,8.369283865401208
E02001893,Yardley,100.15862225243599,8.384319057330615
E02001895,Sheldon North,96.2805763431252,8.823857924717972
E02001896,Small Heath Park,88.39452702037602,8.563835023132198
E02001897,Sparkbrook North,192.25866264920617,23.293545022598217
E02001898,Lyndon Green,52.30253125953035,5.18450747179018
E02001899,Harborne West,73.01066447908121,7.14871674674792
E02001900,Five Ways South,93.00939037114324,5.8130868981964525
E02001901,Harborne East,113.36281012036355,8.474576271186441
E02001902,Yardley South,130.39309683604986,13.742409715564078
E02001903,Sparkbrook South,120.49535603715171,8.04953560371517
E02001904,Hay Mills,183.14781258089567,10.872378980067305
E02001905,Edgbaston South,79.61070559610705,2.9197080291970803
E02001906,Quinton Ridgacre,78.90061657435469,2.926115581565472
E02001907,Sheldon South,164.26651305683563,14.688940092165899
E02001908,Sparkhill North,61.787709497206706,3.35195530726257
E02001909,Balsall Heath East,99.16757148027506,6.997225238267584
E02001910,Balsall Heath West,131.8954790543343,10.09263099682013
E02001911,Quinton East,94.43681318681318,6.63919413919414
E02001913,Metchley,173.252688172043,10.349462365591398
E02001914,Moor Green,82.88466987815245,3.6837631056956646
E02001915,Acocks Green East,152.25752508361205,12.37458193979933
E02001916,Acocks Green West,116.99333198625985,9.193776520509195
E02001918,Moseley Village,147.84417986359958,9.016298693792626
E02001919,Moseley,58.62863728032267,4.177470469605301
E02001920,Woodgate Valley,107.38079686479425,8.22991508817766
E02001921,California,108.0522166214295,5.169962517771746
E02001922,Selly Oak,113.46719209357603,13.510977669356352
E02001923,Springfield,98.84871379744558,6.745817593092283
E02001924,Hall Green East,96.50982054542885,10.880316518298715
E02001925,Selly Oak Park,96.09386603297193,6.386454774988861
E02001926,Stirchley North,99.25907000510986,4.726622381195708
E02001927,Weoley Castle,110.95176010430248,8.213820078226858
E02001928,Woodgate,101.93605162804342,7.4801994719859195
E02001929,Fox Hollies,87.64750666159117,6.756756756756757
E02001930,Kings Heath,132.4847382776984,11.819716846343681
E02001931,Wake Green East,68.92536965886599,10.129235068110374
E02001932,Bartley Green,124.57912457912458,10.909090909090908
E02001933,Kings Heath Park,84.8555512372069,9.068532193289286
E02001934,Hall Green Central,44.50664800559832,2.239328201539538
E02001935,Shenley Lane,63.98514851485149,6.930693069306931
E02001936,Brandwood North,71.56279361102412,8.769182586908864
E02001937,Billesley Common,87.54770992366412,15.386450381679388
E02001938,Bournville East,115.53126588713778,11.692933401118454
E02001939,Bournville West,86.41779189833201,8.101667990468625
E02001941,Yardley Wood West,95.57251908396947,10.076335877862595
E02001942,Cotteridge,120.92611709187436,11.20778646217372
E02001943,Brandwood East,109.06843812760698,7.106442144291673
E02001944,Brandwood End,65.82372629230197,8.057518284368415
E02001945,Allens Cross,95.52768275687318,9.755479538831876
E02001946,Northfield Victoria Common,148.20675105485233,16.877637130801688
E02001947,Druids Heath,117.44912674250921,10.094536132030123
E02001948,Highter's Heath,113.24350074860487,12.658227848101266
E02001949,Lifford,120.67565372746468,7.958421309079097
E02001950,Longbridge North,94.64348231999067,6.768584432255806
E02001951,Frankley,120.89077412513255,11.134676564156946
E02001952,Turves Green,132.88781770376863,11.393514460999123
E02001953,King's Norton,88.86389201349832,6.889763779527559
E02001954,Hawkesley,126.86271924040618,9.890544639324805
E02001955,Longbridge South,133.98369967893308,14.941960978019264
E02001956,Rubery East,147.42373376149467,7.2982046416581525
E02001957,West Heath,62.944162436548226,4.822335025380711
E02001958,Longford,115.08919722497522,8.424182358771061
E02001959,Keresley,82.40727377687978,4.329629095107519
E02001961,Bell Green,125.25100401606426,19.201807228915662
E02001962,Little Heath,118.0141450561642,11.787546803494662
E02001963,Whitmore Park,64.81029148347174,4.885197850512946
E02001964,Henley Green,100.55409210645836,12.898537560178037
E02001965,Walsgrave,102.22772277227723,8.292079207920793
E02001966,Foleshill West,136.3698164513936,15.499660095173352
E02001967,Brownshill Green,68.82183908045977,4.310344827586207
E02001968,Radford East,83.30192235205428,5.025757004648825
E02001969,Radford West,83.25952170062001,5.757307351638619
E02001970,Wyken Croft,64.58333333333333,5.729166666666667
E02001971,Coundon,55.979643765903305,3.0216284987277353
E02001972,Foleshill East,151.6806005801058,24.99573451629415
E02001973,Stoke Heath,113.28491096532333,13.472352389878163
E02001974,Sherbourne,82.3119188503804,4.332206255283178
E02001975,Ravensdale,48.29842931937173,2.74869109947644
E02001976,Clifford Park,178.03837953091684,15.591684434968018
E02001977,Naul's Mill,126.79712460063898,12.180511182108626
E02001978,Barras Heath,72.2466960352423,4.1116005873715125
E02001979,Allesley Park,41.2058508740635,1.783803068141277
E02001980,Allesley Green,42.141623488773746,4.1450777202072535
E02001981,Hillfields,138.5622860544724,14.064592945378777
E02001982,Eastern Green,46.36785162287481,4.874569016763762
E02001983,Whoberley,78.82291119285338,4.203888596952181
E02001984,Copsewood,112.8415822663864,8.981463787502388
E02001985,Lower Stoke,200.0,14.177489177489177
E02001986,Tile Hill,112.03007518796993,15.789473684210526
E02001987,Chapelfields,98.08895653644512,9.639776763064434
E02001988,Central Coventry,433.2855093256815,49.49784791965567
E02001989,Earl Place,68.95455989831585,3.336510962821735
E02001990,Binley,101.90528034839411,5.008165487207403
E02001991,Earlsdon,82.01557705924003,8.142553693651168
E02001992,Ernesford Grange,79.36213610235491,9.363990357871314
E02001993,Canley,110.740122426266,11.018363939899833
E02001994,Cheylesmore Daventry Road,65.32663316582915,6.28140703517588
E02001995,Whitley,105.12358120292777,14.108412008061949
E02001996,Willenhall,154.74642392717814,17.945383615084527
E02001997,Stivichall,39.492242595204516,2.4682651622002822
E02001998,Finham Park,29.81119576018549,1.82179529645578
E02001999,Cannon Park,65.06209473568524,4.61589185624794
E02002000,Coseley Wallbrook,73.05669199298656,5.493863237872589
E02002001,Sedgley East,112.19270747401418,10.064345817521861
E02002002,Sedgley West,37.976518335990725,3.7686621249456445
E02002003,West Coseley,83.01928618931501,8.313012635779206
E02002004,Woodsetton,52.770448548812666,5.54089709762533
E02002005,Dudley Priory,143.20388349514562,14.563106796116505
E02002006,Upper Gornal,81.04353195430689,7.718431614695894
E02002007,Lower Gornal,58.70624723083739,8.418254319893665
E02002008,Dibdale,56.70545009185548,4.409063074096754
E02002009,Kates Hill,125.36893886156008,11.243851018973999
E02002010,New Dock,163.38230025080617,14.331780723754926
E02002011,Kingswinford North,102.116850127011,5.080440304826419
E02002012,Russell's Hall,121.24093664566742,5.467728515392844
E02002013,Wall Heath,46.42313546423136,2.2831050228310503
E02002014,Dixons Green,113.45043310875842,10.226179018286814
E02002015,Pensett,50.85706190678567,4.5332200028332625
E02002016,Brockmoor,122.80919825978869,11.062771908017401
E02002017,Netherton,89.10645681001363,6.816210187135953
E02002018,Kingswinford South,33.5946248600224,3.135498320268757
E02002019,Dudley Wood,70.778304910886,6.154635209642262
E02002020,Wordsley,50.92787853226487,5.4829185997469425
E02002021,Brierley Hill,271.6658017644006,22.314478463933575
E02002022,Hawbush,77.32132808103545,5.177265053460889
E02002023,Ashwood,37.735849056603776,2.4285447412665797
E02002024,Quarry Bank,70.84000915541314,5.035477225909819
E02002025,Shell Corner,62.5,3.147482014388489
E02002026,Amblecote East,45.25353773584906,1.7688679245283019
E02002027,Withymoor Village,29.548411076008176,1.3008734435978442
E02002028,Wollaston,46.58060013956734,5.059316120027914
E02002029,Quinton West,57.06478058190002,2.4111879119112682
E02002030,Amblecote West,82.51358097195713,4.110996916752312
E02002031,Cradley West,75.0558926860428,4.9504950495049505
E02002032,Cradley East,57.47013902486783,4.112003132954768
E02002033,Hawne,65.38707613563659,4.862444017914267
E02002034,Stourbridge Town,128.7043840313495,14.08278226794024
E02002035,Halesowen East,31.551414091875102,2.7791401013568744
E02002036,Lye,133.2133213321332,20.85208520852085
E02002037,Norton North,35.62383927063988,5.571500928583488
E02002038,Halesowen Town,81.23569794050343,8.84127314333264
E02002039,Oldswinford,43.015949734171095,4.0277106492669565
E02002040,Norton South,44.466902475997976,1.34748189321206
E02002041,Pedmore Fields,42.09183673469388,11.001275510204081
E02002042,Hayley Green,33.88985796162472,2.24271118863693
E02002043,Wood Green,111.55514957752912,7.9926923955240925
E02002044,Yew Tree,63.71087928464978,4.222553402881272
E02002045,Woods,86.53353814644137,7.808499743983615
E02002046,Friar Park,83.20196181467858,5.955508845682256
E02002047,Wednesbury,185.1410409217322,15.494636471990464
E02002048,Great Barr,53.54791514264814,4.6817849305047545
E02002049,Princes End,96.513470681458,8.240887480190175
E02002051,Ocker Hill,84.45453071810667,6.970335548711298
E02002052,Stone Cross,91.94896612406511,7.655081390233172
E02002053,Hamstead East,90.86599241466499,7.269279393173198
E02002054,Hamstead West,56.415548675610594,3.0959752321981426
E02002055,Wednesbury South,85.01078360891445,7.638389647735442
E02002056,Tibbington,126.89738919247117,16.29224853268569
E02002057,Tipton,79.01119402985074,5.876865671641791
E02002058,Great Bridge,90.78850405305822,6.484893146647016
E02002059,West Bromwich North,131.10583446404343,8.395522388059701
E02002060,Greets Green West,149.673735725938,10.195758564437194
E02002061,Greets Green East,255.38243626062322,12.889518413597735
E02002062,West Bromwich East,191.49173738276016,21.438142027690933
E02002063,North Tividale,108.28087167070218,8.716707021791768
E02002064,Tividale,66.03698070919715,6.403586008164572
E02002065,Smethwick North,104.14902624894158,5.644933672029354
E02002066,Oldbury,156.63234403391883,13.930950938824955
E02002067,Rowley West,73.29428526199145,5.698907709355707
E02002069,Whiteheath,104.63832136940917,11.871893981225842
E02002070,Smethwick South,84.92117226037334,8.41474030370442
E02002071,Rowley East,83.38296605122096,5.5092316855271
E02002072,Langley Green,110.06500784577449,7.397444519166107
E02002073,Warley East,83.5810248484128,7.371299488764713
E02002074,Warley West,72.63863497867155,5.362583790371724
E02002075,Blackheath,116.3003663003663,10.531135531135531
E02002076,Bearwood,107.6951916768207,10.029056143968507
E02002077,Old Hill,91.22645842903077,9.73817179604961
E02002078,Warley South,52.8158295281583,3.0441400304414
E02002079,Brandhall,80.73458073458073,9.471009471009472
E02002080,Cradley Heath,101.24695039306044,10.029818378964489
E02002081,Castle Bromwich West,71.20515179392824,5.887764489420423
E02002082,Smith's Wood North,88.23025526811719,4.796984752441323
E02002083,Castle Bromwich East,129.70641897495437,6.468734450157572
E02002084,Smith's Wood South,92.36471460340994,7.857672349888807
E02002085,Kingshurst,96.65315923758067,9.30511781479814
E02002086,Chelmsley Wood West,212.35651586765698,27.5151924375422
E02002087,Fordbridge,118.45030168307399,8.097808828199428
E02002088,Chelmsley Wood East,121.17733013255402,9.393591483143721
E02002089,Marston Green,271.7916924984501,14.507129572225667
E02002090,Lyndon North,47.97047970479705,2.851392150285139
E02002091,Elmdon Park,50.29392553886349,6.531678641410843
E02002092,Lyndon South,84.20473307649972,6.74188222344524
E02002093,Olton,68.0322966507177,5.83133971291866
E02002094,Ulverley Green,25.092004014720644,0.5018400802944128
E02002095,Elmdon Heath,46.69756662804171,3.939745075318656
E02002096,Lode Heath,43.750602293533774,2.505541100510745
E02002097,Meriden,64.67864923747277,3.2679738562091503
E02002098,Shirley East,66.13267611419182,5.0318340521667695
E02002099,Central Solihull,215.2797912438388,15.366772977674689
E02002101,Solihull Lodge,67.89340101522842,3.8071065989847717
E02002102,Blossomfield,111.44029170464904,6.722880583409298
E02002103,Shirley Heath,48.19078947368421,3.4539473684210527
E02002104,Monkspath North,19.842627437564147,1.3684570646595964
E02002105,Balsall Common,45.01452081316554,4.719264278799613
E02002106,Knowle,34.01500359675265,2.1580515877093824
E02002107,Monkspath South,43.77539711858145,1.4776505356483192
E02002108,Dorridge,38.50452097937621,3.5558264756679874
E02002109,Dickens Heath,54.24567188788129,6.183017312448475
E02002110,Brownhills West,114.65603190428713,21.222048141290415
E02002111,Brownhills,74.9805144193297,7.482462977396726
E02002112,Pelsall North,54.86994494019366,14.239605088285552
E02002113,Walsall Wood,115.12027491408935,17.494532958450485
E02002114,Pelsall South,53.60960368360467,9.209011675711231
E02002115,Little Bloxwich,67.08656803866998,6.884429471217226
E02002116,Aldridge North,52.545885139135585,3.404381290704559
E02002117,Bloxwich Central,180.74216250799745,15.515035188739603
E02002118,Bloxwich North West,81.48148148148148,9.292929292929292
E02002119,Shelfield,70.91486870714166,8.864358588392708
E02002120,Ashmore,46.65247994761827,9.166803077426747
E02002121,Blakenall North,117.01170117011701,19.05190519051905
E02002122,Blakenall South,90.13415315818894,8.384572386808273
E02002123,New Invention,100.12117540139351,8.02787034232051
E02002124,Aldridge Central,100.44804162451221,11.128775834658187
E02002125,Rushall,73.65483020623353,12.405024034734067
E02002126,Bloxwich South,102.70998652492888,10.780056894744723
E02002127,Walsall Ryecroft,112.37102870569007,12.054346715701298
E02002128,Short Heath East,80.12080298454433,8.527269497246403
E02002129,Short Heath West,82.07594097164649,9.948598905654121
E02002130,Leamore,150.95439312254118,17.485064840448782
E02002131,Aldridge South,64.66126751510477,3.0852294639413804
E02002132,Bentley,79.78888543930456,18.627755355479664
E02002133,Walsall North East,129.89272252826908,17.106407654392576
E02002134,Willenhall Park,101.67839740119112,12.452625879805089
E02002135,Walsall West,145.57754948634428,13.27987972939113
E02002136,Willenhall Town,209.74391005621487,30.480949406620862
E02002137,Streetly North,22.396599640346576,1.96174595389897
E02002138,Walsall East,55.695405915670236,3.775959723096287
E02002139,Walsall Central,351.836509251588,43.35818834576084
E02002140,Pleck,132.55406195207482,18.234950321449446
E02002141,Streetly South,29.721362229102166,2.1671826625387
E02002142,Darlaston East,157.79014308426073,20.800211976682565
E02002143,Palfrey,76.57087189478811,6.624452021432051
E02002144,Walsall South East,33.167738164815894,3.2144944476914086
E02002145,Darlaston Central,83.59825738843753,7.417873542917697
E02002146,The Delves,80.95905340183715,9.497119725984742
E02002147,Darlaston West,105.25738118757546,9.658654373833826
E02002148,Pheasey,43.47826086956522,4.0241448692152915
E02002149,Bushbury,72.66779022504214,5.353425200753445
E02002150,Fordhouses,106.96388456886125,4.665629860031104
E02002151,Pendeford,77.19992801871513,5.03868994061544
E02002152,Bushbury Hill,101.21134842205929,10.997768568696207
E02002153,Ashmore Park,83.66746859128575,7.217321571772254
E02002154,Oxley Park,90.65155807365439,9.173074328881695
E02002155,Low Hill,115.73292402148887,6.139677666922487
E02002156,Wood End,95.88051072030837,9.63623223319682
E02002157,Tettenhall North,64.53674121405751,4.0894568690095845
E02002158,Wednesfield North East,69.51089845826688,6.246677299308878
E02002159,Park Lane,113.14341210747814,9.71188086759469
E02002160,Wednesfield Town,188.83610451306413,17.418844022169438
E02002161,Whitmore Reans,87.14566376648891,7.297221442604546
E02002162,Tettenhall South,56.96283914105696,2.5716857400025717
E02002163,Heath Town,150.65263157894736,15.83157894736842
E02002164,Waterloo Road,134.48991696322656,13.641755634638196
E02002165,West Park,164.21692853522555,17.486061834769387
E02002166,East Park,122.34268707482993,10.416666666666666
E02002167,Castlecroft,62.79174823068815,3.4633338352657734
E02002168,Wolverhampton Central,344.923263678141,44.134223532472035
E02002169,Compton,51.98047894677108,4.766768811712632
E02002170,Bilston North West,79.55625990491284,5.54675118858954
E02002171,Bilston North East,75.24932003626473,7.252946509519492
E02002174,Bradmore,56.6531466701557,4.186837629203192
E02002175,Bilston Lunt,174.08595253367542,16.549069916613213
E02002176,Merryhill South,67.21081494707308,4.08111210304808
E02002177,Ettingshall,125.77140373750544,14.08083441981747
E02002178,Goldthorn Park,65.62615214452501,3.9326533120314613
E02002179,Upper Penn,66.78837669253005,3.8034383082306404
E02002180,Ettingshall Park,71.20838471023428,6.473489519112207
E02002181,Bradley,140.19909931263334,9.599431144821047
E02002182,Woodcross,74.86712224753227,6.2262718299164765
E02002809,Spondon South,99.88665344290168,12.326438084443184
E02002812,Littleover East,176.02660867340413,16.374568248688757
E02002813,Rose Hill,200.08646779074795,39.77518374405534
E02002814,Mickleover South,52.22113911711461,10.304971452443949
E02002815,Normanton North,65.17857142857143,8.59375
E02002816,Littleover West,45.24214103653356,12.74426508071368
E02002817,Normanton West,47.67939173134801,7.128148265483922
E02002818,Normanton South,116.0473566990974,17.582932833196576
E02002819,Wilmorton,137.09677419354838,22.871496562665257
E02002820,Alvaston,128.63320929296992,16.494015890576286
E02002821,Allenton,150.0,19.855305466237944
E02002822,Sunny Hill,56.941040795733024,7.351881216664264
E02002823,Boulton,96.47181356594193,12.498372607733367
E02002824,Sinfin,108.84857460199926,19.159570529433545
E02002825,Chellaston West,73.42939481268012,14.52449567723343
E02002826,Chellaston East,52.83922784275046,13.526842327744117
E02002905,Wigmore,23.30779054916986,1.7560664112388251
E02002908,Shobdon,23.54272778720996,3.2823995472552348
E02002909,Bromyard,46.1567268982305,8.332553131729238
E02002928,Newport North,28.043549983503794,4.783899703068294
E02002929,Edgmond,26.868808165716,3.4524166916841788
E02002930,Newport South,62.92006292006292,10.868010868010868
E02002931,Muxton,31.073876618431076,14.47067783701447
E02002932,Donnington,76.01294787364661,12.389775644603192
E02002933,Dothill,49.86876640419948,9.87376577927759
E02002934,Apley,57.49919015225138,7.450599287333981
E02002935,Wrockwardine Wood,65.24948331857101,10.038382049010924
E02002936,Hadley,64.34844954292885,11.292346298619824
E02002937,Ironbridge,43.00474727729684,7.260541748115052
E02002938,Wellington East,113.05297651556526,16.79410158383397
E02002939,Wellington West,91.02919804465583,20.74250231206236
E02002940,St George's,72.73348130442206,9.049001195151101
E02002941,Oakengates,73.29892966360856,13.952599388379205
E02002942,Priorslee,63.15266036797613,13.550472401790154
E02002944,Malinslee,144.63900215879107,30.46294075317822
E02002945,Hollinswood,116.28892183859352,18.534208854056345
E02002946,Dawley,59.475141764473165,12.000527495714097
E02002947,Brookside,78.67059318468658,12.901416351142897
E02002948,Woodside,117.3140223831468,17.774851876234365
E02002949,Madeley,126.0804208944006,25.93010146561443
E02002950,Sutton Hill,115.60792349726776,20.66256830601093
E02004077,Doveridge,34.12391093901258,2.783155856727977
E02004086,Borrowash,36.27738244732803,5.720664155155574
E02004088,Long Eaton West,42.502951593860686,5.116096025186934
E02004090,Breaston,52.61388468650193,20.339552866027905
E02004091,Long Eaton South,45.75233594672967,6.980990226613683
E02004092,Sawley,63.698338304218154,10.971452918619514
E02004118,Hatton,50.304680409697916,5.834305717619603
E02004119,Hilton,38.587641866330394,4.707860445565363
E02004120,Willington North,51.92430752353963,8.136027059146175
E02004121,Aston-on-Trent,65.02314565615244,8.504682958337819
E02004122,Willington South,36.88168932600521,3.6158518947063927
E02004123,Melbourne,35.01255724626976,11.375387797311271
E02004124,Swadlincote North,57.39981483930697,7.2741700833223115
E02004125,Swadlincote West,79.65926096465984,15.770691838379188
E02004126,Swadlincote Central,148.4364514830224,19.59468527714401
E02004128,Castle Gresley,57.01830863121186,9.15431560592851
E02005335,Kirby Muxloe,42.3728813559322,3.972457627118644
E02005342,Cosby,41.307857911733045,4.843918191603875
E02005344,Stoney Stanton,56.22229430208671,8.865823332252136
E02005349,Shepshed West,71.57283514264074,11.739459732390811
E02005350,Shepshed East,80.34557235421167,8.207343412526997
E02005372,Dunton Bassett,43.99687133359406,2.444270629644114
E02005377,Markfield,48.654015887025594,5.406001765225066
E02005380,Market Bosworth,54.28143367523337,5.762360262763628
E02005381,Desford,54.44707473791004,5.974523729004622
E02005382,Earl Shilton,62.26486079759218,8.653122648607976
E02005383,Barwell,64.77334789732387,7.099945385035499
E02005384,Stoke Golding,57.23542116630669,4.58963282937365
E02005385,Hinckley East,43.22289156626506,6.024096385542169
E02005386,Hinckley Central,134.9128002632445,10.968520346605242
E02005387,Hinckley West,71.71554841301727,5.524306950582563
E02005388,Hinckley Clarendon Park,115.78609282158342,10.59900433595632
E02005389,Burbage St Catherines,60.33057851239669,5.619834710743802
E02005390,Burbage Sketchley,43.881453154875715,2.7724665391969405
E02005397,Castle Donington,72.03023758099351,14.038876889848812
E02005398,Kegworth,84.21972898149497,11.656709893632522
E02005399,Ashby de la Zouch North,76.91383247205864,9.133517606056964
E02005400,Thringstone,57.79454638998457,13.033784942548447
E02005401,Packington,44.88469277201671,4.643244079863798
E02005402,Ashby de la Zouch South,51.33107809972055,5.736137667304015
E02005403,Whitwick,68.17141985664176,13.57328046362666
E02005404,Donisthope,48.75530572444649,7.686130549500975
E02005405,Agar Nook,88.75,10.833333333333334
E02005406,Coalville,158.78036437246965,17.586032388663966
E02005407,Hugglescote,53.31016825164594,9.326993416239942
E02005408,Measham,60.7220308712846,6.633499170812604
E02005409,Ibstock,53.973013493253376,5.9137098117607865
E02006008,Shifnal,46.858563641579806,5.642153581333078
E02006009,Cosford,29.37098197403252,3.9077272154292197
E02006010,Much Wenlock,41.92978024753726,6.651511324408521
E02006011,Bridgnorth West,38.8967468175389,6.718528995756719
E02006012,Bridgnorth East,69.26057474975784,13.400064578624475
E02006013,Alveley,40.64008128016256,4.572009144018288
E02006014,Highley,33.69313023302734,5.750025219408857
E02006016,Woore,32.41252302025783,5.033763044812768
E02006018,Market Drayton,63.398744736633034,15.333280368634306
E02006020,Hinstock,39.76759199483538,3.486120077469335
E02006022,Shawbury,27.71362586605081,2.9693170570768723
E02006038,Bayston Hill,28.500178126113287,6.41254007837549
E02006040,Cressage,26.08919162061432,5.140727412928929
E02006043,Craven Arms,39.88688792975145,4.018455127251079
E02006046,Cleobury Mortimer,34.65679676985195,4.486316733961417
E02006118,Rugeley North,39.94062879503441,6.611793280259074
E02006119,Rugeley Town,110.64973131411823,15.510503175378602
E02006120,Rugeley South,61.497038233710285,6.354334948842219
E02006121,Hednesford Pye Green,49.079754601226995,4.771642808452625
E02006122,Hednesford Central,74.487895716946,14.028553693358162
E02006123,Wimblebury,35.62577447335811,4.337050805452292
E02006124,Cannock North,59.512460847065235,6.4006536837804715
E02006125,Cannock North East,56.79485424934994,6.021623101135897
E02006126,Hednesford South,34.98089780324737,4.894937917860554
E02006127,Hawks Green,51.030421982335625,3.645030141595402
E02006128,Cannock West,103.64773934600402,14.165978042734034
E02006129,Cannock South,158.45282564164359,21.20737438245572
E02006130,Norton Canes,84.15484491464294,6.491945179129599
E02006131,Mayfield,33.82827630729503,3.8734667527437057
E02006132,Uttoxeter Heath,46.58385093167702,6.211180124223603
E02006133,Uttoxeter Town,108.26005477872279,13.406371630387776
E02006134,Rolleston-on-Dove,34.10288341795191,3.2570169556470927
E02006135,Burton Stretton,38.66477638870988,2.191003995360227
E02006136,Abbots Bromley,39.104907499723055,2.437133045308519
E02006137,Burton Horninglow,76.43590303559729,5.6780956540729415
E02006138,Burton Eton Park,85.02979145978153,9.433962264150944
E02006139,Burton Shobnall,89.74964572508266,10.155880963627775
E02006140,Burton Winshill,60.56270863137816,7.033857892226991
E02006141,Burton Central,192.28237617245352,17.7719269376337
E02006142,Burton Brizlincote,41.19992405543953,4.556673628251376
E02006143,Branston,61.74682734350005,12.477338167857523
E02006144,Burton Stapenhill,105.6612981942411,11.591020009760859
E02006145,Barton-under-Needwood,44.41837076768354,4.860878310425746
E02006146,Armitage,38.66272458494428,3.6388446668182852
E02006147,Alrewas,44.1141498216409,3.9239001189060643
E02006148,Burntwood North East,32.005590496156536,4.751921733053808
E02006149,Lichfield Central,132.18980143562973,16.96653304745036
E02006150,Lichfield East,45.137070019207265,4.452592980618125
E02006151,Burntwood West,79.88135419862944,10.739490641301012
E02006152,Lichfield West,44.79907710055758,6.537204383772352
E02006153,Whittington,43.96203774408203,3.7089560379622557
E02006154,Burntwood Chase Terrace,32.87699647376063,4.355942750466708
E02006155,Burntwood Chasetown,61.33146950899878,7.688275380045431
E02006156,Shenstone,47.349912082391356,3.8934940969605627
E02006157,Fazeley,74.23278960464474,7.188277578103401
E02006173,Loggerheads,35.77611079053664,5.914598961338719
E02006174,Penkridge,59.60446804614539,5.035707745834096
E02006175,Huntington,54.47641302760333,5.111727763984226
E02006176,Brewood,51.30304270705417,3.8204393505253105
E02006177,Cheslyn Hay,48.45139527752223,3.3731984053971176
E02006178,Great Wyrley,60.4607803968571,6.392329204954055
E02006179,Featherstone West,35.02884111169376,4.299947561615102
E02006180,Featherstone East,78.58376511226253,5.613126079447323
E02006181,Bilbrook,73.90757058083078,10.429778816759576
E02006182,Codsall,28.7034444133296,2.520302436292355
E02006185,Wombourne Inner,68.52007862959843,7.862959842740803
E02006186,Wombourne Outer,47.24157258387381,5.604932340459604
E02006187,Kinver,49.56350323852436,5.068994649394536
E02006189,Barlaston,51.02467586783772,4.739997211766346
E02006190,Stone Town,88.16893782149626,16.875733237072467
E02006191,Little Stoke,37.20128110372013,3.202759300320276
E02006192,Eccleshall,53.53062778805353,3.808073115003808
E02006193,Stafford Common,40.08016032064128,7.214428857715431
E02006194,Doxey,60.72536387497017,5.607253638749702
E02006195,Weston,39.204480512058524,2.5145730940678934
E02006196,Stafford North East,87.25017229496899,9.235010337698139
E02006197,Central Stafford,250.87403326623584,35.0672740756436
E02006198,Littleworth,53.190300592244945,5.363727790814616
E02006199,Rowley,62.86057692307692,8.413461538461538
E02006200,Highfields,85.89909443725743,6.2095730918499354
E02006201,Weeping Cross,22.858557517742202,3.9610496781647138
E02006202,Gnosall,31.721890277023356,3.041825095057034
E02006203,Mosspit,86.15304528891203,16.267568974492452
E02006217,Coton Farm,45.16508278632311,4.99657098069952
E02006218,Central Tamworth,174.36079545454547,11.71875
E02006219,Amington,62.387306166606564,8.89529991585527
E02006220,Bolehall,49.482006543075244,6.952017448200654
E02006221,Kettlebrook,125.77426015141087,9.979353062629043
E02006222,Belgrave,63.07090039147455,8.409453385529941
E02006223,Glascote Heath,84.948273349847,7.722570304531546
E02006224,Wilnecote East,38.86217948717949,4.8076923076923075
E02006225,Dosthill,24.931880108991827,5.040871934604905
E02006226,Wilnecote West,71.05475040257649,8.856682769726248
E02006468,Polesworth,41.52975538517707,10.67907995618839
E02006469,Dordon,64.32881703290447,12.068769213252875
E02006470,Atherstone,75.15337423312883,16.445126107702794
E02006471,Kingsbury,66.70492038444986,13.62788696026395
E02006472,Hartshill,68.3090705487122,19.74956734195256
E02006473,Coleshill,68.21466422584064,13.199730224491763
E02006474,New Arley,80.40043797903958,14.077897700610043
E02006475,Weddington,61.84814351272424,14.810179390905299
E02006476,Camp Hill,86.79795769511306,20.31884964051266
E02006477,Horeston Grange,61.920567700583725,10.87329747052764
E02006478,Galley Common,77.09696609161213,22.248661511005356
E02006479,Nuneaton Town Centre,245.87115826315213,52.061686536147874
E02006480,Tomkinson Road,81.4093153610036,16.014947284131857
E02006481,Stockingford,77.90077900779008,37.72037720377204
E02006482,Bermuda,76.5734747279989,16.38892714502135
E02006483,Caldwell,84.8926284063795,17.706894386537737
E02006484,Attleborough,77.40585774058577,16.736401673640167
E02006485,Whitestone,33.4041907075615,2.2775584573337384
E02006486,Bedworth Woodlands,82.08533484035038,13.280587736648771
E02006487,Bedworth Town,137.3847926267281,47.37903225806452
E02006488,Bulkington,49.333991119881595,7.893438579181056
E02006489,Bedworth Coalpit Field,83.0436941410129,16.261171797418072
E02006490,Bedworth Heath,58.25368121932317,8.008266597778352
E02006494,Town North,132.15071507150716,23.23982398239824
E02006495,Wolston,47.0860671555384,9.134182426347614
E02006497,New Bilton,61.82762458266353,11.252627674044763
E02006498,Cawston,45.80538123061386,9.30534516338455
E02006503,Dunchurch,40.89255873390347,5.504767521871621
E02006504,Earlswood,60.23481368044921,10.209290454313425
E02006505,Henley-in-Arden,35.334673944268886,4.740017236426314
E02006506,Studley,63.27646181878416,8.116614212357131
E02006507,Southam,46.3072043497961,9.062075215224286
E02006508,Harbury,56.28753249081294,8.425203907860537
E02006509,Alcester,57.42034418129153,10.223206679161697
E02006510,Wilmcote,35.61004086398132,9.9241097489784
E02006511,Wellesbourne,43.25795251947077,7.22529792624566
E02006512,Stratford North,134.77023180154535,32.370882472549816
E02006513,Stratford South East,39.577836411609496,7.915567282321899
E02006514,Stratford South West,109.78224077626086,30.012411147467
E02006516,Kineton,47.62897342365815,8.963001563314226
E02006519,Kenilworth West,52.25,11.0
E02006520,Kenilworth East,27.359943148170082,4.145445931540921
E02006521,Kenilworth South,34.08624229979466,7.392197125256674
E02006522,Kingswood,47.05274043433299,9.134781109962082
E02006523,Cubbington,37.83239010776029,4.341421815644623
E02006524,Lillington,56.32017385005433,15.03078594712061
E02006525,Leamington Central,95.83365303460447,13.887823217985115
E02006526,Warwick North,56.40314378178456,10.286638927415627
E02006527,Leamington West,77.61385503527903,12.508017960230918
E02006528,Leamington East,73.27049617641828,14.04943980081807
E02006529,Warwick South West,82.70972823946435,20.874359984245768
E02006530,Warwick South East,104.56331217890602,21.909942580840134
E02006531,Leamington Brunswick,84.6079380445305,16.263310745401743
E02006532,Bishops Tachbrook,38.30956880261124,7.8165263700395125
E02006533,Whitnash,30.420837787928857,6.2202352026436
E02006696,Hagley,36.2417943107221,4.786652078774617
E02006697,Dodford,54.19981124443845,8.359174868545233
E02006698,Rubery West,51.557632398753896,10.43613707165109
E02006699,Hollywood,40.56109514956904,8.281223593037012
E02006700,Wythall,50.98347757671125,10.85759244689221
E02006701,Barnt Green,38.34126444595513,11.14887831407206
E02006702,Catshill,59.238127202550764,12.418190971639536
E02006703,Marlbrook,31.37840866641763,5.3542522724442785
E02006704,Alvechurch,63.645547698080534,10.391109828258045
E02006705,Bromsgrove Sidemoor,47.05084745762712,11.389830508474576
E02006706,Bromsgrove Central,110.2475532527346,34.830166954519285
E02006707,Bromsgrove Stoney Hill,22.290658454318816,2.932981375568265
E02006708,Bromsgrove Charford,78.89816776766796,16.07877352611243
E02006709,Stoke Heath,61.25150421179302,7.701564380264741
E02006710,Tenbury Wells,35.99002256800095,5.226273904264165
E02006711,Abberley,31.42957663891169,5.042805206989563
E02006712,Broadheath,27.908189880020867,4.8252477829942615
E02006721,Riverside,63.25301204819277,12.5
E02006722,Church Hill South,71.17960007338102,13.025133003118693
E02006723,Batchley,73.14200042835725,11.458556436067681
E02006724,Redditch Town,216.23931623931625,34.18803418803419
E02006725,Winyates Green,78.23252444766389,11.590003621876132
E02006726,Southcrest,72.83001098728614,22.288494741798775
E02006727,Arrow Valley,83.64187142376305,15.483002356109054
E02006728,Webheath,29.415559282673204,9.160108373113147
E02006729,Matchborough,58.276584599266634,8.774227344159245
E02006730,Greenlands,85.66794455912711,17.693895606015925
E02006731,Oakenshaw,69.31226432034477,10.414796193212426
E02006732,Crabbs Cross,24.974881584613176,3.588345055260514
E02006733,Hunt End,35.68478440442755,3.7997687097307122
E02006734,Northwick,27.85888077858881,5.231143552311435
E02006735,Warndon West,156.02965105767493,42.66859519074308
E02006736,Warndon East,69.67087050138419,15.687480775146108
E02006737,Barbourne,65.14148103552077,16.375677302829622
E02006738,King George's Field,93.75,17.14409722222222
E02006739,Henwick,36.61087866108787,6.101813110181311
E02006740,Worcester Town North,246.32152588555857,59.40054495912806
E02006741,Lyppard Grange,80.4396304555591,12.583625358394393
E02006748,Hartlebury,56.382857792429235,8.752983971808572
E02006749,Droitwich Spa West,80.77634011090574,18.11460258780037
E02006750,Droitwich Spa East,76.27118644067797,15.29108327192336
E02006751,Droitwich Spa Central,53.66269165247019,12.606473594548552
E02006752,Droitwich Spa South,36.481459258370336,3.9601584063362534
E02006753,Fernhill Heath,49.94585814834868,7.715213860314023
E02006754,Crowle,30.334367459496725,4.308859014133057
E02006755,Inkberrow,27.10997442455243,2.0460358056265986
E02006767,Wolverley,45.402358835194654,5.5317816511846365
E02006768,Franche,54.57142857142857,11.142857142857142
E02006769,Greenhill,33.52192362093352,6.364922206506365
E02006770,Kidderminster Town,194.39140811455846,48.80668257756563
E02006771,Bewdley East,43.51043362438952,12.727541808494895
E02006772,Habberley,100.91331037580476,21.859559814343463
E02006773,Comberton,57.38601823708207,12.158054711246201
E02006774,Foley Park,103.33421540089971,18.258798623974595
E02006775,Birchen Coppice,95.62079711333443,22.634082335574874
E02006776,Spennells,65.05082095387021,8.287724784988272
E02006777,Bewdley West,57.32130464954892,10.270645385149201
E02006778,Stourport Lickhill,36.09253065774805,7.664437012263099
E02006779,Stourport Mitton,85.00527983104541,24.81520591341077
E02006780,Stourport Areley Kings,76.24534056252118,17.282277194171467
E02006805,Holbrooks,76.82993946064943,7.374793615850303
E02006806,Ash Green,76.76130389064143,13.669821240799159
E02006807,Yardley Wood East,49.30606281957633,1.3391770148526905
E02006808,Shirley West,98.21693907875186,8.172362555720653
E02006809,Handsworth Wood,57.8097301556037,2.954500689383494
E02006810,Charlemont,73.14563651669629,5.612197175194089
E02006894,Blakenhall,149.2132015039688,10.235343266954462
E02006895,Attwood Green,233.8106432998504,19.448600128232528
E02006896,Digbeth,615.1208360548661,67.27629000653168
E02006897,Five Ways North,267.7388836329234,24.24314096499527
E02006898,Ladywood Summer Hill,161.37599595295308,14.544074870368028
E02006899,Birmingham city centre,1085.4214123006834,88.1874389847055
E02006900,Bordesley,160.07125588497263,16.605166051660518
E02006919,Swadlincote South,59.36991286028919,8.23518146126592
E02006920,Swadlincote East,85.06686478454681,13.868251609707777
E02006943,Smethwick East,111.90100052659294,9.873617693522906
E02006944,Smethwick South East,128.9483463396507,11.024402328750154
E02006982,Perton,37.87069744516553,5.011090117473096
E02007038,Birches Green,121.01073541225443,9.859052070400935
E02007039,Greet,116.06067902720925,9.992776306284613
E02007040,Sparkhill South,92.90696144229504,5.921831819976313
E02007048,Brinklow,83.34441047454473,9.304798617572777
E02007050,Town Centre,198.37281646326872,26.56137832017229
E02007051,Lawley,51.992055146629276,12.267788293024886
