area_code,local_area_name,Anti-social behaviour,Bicycle theft,Burglary,Criminal damage and arson,Drugs,Other crime,Other theft,Possession of weapons,Public order,Robbery,Shoplifting,Theft from the person,Vehicle crime,Violence and sexual offences,population_2021,recorded_crime_rows,months_with_records,repeated_id_review_rows
E02001827,Hill Hook,22,1,17,17,2,4,7,4,17,1,6,2,44,100,6451,222,12,0
E02001828,Four Oaks,26,3,34,20,6,8,30,7,26,22,179,1,60,167,7140,563,12,0
E02001829,Little Sutton,17,2,28,11,4,4,35,0,11,9,9,2,71,105,9160,291,12,0
E02001830,Sutton Coldfield North,47,5,30,41,8,5,29,4,50,13,46,3,69,173,9685,476,12,0
E02001831,Reddicap Heath,96,2,46,81,8,16,38,14,48,18,98,3,92,370,10686,834,12,0
E02001832,Rectory Park,51,1,38,58,9,11,51,7,47,11,123,1,95,269,7931,721,12,0
E02001833,Kingstanding North,38,0,31,32,5,6,18,11,21,6,45,3,56,130,5936,364,12,0
E02001834,Old Oscott,30,1,37,41,1,14,31,6,32,5,6,1,38,279,6113,492,12,0
E02001835,Sutton Coldfield South,153,9,43,99,13,13,75,14,63,47,171,9,116,331,8472,1003,12,0
E02001836,New Oscott,82,4,77,43,9,9,58,9,44,15,296,3,74,266,9106,907,12,0
E02001837,Kingstanding South East,142,4,62,142,25,35,62,34,96,41,77,4,87,722,10667,1391,12,0
E02001838,Walmley,6,1,28,19,2,12,18,5,16,2,10,1,53,89,7571,256,12,0
E02001839,Queslett,44,0,29,47,6,15,36,8,34,15,73,2,48,241,6441,554,12,0
E02001840,Perry Common College Road,120,6,55,78,17,21,35,22,60,37,6,2,57,552,9603,948,12,0
E02001841,Wylde Green,3,0,17,7,2,1,42,1,6,2,98,0,50,44,5959,270,12,0
E02001842,Perry Beeches West,19,1,43,34,10,14,11,9,16,3,2,1,58,214,8068,416,12,1
E02001843,Kingstanding South West,27,2,45,30,8,11,29,8,26,13,38,0,36,182,6639,428,12,0
E02001844,Chester Road,71,8,56,85,12,16,43,7,59,15,199,3,115,316,9712,934,12,0
E02001845,Perry Beeches East,31,2,22,18,6,12,20,11,25,10,1,0,31,168,6665,326,12,0
E02001846,Short Heath,51,1,52,88,15,17,35,14,32,27,1,7,56,428,8156,773,12,0
E02001847,Minworth,30,6,35,39,1,17,26,5,34,6,46,2,100,127,5596,444,12,0
E02001848,Upper Witton,45,1,25,48,17,18,28,15,37,45,10,2,48,303,7320,597,12,0
E02001849,Erdington Town,197,7,62,106,46,28,91,30,125,53,184,22,109,698,8791,1561,12,0
E02001850,Perry Barr,73,10,31,67,20,12,81,11,70,39,225,11,79,312,8605,968,12,0
E02001851,Pype Hayes Park,51,3,56,56,8,17,48,16,34,21,83,4,75,319,9081,740,12,0
E02001852,Stockland Green Marsh Hill,80,0,63,63,31,30,59,25,39,40,38,8,68,484,7031,948,12,0
E02001855,Castle Vale,108,5,37,100,22,26,54,25,80,17,144,3,111,477,9936,1101,12,0
E02001856,Brookvale,106,8,120,97,44,37,174,41,79,41,125,6,119,704,9634,1595,12,0
E02001857,Gravelly Hill,214,11,160,201,88,62,159,60,107,53,114,18,119,1107,13854,2259,12,0
E02001858,Handsworth East,83,4,94,80,24,22,65,22,62,32,2,10,91,536,9145,1044,12,0
E02001859,Birchfield East,183,6,85,238,220,39,113,59,207,67,75,11,88,1042,10396,2250,12,0
E02001860,Handsworth West,106,3,80,109,30,23,91,44,65,51,164,7,103,607,8474,1377,12,0
E02001861,Birchfield West,77,0,64,113,34,22,53,25,50,27,0,7,74,619,11203,1088,12,0
E02001862,Middlemore,107,4,93,106,48,35,88,36,61,49,103,20,139,599,9880,1381,12,0
E02001863,Aston Park,67,3,54,70,86,17,56,28,77,40,7,6,91,457,8407,992,12,0
E02001865,Handsworth South,158,12,126,131,117,36,142,69,123,127,49,41,157,927,11400,2057,12,0
E02001866,Lozells West,123,8,70,89,56,23,85,39,71,52,26,13,84,631,9451,1247,12,0
E02001867,Lozells East,79,1,42,62,35,22,68,25,57,44,10,7,61,523,8669,957,12,0
E02001868,Hodge Hill,99,7,52,63,18,22,63,32,51,31,189,1,64,366,9817,959,12,0
E02001869,Nechells,142,2,40,76,23,14,72,26,63,32,21,6,144,366,7005,885,12,0
E02001870,Ward End,85,2,87,88,40,34,70,36,73,34,18,5,114,619,12990,1220,12,0
E02001871,Buckland End,52,2,57,97,27,16,45,21,58,16,34,1,112,457,8337,943,12,0
E02001872,Shard End,46,5,52,74,15,30,25,19,31,9,17,1,72,382,7425,732,12,0
E02001873,Winson Green,165,5,123,174,72,45,144,66,161,64,12,25,185,1055,11386,2131,12,0
E02001874,Washwood Heath,69,5,34,56,36,23,54,27,63,30,0,3,62,445,9960,838,12,0
E02001875,Hockley,131,14,81,92,62,27,282,28,59,64,101,14,150,495,8960,1469,12,0
E02001876,North Central,416,55,198,357,184,47,471,116,337,287,844,101,485,1607,16084,5089,12,0
E02001877,Saltley East,65,3,34,83,50,34,98,35,67,33,12,13,102,549,12396,1113,12,0
E02001878,Saltley West,59,2,52,82,23,19,67,24,68,34,12,10,163,437,9521,993,12,0
E02001879,Summerfield,103,11,82,102,30,65,95,27,137,42,30,16,161,765,10024,1563,12,0
E02001880,Glebe Farm,91,5,54,129,20,31,63,43,76,12,54,1,130,657,10036,1275,12,0
E02001881,Belchers Lane,66,4,40,50,32,21,46,25,51,24,3,4,71,554,10496,925,12,0
E02001882,Stechford,111,10,57,116,90,25,66,47,134,36,183,6,120,672,8914,1562,12,0
E02001883,Kitts Green,113,3,83,114,24,31,65,31,66,28,71,4,159,611,8517,1290,12,0
E02001884,Bordesley Green North,65,2,27,89,19,17,78,25,53,20,12,10,100,459,10189,911,12,0
E02001886,Rotton Park,95,8,81,81,21,16,73,28,65,22,19,3,149,535,9893,1101,12,0
E02001888,Kent's Moat,74,2,31,68,16,20,26,8,50,23,22,2,56,331,7184,655,12,0
E02001889,Little Bromwich,83,2,33,70,21,18,48,22,38,15,7,5,84,404,9059,767,12,0
E02001890,Edgbaston North,121,21,187,116,28,22,134,38,100,34,483,9,247,571,9975,1990,12,0
E02001892,Yardley Fields,97,4,46,90,31,25,95,22,110,30,20,9,131,698,11590,1311,12,0
E02001893,Yardley,74,1,55,78,22,20,51,18,55,23,106,3,82,370,8826,884,12,0
E02001895,Sheldon North,79,2,42,99,19,25,55,21,48,23,45,2,74,407,8953,862,12,0
E02001896,Small Heath Park,87,1,36,72,23,20,66,29,49,26,14,3,100,459,10159,898,12,0
E02001897,Sparkbrook North,201,6,102,161,49,23,100,56,110,74,94,17,235,632,8629,1659,12,0
E02001898,Lyndon Green,34,0,14,18,12,10,15,6,17,9,4,0,54,184,6558,343,12,0
E02001899,Harborne West,61,3,58,51,11,9,45,16,31,10,50,4,101,234,8533,623,12,0
E02001900,Five Ways South,39,5,81,52,17,8,47,9,36,13,25,4,104,223,6709,624,12,0
E02001901,Harborne East,69,11,73,62,7,8,108,14,44,22,163,7,133,271,8142,923,12,0
E02001902,Yardley South,86,5,61,52,20,19,74,17,53,24,84,7,110,290,6258,816,12,0
E02001903,Sparkbrook South,65,6,41,80,37,25,42,27,56,25,35,14,85,500,8075,973,12,0
E02001904,Hay Mills,84,5,67,90,23,21,358,34,82,31,60,9,138,497,7726,1415,12,0
E02001905,Edgbaston South,30,47,82,73,15,12,90,13,62,19,42,7,120,236,10275,818,12,0
E02001906,Quinton Ridgacre,28,2,73,46,7,21,133,10,30,15,113,3,59,243,9569,755,12,0
E02001907,Sheldon South,153,15,77,96,11,20,201,29,99,52,479,7,167,458,10416,1711,12,0
E02001908,Sparkhill North,30,1,18,36,12,22,37,4,31,18,5,10,46,313,8950,553,12,0
E02001909,Balsall Heath East,58,3,32,68,31,28,51,17,56,25,14,6,105,386,8289,822,12,0
E02001910,Balsall Heath West,73,9,55,82,29,20,43,21,53,31,50,9,96,456,7233,954,12,0
E02001911,Quinton East,58,1,51,92,24,26,40,23,50,13,18,3,51,433,8736,825,12,0
E02001913,Metchley,77,20,80,89,29,23,133,30,119,15,25,6,117,603,7440,1289,12,0
E02001914,Moor Green,26,6,27,65,13,9,27,10,35,17,35,5,69,267,7058,585,12,0
E02001915,Acocks Green East,148,4,72,125,24,37,96,35,146,28,340,19,150,745,11960,1821,12,0
E02001916,Acocks Green West,91,4,92,115,19,17,105,24,64,16,48,4,71,579,9898,1158,12,0
E02001918,Moseley Village,78,15,81,108,23,22,119,27,83,22,57,18,139,565,8651,1279,12,0
E02001919,Moseley,29,2,37,31,10,10,18,11,26,6,0,1,82,173,6942,407,12,0
E02001920,Woodgate Valley,63,1,51,80,17,29,38,11,46,17,6,0,57,469,7655,822,12,0
E02001921,California,40,0,72,93,19,21,40,25,70,21,80,2,62,331,7737,836,12,0
E02001922,Selly Oak,216,27,144,138,45,22,137,32,121,48,399,11,137,553,15987,1814,12,0
E02001923,Springfield,75,3,69,98,15,27,65,29,76,29,12,8,97,571,11118,1099,12,0
E02001924,Hall Green East,77,3,52,49,23,21,38,14,43,18,2,3,50,367,7077,683,12,0
E02001925,Selly Oak Park,43,2,56,48,20,8,37,11,28,11,11,7,84,324,6733,647,12,0
E02001926,Stirchley North,37,8,105,54,26,9,50,19,52,12,8,3,94,337,7828,777,12,0
E02001927,Weoley Castle,63,2,38,66,15,24,36,16,55,13,103,1,77,405,7670,851,12,0
E02001928,Woodgate,51,1,42,75,6,23,37,13,39,14,31,1,54,359,6818,695,12,0
E02001929,Fox Hollies,71,2,39,72,14,25,47,15,72,14,38,2,63,518,10508,921,12,0
E02001930,Kings Heath,91,10,80,70,14,18,78,17,85,33,182,13,88,332,7699,1020,12,0
E02001931,Wake Green East,87,4,76,31,9,7,36,9,40,8,45,3,85,239,8589,592,12,1
E02001932,Bartley Green,81,4,54,106,13,23,57,25,54,16,22,5,88,458,7425,925,12,0
E02001933,Kings Heath Park,70,2,65,64,8,12,37,11,42,19,41,4,84,266,7719,655,12,0
E02001934,Hall Green Central,16,1,35,21,6,6,15,9,21,8,13,2,40,141,7145,318,12,0
E02001935,Shenley Lane,56,3,32,53,7,15,31,8,21,3,8,2,69,265,8080,517,12,0
E02001936,Brandwood North,56,1,52,57,7,5,57,8,33,12,12,4,55,154,6386,457,12,0
E02001937,Billesley Common,129,11,55,73,16,17,31,20,58,14,2,1,75,361,8384,734,12,0
E02001938,Bournville East,92,6,47,62,17,15,64,26,58,17,167,4,119,307,7868,909,12,0
E02001939,Bournville West,51,1,27,49,10,11,38,10,51,5,0,0,47,295,6295,544,12,0
E02001941,Yardley Wood West,66,3,30,56,12,17,39,8,43,15,8,1,56,338,6550,626,12,0
E02001942,Cotteridge,76,5,41,67,19,17,53,23,47,13,63,4,79,389,6781,820,12,0
E02001943,Brandwood East,46,0,19,78,8,14,91,11,32,17,86,6,77,267,6473,706,12,0
E02001944,Brandwood End,65,0,27,52,6,10,31,9,30,4,35,1,56,270,8067,531,12,0
E02001945,Allens Cross,77,0,36,92,13,12,36,18,51,12,5,2,63,414,7893,754,12,0
E02001946,Northfield Victoria Common,128,1,46,59,14,17,56,22,80,29,273,7,100,420,7584,1124,12,0
E02001947,Druids Heath,63,0,43,73,15,24,57,13,38,23,10,2,53,382,6241,733,12,0
E02001948,Highter's Heath,93,2,23,71,7,17,57,19,57,22,115,2,87,353,7347,832,12,0
E02001949,Lifford,49,3,37,71,20,20,36,22,41,17,55,3,49,369,6157,743,12,0
E02001950,Longbridge North,58,4,50,77,26,18,47,21,66,33,36,5,116,312,8569,811,12,0
E02001951,Frankley,105,2,75,116,21,39,67,19,71,20,12,3,87,608,9430,1140,12,0
E02001952,Turves Green,104,6,59,127,16,34,49,35,66,21,94,5,109,592,9128,1213,12,0
E02001953,King's Norton,49,2,51,71,11,29,36,10,40,15,10,4,79,274,7112,632,12,0
E02001954,Hawkesley,75,3,42,114,27,27,39,24,50,20,18,2,52,544,7583,962,12,0
E02001955,Longbridge South,121,5,45,77,20,18,51,32,57,19,214,4,82,461,8098,1085,12,0
E02001956,Rubery East,50,3,40,60,5,14,164,10,49,13,261,3,80,308,6851,1010,12,0
E02001957,West Heath,38,1,40,54,6,13,20,9,38,9,4,0,53,249,7880,496,12,0
E02001958,Longford,68,10,52,82,24,19,64,25,65,24,8,5,104,447,8072,929,12,0
E02001959,Keresley,30,1,35,43,3,14,35,4,26,7,139,1,72,191,6929,571,12,0
E02001961,Bell Green,153,5,86,96,18,31,52,13,60,19,47,4,76,491,7968,998,12,0
E02001962,Little Heath,85,8,50,62,18,13,77,15,40,14,142,8,88,316,7211,851,12,0
E02001963,Whitmore Park,30,0,26,35,10,13,26,2,27,5,0,0,102,152,6141,398,12,0
E02001964,Henley Green,142,10,46,126,23,39,67,28,51,23,22,5,87,580,11009,1107,12,0
E02001965,Walsgrave,67,2,31,66,13,10,42,12,53,12,129,3,137,316,8080,826,12,0
E02001966,Foleshill West,114,7,45,65,39,22,103,18,61,16,88,9,119,411,7355,1003,12,0
E02001967,Brownshill Green,30,1,27,30,15,13,43,5,29,11,36,0,120,149,6960,479,12,0
E02001968,Radford East,40,2,54,39,16,22,43,10,27,6,78,4,94,268,7959,663,12,0
E02001969,Radford West,39,0,36,47,8,16,34,12,36,9,4,3,84,275,6774,564,12,0
E02001970,Wyken Croft,33,3,32,32,7,13,23,4,17,3,17,2,46,173,5760,372,12,0
E02001971,Coundon,19,1,18,31,2,13,17,1,15,6,11,0,106,131,6288,352,12,0
E02001972,Foleshill East,293,18,86,127,76,42,141,49,118,52,175,27,165,702,11722,1778,12,0
E02001973,Stoke Heath,115,9,47,96,25,24,59,18,56,15,45,9,102,462,8536,967,12,0
E02001974,Sherbourne,41,5,35,42,8,14,131,8,38,9,150,3,145,191,9464,779,12,0
E02001975,Ravensdale,21,1,24,35,9,8,56,6,6,5,5,0,51,163,7640,369,12,0
E02001976,Clifford Park,117,11,49,128,20,30,87,9,97,15,101,4,149,636,7504,1336,12,0
E02001977,Naul's Mill,122,14,84,122,68,28,88,25,68,25,26,8,140,574,10016,1270,12,0
E02001978,Barras Heath,28,2,20,52,8,9,36,12,27,8,47,1,49,221,6810,492,12,0
E02001979,Allesley Park,10,0,16,35,4,5,8,2,15,4,3,1,43,95,5606,231,12,0
E02001980,Allesley Green,24,1,19,15,2,4,20,2,18,2,18,2,43,98,5790,244,12,0
E02001981,Hillfields,189,36,80,142,138,47,126,53,89,66,17,41,153,874,13438,1862,12,0
E02001982,Eastern Green,41,0,29,41,4,4,25,4,12,3,15,1,62,190,8411,390,12,0
E02001983,Whoberley,32,4,31,46,9,10,33,8,22,7,53,3,174,200,7612,600,12,0
E02001984,Copsewood,94,7,57,52,16,19,86,9,48,13,374,10,119,371,10466,1181,12,0
E02001985,Lower Stoke,131,41,128,126,80,30,126,34,86,58,90,27,174,848,9240,1848,12,0
E02001986,Tile Hill,126,7,43,102,16,31,43,18,47,26,17,6,69,469,7980,894,12,0
E02001987,Chapelfields,57,8,59,51,10,8,30,8,25,11,6,2,113,249,5913,580,12,0
E02001988,Central Coventry,552,163,154,324,185,54,411,95,438,155,789,132,178,1754,11152,4832,12,0
E02001989,Earl Place,21,0,23,26,10,15,35,7,21,8,79,1,48,161,6294,434,12,0
E02001990,Binley,46,2,76,40,10,9,135,8,45,8,289,6,132,176,9185,936,12,0
E02001991,Earlsdon,69,9,55,37,10,11,52,6,32,11,134,4,124,210,8474,695,12,0
E02001992,Ernesford Grange,101,5,52,72,25,30,59,13,40,15,7,5,112,421,10786,856,12,0
E02001993,Canley,99,28,75,92,10,37,54,23,58,21,36,3,84,474,8985,995,12,0
E02001994,Cheylesmore Daventry Road,50,2,45,61,12,11,32,5,22,11,9,5,87,218,7960,520,12,0
E02001995,Whitley,133,6,84,71,21,18,89,21,47,12,93,6,124,399,9427,991,12,0
E02001996,Willenhall,138,7,63,137,24,29,81,26,76,11,112,3,79,542,7690,1190,12,0
E02001997,Stivichall,21,0,27,24,7,8,24,4,12,7,20,0,66,137,8508,336,12,0
E02001998,Finham Park,11,0,10,27,3,6,12,0,8,3,3,0,18,90,6038,180,12,0
E02001999,Cannon Park,42,36,44,32,2,10,118,5,30,7,61,2,79,166,9099,592,12,0
E02002000,Coseley Wallbrook,47,1,44,73,7,22,32,12,37,4,9,2,54,328,8555,625,12,0
E02002001,Sedgley East,61,2,43,75,10,13,34,16,51,6,58,4,62,306,6061,680,12,0
E02002002,Sedgley West,26,2,25,22,2,5,22,3,22,6,3,2,48,100,6899,262,12,0
E02002003,West Coseley,75,1,47,69,10,19,60,15,56,13,85,1,73,300,9022,749,12,0
E02002004,Woodsetton,42,3,31,43,5,11,29,7,15,4,3,0,42,207,7580,400,12,0
E02002005,Dudley Priory,144,6,47,135,28,31,159,29,66,26,84,9,197,599,9888,1416,12,0
E02002006,Upper Gornal,50,1,51,55,4,17,36,1,24,5,10,2,56,263,6478,525,12,0
E02002007,Lower Gornal,76,0,35,54,5,15,38,6,28,4,44,0,66,235,9028,530,12,0
E02002008,Dibdale,36,0,30,27,3,10,34,5,18,7,73,2,60,194,8165,463,12,0
E02002009,Kates Hill,80,4,33,88,17,23,55,24,67,15,108,13,58,387,7115,892,12,0
E02002010,New Dock,120,3,83,124,41,29,83,33,92,36,108,13,150,573,8373,1368,12,0
E02002011,Kingswinford North,30,0,30,45,2,16,56,6,26,5,185,1,70,161,5905,603,12,0
E02002012,Russell's Hall,46,4,29,94,26,19,84,20,73,17,91,3,53,507,8413,1020,12,0
E02002013,Wall Heath,15,2,28,25,2,8,19,3,17,3,31,1,65,101,6570,305,12,0
E02002014,Dixons Green,85,3,49,84,35,22,58,20,62,22,57,9,97,425,8312,943,12,0
E02002015,Pensett,32,0,30,27,8,13,15,6,18,5,12,1,42,182,7059,359,12,0
E02002016,Brockmoor,89,1,60,90,25,27,55,25,54,15,80,3,59,494,8045,988,12,0
E02002017,Netherton,55,3,42,61,18,28,38,17,50,9,25,5,59,364,8069,719,12,0
E02002018,Kingswinford South,28,1,35,19,2,8,19,7,12,3,37,0,29,128,8930,300,12,0
E02002019,Dudley Wood,48,0,29,66,9,21,21,4,30,3,6,2,48,313,7799,552,12,0
E02002020,Wordsley,52,2,50,42,4,22,18,4,19,0,44,4,58,216,9484,483,12,0
E02002021,Brierley Hill,172,12,62,151,65,28,110,39,135,40,559,14,156,723,7708,2094,12,0
E02002022,Hawbush,46,4,41,56,12,26,39,12,46,9,52,0,61,329,8885,687,12,0
E02002023,Ashwood,13,1,29,11,3,7,5,1,8,4,28,0,22,83,5353,202,12,0
E02002024,Quarry Bank,44,3,38,67,15,20,46,11,41,8,52,0,56,262,8738,619,12,0
E02002025,Shell Corner,28,0,56,43,10,16,31,10,33,5,25,2,55,270,8896,556,12,0
E02002026,Amblecote East,12,0,35,15,2,10,16,3,13,4,67,2,37,103,6784,307,12,0
E02002027,Withymoor Village,7,0,18,10,3,10,13,1,2,1,11,0,22,68,5381,159,12,0
E02002028,Wollaston,29,0,11,22,2,11,22,2,22,6,25,1,33,110,5732,267,12,0
E02002029,Quinton West,15,0,14,17,5,10,17,8,19,5,77,2,36,145,6221,355,12,0
E02002030,Amblecote West,28,1,34,30,8,9,18,6,24,13,134,1,39,245,6811,562,12,0
E02002031,Cradley West,31,0,45,43,9,15,23,10,36,8,6,2,41,232,6262,470,12,0
E02002032,Cradley East,42,0,29,60,10,19,32,15,35,7,2,2,71,305,10214,587,12,0
E02002033,Hawne,38,1,32,28,7,10,36,10,33,11,69,3,59,212,7815,511,12,0
E02002034,Stourbridge Town,115,4,59,74,24,13,56,21,104,9,244,9,60,374,8166,1051,12,0
E02002035,Halesowen East,17,0,9,12,2,4,12,1,11,4,23,0,39,76,6117,193,12,0
E02002036,Lye,139,2,67,103,20,15,60,21,54,16,90,2,53,385,6666,888,12,0
E02002037,Norton North,33,1,21,21,2,10,13,3,5,0,12,0,33,90,5923,211,12,0
E02002038,Halesowen Town,85,4,43,53,11,13,65,5,49,12,153,7,59,307,9614,781,12,0
E02002039,Oldswinford,25,2,22,25,4,9,16,2,16,5,20,0,29,117,6207,267,12,0
E02002040,Norton South,8,0,26,23,0,3,25,2,8,4,91,1,25,56,5937,264,12,0
E02002041,Pedmore Fields,69,0,43,30,2,7,12,4,16,3,5,0,28,114,6272,264,12,0
E02002042,Hayley Green,18,0,34,21,4,8,11,2,13,4,49,0,36,90,8026,272,12,0
E02002043,Wood Green,70,0,44,52,11,24,50,17,57,14,121,4,187,396,8758,977,12,0
E02002044,Yew Tree,34,1,27,52,6,17,28,9,34,14,0,0,44,281,8052,513,12,0
E02002045,Woods,61,5,33,71,23,25,50,22,29,19,9,1,56,333,7812,676,12,0
E02002046,Friar Park,34,0,21,48,3,15,31,14,17,9,21,0,38,258,5709,475,12,0
E02002047,Wednesbury,117,13,61,100,25,23,191,21,65,66,296,8,98,431,7551,1398,12,0
E02002048,Great Barr,32,0,26,35,3,7,21,5,27,12,4,3,75,148,6835,366,12,0
E02002049,Princes End,52,6,34,56,9,23,33,6,39,15,17,2,57,312,6310,609,12,0
E02002051,Ocker Hill,43,4,21,71,8,20,15,8,38,18,4,2,48,264,6169,521,12,0
E02002052,Stone Cross,87,1,71,107,25,31,63,16,72,24,4,4,93,534,11365,1045,12,0
E02002053,Hamstead East,46,3,20,59,12,12,32,7,25,9,126,4,58,208,6328,575,12,0
E02002054,Hamstead West,18,0,14,25,10,5,23,7,21,11,33,0,39,140,5814,328,12,0
E02002055,Wednesbury South,85,2,58,82,11,25,67,16,64,17,45,7,115,437,11128,946,12,0
E02002056,Tibbington,161,3,63,127,20,41,55,22,91,22,56,3,94,657,9882,1254,12,0
E02002057,Tipton,63,3,43,89,25,25,52,17,62,10,12,3,82,424,10720,847,12,0
E02002058,Great Bridge,88,6,51,117,24,40,73,31,79,27,123,14,108,539,13570,1232,12,0
E02002059,West Bromwich North,99,8,94,123,40,33,95,23,110,63,44,20,132,761,11792,1546,12,0
E02002060,Greets Green West,75,1,57,55,14,24,73,21,59,29,269,5,93,401,7356,1101,12,0
E02002061,Greets Green East,91,7,81,176,93,26,148,36,171,42,187,29,104,703,7060,1803,12,0
E02002062,West Bromwich East,192,15,80,119,78,25,137,48,123,58,135,52,118,727,8956,1715,12,0
E02002063,North Tividale,90,6,53,74,15,25,81,20,78,33,163,3,133,434,10325,1118,12,0
E02002064,Tividale,80,0,48,93,10,25,49,14,45,13,6,2,111,409,12493,825,12,0
E02002065,Smethwick North,80,1,61,104,60,37,93,43,148,40,38,10,115,726,14172,1476,12,0
E02002066,Oldbury,115,4,45,92,35,24,113,37,84,39,90,10,113,607,8255,1293,12,0
E02002067,Rowley West,36,2,31,45,12,20,23,6,29,7,21,0,48,219,6317,463,12,0
E02002069,Whiteheath,86,3,51,72,10,18,47,13,52,11,63,4,57,357,7244,758,12,0
E02002070,Smethwick South,87,1,47,64,26,28,55,21,39,29,15,8,80,465,10339,878,12,0
E02002071,Rowley East,37,1,23,45,8,21,26,8,48,12,28,0,34,306,6716,560,12,0
E02002072,Langley Green,66,1,46,84,25,27,52,25,66,31,96,7,102,420,8922,982,12,0
E02002073,Warley East,62,2,36,52,23,19,32,5,42,18,1,6,72,395,8411,703,12,0
E02002074,Warley West,44,0,32,60,9,14,31,9,58,10,5,1,50,317,8205,596,12,0
E02002075,Blackheath,92,5,54,79,18,25,56,13,67,19,134,9,60,477,8736,1016,12,1
E02002076,Bearwood,107,5,66,87,25,12,64,24,92,52,160,9,128,425,10669,1149,12,0
E02002077,Old Hill,106,4,41,87,23,35,60,21,76,25,30,5,88,498,10885,993,12,0
E02002078,Warley South,20,0,36,17,5,5,23,11,10,10,9,0,83,138,6570,347,12,0
E02002079,Brandhall,82,0,26,63,13,18,38,12,42,19,64,2,76,326,8658,699,12,0
E02002080,Cradley Heath,74,0,50,52,9,23,64,12,64,14,52,3,47,357,7378,747,12,0
E02002081,Castle Bromwich West,32,1,32,32,16,5,19,2,23,5,5,0,118,129,5435,387,12,0
E02002082,Smith's Wood North,28,2,24,63,10,16,17,7,38,2,2,1,65,268,5837,515,12,0
E02002083,Castle Bromwich East,39,0,35,30,8,11,158,7,22,7,292,2,52,158,6029,782,12,0
E02002084,Smith's Wood South,53,0,21,54,26,18,24,20,42,7,8,1,82,320,6745,623,12,0
E02002085,Kingshurst,62,3,43,46,31,17,30,14,39,14,65,5,75,262,6663,644,12,0
E02002086,Chelmsley Wood West,163,15,43,110,37,24,56,29,93,41,204,14,136,456,5924,1258,12,0
E02002087,Fordbridge,51,3,43,73,24,22,39,13,52,18,7,2,134,316,6298,746,12,0
E02002088,Chelmsley Wood East,90,2,35,149,19,34,54,22,89,20,72,3,141,521,9581,1161,12,0
E02002089,Marston Green,117,8,66,157,54,52,337,61,107,13,293,35,486,523,8065,2192,12,0
E02002090,Lyndon North,17,0,20,18,7,12,11,3,20,5,34,1,42,113,5962,286,12,0
E02002091,Elmdon Park,50,2,33,34,9,7,22,4,25,9,0,2,53,185,7655,385,12,0
E02002092,Lyndon South,49,5,21,43,14,19,67,9,42,8,36,6,89,253,7268,612,12,0
E02002093,Olton,39,4,24,37,8,10,39,5,34,6,51,2,63,172,6688,455,12,0
E02002094,Ulverley Green,3,0,21,12,4,6,14,1,7,0,0,1,30,54,5978,150,12,0
E02002095,Elmdon Heath,34,1,26,39,7,11,30,6,34,2,6,1,60,180,8630,403,12,0
E02002096,Lode Heath,26,2,42,26,5,17,34,8,28,7,17,2,78,188,10377,454,12,0
E02002097,Meriden,24,1,53,41,5,13,49,4,23,4,8,1,114,159,7344,475,12,0
E02002098,Shirley East,49,2,53,42,14,12,38,5,25,8,143,5,80,217,9738,644,12,0
E02002099,Central Solihull,106,34,61,72,26,15,86,25,112,30,495,30,83,416,6898,1485,12,1
E02002101,Solihull Lodge,24,0,25,19,6,3,17,5,20,3,180,0,47,103,6304,428,12,0
E02002102,Blossomfield,59,6,40,48,8,5,63,22,47,9,317,8,156,249,8776,978,12,0
E02002103,Shirley Heath,21,2,15,22,3,3,10,4,18,2,68,1,48,97,6080,293,12,0
E02002104,Monkspath North,8,0,19,5,0,2,5,1,12,1,2,0,25,44,5846,116,12,0
E02002105,Balsall Common,39,0,31,34,3,7,40,2,22,1,44,3,49,136,8264,372,12,0
E02002106,Knowle,21,1,25,23,3,6,22,3,22,4,20,1,60,141,9731,331,12,0
E02002107,Monkspath South,8,1,16,11,6,3,37,1,19,3,15,0,61,64,5414,237,12,0
E02002108,Dorridge,35,9,29,34,2,3,31,9,30,1,22,0,73,136,9843,379,12,0
E02002109,Dickens Heath,75,10,25,62,14,14,43,7,41,6,37,0,108,291,12130,658,12,0
E02002110,Brownhills West,149,4,21,74,10,19,31,4,46,15,251,4,54,272,7021,805,12,0
E02002111,Brownhills,48,0,21,61,9,14,32,10,20,5,51,2,38,218,6415,481,12,0
E02002112,Pelsall North,75,2,24,37,6,9,16,14,16,2,2,0,19,142,5267,289,12,0
E02002113,Walsall Wood,112,5,37,98,8,12,42,8,55,7,172,0,52,241,6402,737,12,0
E02002114,Pelsall South,56,1,16,33,4,10,9,4,15,2,48,0,54,130,6081,326,12,0
E02002115,Little Bloxwich,47,0,27,53,11,21,27,9,19,4,21,2,42,222,6827,458,12,0
E02002116,Aldridge North,23,1,16,27,2,9,17,4,23,1,38,0,35,182,6756,355,12,0
E02002117,Bloxwich Central,97,4,38,81,85,15,45,13,81,16,324,4,45,379,6252,1130,12,0
E02002118,Bloxwich North West,69,2,18,74,18,13,36,18,30,12,52,3,30,299,7425,605,12,0
E02002119,Shelfield,53,1,25,39,3,9,26,2,24,8,71,0,41,175,5979,424,12,0
E02002120,Ashmore,56,3,21,29,1,7,23,2,13,3,24,1,55,103,6109,285,12,0
E02002121,Blakenall North,127,7,37,94,20,27,40,19,41,26,109,3,59,298,6666,780,12,0
E02002122,Blakenall South,60,2,20,78,17,30,41,10,36,4,14,1,58,334,7156,645,12,0
E02002123,New Invention,53,1,21,48,7,16,22,5,25,13,258,2,38,205,6602,661,12,0
E02002124,Aldridge Central,77,2,61,49,4,16,63,9,41,11,135,0,112,192,6919,695,12,0
E02002125,Rushall,80,1,28,52,9,17,21,9,31,8,1,1,73,224,6449,475,12,0
E02002126,Bloxwich South,72,8,36,78,15,30,44,20,35,7,10,5,59,339,6679,686,12,0
E02002127,Walsall Ryecroft,118,6,44,135,32,42,53,28,46,23,25,4,102,560,9789,1100,12,0
E02002128,Short Heath East,48,0,36,46,6,21,22,7,23,12,4,1,52,221,5629,451,12,0
E02002129,Short Heath West,60,3,29,33,1,14,26,6,19,8,107,3,54,192,6031,495,12,0
E02002130,Leamore,120,6,35,94,12,24,37,27,51,12,319,1,56,362,6863,1036,12,0
E02002131,Aldridge South,24,0,34,33,9,10,24,6,22,5,153,1,66,140,7779,503,12,0
E02002132,Bentley,120,4,25,98,10,13,20,10,23,5,12,2,53,239,6442,514,12,0
E02002133,Walsall North East,118,4,36,57,27,14,43,12,45,22,203,9,84,340,6898,896,12,0
E02002134,Willenhall Park,115,4,61,101,18,25,53,13,56,12,27,2,115,452,9235,939,12,0
E02002135,Walsall West,106,1,44,124,41,31,80,30,92,18,22,12,144,523,7982,1162,12,0
E02002136,Willenhall Town,244,12,80,170,16,27,167,26,103,33,355,8,227,455,8005,1679,12,0
E02002137,Streetly North,12,0,12,17,0,5,6,0,6,4,3,0,25,59,6117,137,12,0
E02002138,Walsall East,24,0,32,31,5,4,28,11,20,7,5,3,47,161,6356,354,12,0
E02002139,Walsall Central,471,41,119,223,157,64,234,131,312,138,661,67,192,1483,10863,3822,12,0
E02002140,Pleck,156,3,54,93,20,17,103,19,68,21,113,7,93,523,8555,1134,12,0
E02002141,Streetly South,14,0,25,15,3,6,16,2,14,2,3,0,24,82,6460,192,12,0
E02002142,Darlaston East,157,11,53,112,15,29,124,16,85,23,130,5,155,433,7548,1191,12,0
E02002143,Palfrey,68,1,26,66,22,16,55,17,67,15,31,7,57,406,10265,786,12,1
E02002144,Walsall South East,22,0,18,15,5,3,15,1,9,0,9,2,32,118,6844,227,12,0
E02002145,Darlaston Central,63,3,33,66,15,21,43,9,33,11,6,2,60,408,8493,710,12,0
E02002146,The Delves,61,2,25,52,8,15,39,13,32,7,30,1,45,251,6423,520,12,0
E02002147,Darlaston West,88,1,51,97,18,29,53,18,60,17,54,0,83,478,9111,959,12,0
E02002148,Pheasey,46,0,49,23,10,12,24,3,34,16,29,1,59,237,11431,497,12,0
E02002149,Bushbury,54,2,49,81,9,24,87,10,39,4,29,1,103,295,10087,733,12,0
E02002150,Fordhouses,27,2,32,42,4,18,45,7,32,9,170,2,32,224,5787,619,12,0
E02002151,Pendeford,28,1,14,28,7,21,27,10,20,5,52,2,22,220,5557,429,12,0
E02002152,Bushbury Hill,69,1,32,101,12,24,29,22,28,16,21,1,40,308,6274,635,12,0
E02002153,Ashmore Park,54,1,20,59,9,24,33,13,48,13,38,1,55,312,7482,626,12,0
E02002154,Oxley Park,68,4,36,47,8,20,32,8,36,8,70,5,78,320,7413,672,12,0
E02002155,Low Hill,40,4,23,51,18,28,36,16,36,9,109,4,38,382,6515,754,12,0
E02002156,Wood End,80,4,42,48,12,18,43,6,39,10,240,4,69,261,8302,796,12,0
E02002157,Tettenhall North,32,1,55,32,6,12,24,9,25,8,105,2,38,188,7825,505,12,0
E02002158,Wednesfield North East,47,3,18,53,6,12,27,8,35,9,33,1,55,263,7524,523,12,0
E02002159,Park Lane,60,7,33,63,12,19,34,21,45,21,11,9,74,350,6178,699,12,0
E02002160,Wednesfield Town,132,21,47,91,15,32,88,30,79,40,346,13,168,461,7578,1431,12,0
E02002161,Whitmore Reans,52,3,28,78,14,20,48,14,29,10,10,5,67,295,7126,621,12,0
E02002162,Tettenhall South,20,2,27,21,3,6,31,4,15,7,116,5,43,163,7777,443,12,0
E02002163,Heath Town,188,9,73,165,46,40,119,46,124,40,76,19,124,908,11875,1789,12,0
E02002164,Waterloo Road,92,10,45,72,19,28,66,26,60,18,40,13,83,427,6744,907,12,0
E02002165,West Park,138,13,62,84,28,20,78,25,74,23,155,19,161,554,7892,1296,12,0
E02002166,East Park,98,8,76,140,15,24,60,18,74,22,80,8,104,522,9408,1151,12,1
E02002167,Castlecroft,23,1,16,28,2,7,16,1,23,7,151,2,52,111,6641,417,12,0
E02002168,Wolverhampton Central,509,88,133,273,197,60,297,105,300,101,565,95,274,1490,11533,3978,12,0
E02002169,Compton,42,1,30,30,3,16,32,12,23,12,14,1,69,215,8811,458,12,0
E02002170,Bilston North West,35,0,26,37,6,17,33,4,23,9,50,1,51,245,6310,502,12,0
E02002171,Bilston North East,56,11,28,61,7,29,38,8,47,5,10,4,51,282,7721,581,12,0
E02002174,Bradmore,32,1,22,22,14,11,22,6,19,10,54,2,62,188,7643,433,12,0
E02002175,Bilston Lunt,129,15,79,146,16,42,70,30,99,21,146,14,136,543,7795,1357,12,1
E02002176,Merryhill South,32,2,31,35,9,13,29,9,23,5,11,2,40,318,7841,527,12,0
E02002177,Ettingshall,162,21,80,150,29,36,99,32,89,31,40,7,155,678,11505,1447,12,0
E02002178,Goldthorn Park,32,1,26,43,5,12,40,6,34,8,10,4,59,286,8137,534,12,0
E02002179,Upper Penn,25,0,19,24,8,5,20,6,28,1,28,2,38,260,6573,439,12,0
E02002180,Ettingshall Park,42,0,26,45,15,7,21,8,21,5,22,3,66,223,6488,462,12,0
E02002181,Bradley,81,9,47,90,15,36,108,17,65,9,264,8,97,418,8438,1183,12,0
E02002182,Woodcross,41,0,23,51,8,17,15,5,39,4,3,1,53,274,6585,493,12,0
E02002809,Spondon South,87,1,51,66,16,18,52,8,61,5,86,2,43,296,7058,705,12,23
E02002812,Littleover East,128,4,31,85,41,27,106,8,211,2,187,5,55,614,7817,1376,12,26
E02002813,Rose Hill,460,38,63,173,102,45,198,36,274,47,183,19,87,1049,11565,2314,12,100
E02002814,Mickleover South,74,0,11,23,7,5,36,1,48,2,73,1,23,145,7181,375,12,13
E02002815,Normanton North,77,2,17,55,45,23,45,4,56,8,4,5,24,296,8960,584,12,23
E02002816,Littleover West,120,3,12,20,12,13,36,4,53,3,14,2,33,221,9416,426,12,18
E02002817,Normanton West,45,3,5,22,13,6,22,5,23,3,3,1,22,173,6313,301,12,18
E02002818,Normanton South,150,3,27,91,54,28,92,11,101,8,77,6,49,443,8531,990,12,46
E02002819,Wilmorton,173,14,31,69,28,35,81,16,128,18,25,4,60,528,7564,1037,12,81
E02002820,Alvaston,164,11,43,118,46,22,88,11,162,6,81,4,46,641,9943,1279,12,74
E02002821,Allenton,247,53,67,170,65,48,161,21,170,18,129,22,70,872,12440,1866,12,111
E02002822,Sunny Hill,51,1,5,26,10,9,16,0,53,4,18,1,23,229,6937,395,12,14
E02002823,Boulton,96,3,35,49,18,20,50,7,94,7,67,3,53,335,7681,741,12,37
E02002824,Sinfin,207,8,44,96,46,24,107,24,108,8,100,8,49,554,10804,1176,12,73
E02002825,Chellaston West,126,4,33,39,12,12,55,2,60,0,68,2,88,262,8675,637,12,26
E02002826,Chellaston East,96,2,12,29,9,12,30,3,41,2,12,2,35,186,7097,375,12,33
E02002905,Wigmore,11,0,9,10,1,7,23,1,8,0,1,0,9,77,6264,146,12,0
E02002908,Shobdon,29,1,25,15,4,13,31,1,17,0,3,0,14,84,8835,208,12,0
E02002909,Bromyard,89,1,32,52,3,23,54,6,31,1,18,1,29,242,10681,493,12,0
E02002928,Newport North,29,1,13,16,4,8,20,0,8,0,3,1,4,92,6062,170,12,0
E02002929,Edgmond,23,0,14,7,3,6,27,2,10,0,8,1,9,92,6662,179,12,0
E02002930,Newport South,76,2,26,28,5,9,34,2,37,1,93,4,17,182,6993,440,12,0
E02002931,Muxton,95,0,16,21,7,8,23,1,17,0,1,0,17,93,6565,204,12,1
E02002932,Donnington,111,8,20,50,36,18,43,7,40,2,104,3,20,330,8959,681,12,0
E02002933,Dothill,79,2,14,30,13,13,27,6,39,2,28,1,13,211,8001,399,12,0
E02002934,Apley,46,2,10,39,4,8,30,8,38,2,8,1,24,181,6174,355,12,1
E02002935,Wrockwardine Wood,68,1,19,29,20,15,33,6,32,3,4,3,13,264,6774,442,12,0
E02002936,Hadley,126,4,22,69,27,20,59,23,53,6,36,1,44,354,11158,718,12,0
E02002937,Ironbridge,78,1,38,60,22,13,43,0,38,0,14,1,22,210,10743,462,12,0
E02002938,Wellington East,123,2,24,65,32,27,48,20,70,17,128,6,33,356,7324,828,12,0
E02002939,Wellington West,157,4,31,51,19,21,97,7,57,5,84,1,41,271,7569,689,12,0
E02002940,St George's,53,1,20,39,17,19,18,12,29,5,74,1,14,177,5857,426,12,0
E02002941,Oakengates,146,2,29,55,33,15,78,10,70,5,109,7,33,321,10464,767,12,0
E02002942,Priorslee,109,2,34,38,21,16,42,12,26,3,22,1,15,276,8044,508,12,0
E02002944,Malinslee,254,13,36,105,35,30,59,34,130,20,75,8,29,632,8338,1206,12,0
E02002945,Hollinswood,175,15,39,97,31,24,80,22,67,15,231,2,33,442,9442,1098,12,1
E02002946,Dawley,91,5,13,36,25,23,27,7,21,4,11,3,16,260,7583,451,12,0
E02002947,Brookside,92,2,19,53,38,15,27,10,46,4,10,5,18,314,7131,561,12,0
E02002948,Woodside,135,2,30,106,34,19,42,17,89,5,85,5,17,440,7595,891,12,0
E02002949,Madeley,138,1,21,76,21,14,34,9,86,7,74,1,17,310,5322,671,12,0
E02002950,Sutton Hill,121,1,39,59,29,18,38,13,46,3,3,2,23,403,5856,677,12,0
E02004077,Doveridge,23,0,12,18,10,40,31,1,26,1,0,0,29,114,8264,282,12,6
E02004086,Borrowash,41,0,14,23,3,4,15,2,25,1,6,1,16,150,7167,260,12,10
E02004088,Long Eaton West,39,3,8,21,4,17,17,3,41,0,84,2,12,112,7623,324,12,11
E02004090,Breaston,121,1,15,40,4,7,19,0,46,0,30,0,15,136,5949,313,12,9
E02004091,Long Eaton South,65,3,24,36,4,18,23,1,36,1,88,0,23,169,9311,426,12,17
E02004092,Sawley,103,9,16,61,25,17,36,8,69,4,31,1,24,297,9388,598,12,31
E02004118,Hatton,45,2,18,27,7,10,39,3,36,2,8,3,27,206,7713,388,12,12
E02004119,Hilton,56,0,20,34,13,13,40,2,47,2,17,0,24,247,11895,459,12,24
E02004120,Willington North,89,1,11,48,17,24,51,4,58,1,6,2,49,296,10939,568,12,38
E02004121,Aston-on-Trent,79,1,25,52,23,16,51,5,69,2,9,4,44,303,9289,604,12,21
E02004122,Willington South,25,1,16,13,13,7,19,1,31,1,3,0,29,121,6914,255,12,8
E02004123,Melbourne,77,0,13,32,8,7,16,2,33,0,2,1,18,105,6769,237,12,15
E02004124,Swadlincote North,55,1,12,35,17,20,27,5,34,0,37,0,16,230,7561,434,12,32
E02004125,Swadlincote West,137,2,27,57,27,20,52,12,63,5,8,2,33,384,8687,692,12,62
E02004126,Swadlincote Central,146,6,14,80,44,25,75,21,103,4,287,8,28,411,7451,1106,12,61
E02004128,Castle Gresley,105,0,38,40,12,23,55,6,70,1,13,26,77,293,11470,654,12,37
E02005335,Kirby Muxloe,30,1,46,39,6,7,24,0,35,1,13,2,32,114,7552,320,12,0
E02005342,Cosby,36,1,29,19,3,8,24,0,27,1,28,1,28,138,7432,307,12,0
E02005344,Stoney Stanton,82,1,29,48,9,17,30,1,47,2,45,4,50,237,9249,520,12,0
E02005349,Shepshed West,93,4,25,58,7,21,30,0,61,0,55,0,29,277,7922,567,12,0
E02005350,Shepshed East,57,1,27,61,7,13,34,3,50,5,74,1,40,242,6945,558,12,0
E02005372,Dunton Bassett,25,0,52,48,4,23,57,5,27,0,5,1,62,166,10228,450,12,0
E02005377,Markfield,49,0,44,51,10,15,43,1,54,0,4,2,56,161,9064,441,12,1
E02005380,Market Bosworth,50,1,52,56,4,13,33,4,34,0,7,2,79,186,8677,471,12,0
E02005381,Desford,53,4,45,32,8,9,36,3,39,2,31,6,50,218,8871,483,12,1
E02005382,Earl Shilton,92,4,29,79,26,19,39,4,66,3,8,7,49,329,10632,662,12,1
E02005383,Barwell,65,1,31,49,13,24,47,14,50,1,2,1,31,329,9155,593,12,0
E02005384,Stoke Golding,34,1,25,30,5,10,110,4,28,1,54,0,37,119,7408,424,12,0
E02005385,Hinckley East,40,3,21,24,7,7,19,2,31,0,8,2,26,137,6640,287,12,0
E02005386,Hinckley Central,100,15,42,109,44,38,84,10,146,4,157,12,54,515,9117,1230,12,0
E02005387,Hinckley West,55,5,37,64,28,14,58,5,51,10,70,3,99,270,9956,714,12,0
E02005388,Hinckley Clarendon Park,66,15,25,63,17,17,33,6,81,4,158,6,51,245,6227,721,12,0
E02005389,Burbage St Catherines,34,4,30,73,14,6,31,2,34,0,3,2,25,141,6050,365,12,0
E02005390,Burbage Sketchley,29,3,57,45,8,8,34,2,33,3,41,3,51,171,10460,459,12,0
E02005397,Castle Donington,130,2,21,66,17,23,122,3,35,2,40,49,60,227,9260,667,12,1
E02005398,Kegworth,80,2,13,63,7,13,52,1,53,1,106,3,86,178,6863,578,12,1
E02005399,Ashby de la Zouch North,76,4,36,68,13,19,74,3,66,3,39,0,76,239,8321,640,12,1
E02005400,Thringstone,76,4,18,42,5,7,19,1,46,2,30,1,27,135,5831,337,12,1
E02005401,Packington,30,2,31,42,4,12,30,2,22,0,0,2,24,119,6461,290,12,0
E02005402,Ashby de la Zouch South,39,2,26,44,6,16,24,4,30,2,6,1,44,144,6799,349,12,0
E02005403,Whitwick,89,0,25,58,12,14,29,7,44,1,27,2,31,197,6557,447,12,0
E02005404,Donisthope,67,0,22,40,12,17,31,2,46,2,11,2,41,199,8717,425,12,5
E02005405,Agar Nook,78,1,22,77,5,29,50,7,54,3,18,0,35,338,7200,639,12,1
E02005406,Coalville,139,10,51,107,41,22,166,17,135,8,179,12,44,463,7904,1255,12,0
E02005407,Hugglescote,102,5,30,56,16,18,53,5,52,5,6,4,33,300,10936,583,12,0
E02005408,Measham,52,1,35,48,6,14,47,3,33,1,10,3,86,189,7839,476,12,1
E02005409,Ibstock,71,2,30,67,12,20,54,5,44,0,44,3,63,304,12006,648,12,0
E02006008,Shifnal,59,0,24,35,17,14,42,3,33,1,43,5,39,234,10457,490,12,0
E02006009,Cosford,31,0,12,18,10,4,31,1,19,3,6,5,14,110,7933,233,12,0
E02006010,Much Wenlock,79,1,38,60,8,8,63,6,31,0,16,1,29,237,11877,498,12,0
E02006011,Bridgnorth West,38,2,13,25,5,4,17,3,18,2,7,2,14,108,5656,220,12,0
E02006012,Bridgnorth East,83,2,23,35,10,12,39,2,40,5,33,3,44,181,6194,429,12,0
E02006013,Alveley,36,0,53,32,5,9,48,7,10,5,7,0,43,101,7874,320,12,0
E02006014,Highley,57,0,24,49,6,8,27,8,21,0,1,0,27,163,9913,334,12,0
E02006016,Woore,41,1,18,23,4,13,36,7,20,1,1,0,16,124,8145,264,12,0
E02006018,Market Drayton,193,8,32,79,19,20,75,8,60,1,76,4,36,380,12587,798,12,0
E02006020,Hinstock,27,1,18,28,3,37,36,8,18,0,8,0,15,136,7745,308,12,0
E02006022,Shawbury,18,0,12,13,4,5,21,6,15,0,12,1,3,76,6062,168,12,0
E02006038,Bayston Hill,54,2,18,23,2,11,13,2,15,2,11,1,15,125,8421,240,12,0
E02006040,Cressage,40,0,16,21,4,8,23,4,16,2,0,1,8,100,7781,203,12,0
E02006043,Craven Arms,27,0,23,25,2,7,30,4,16,0,3,0,15,143,6719,268,12,0
E02006046,Cleobury Mortimer,40,1,27,42,0,13,27,1,22,0,1,1,25,149,8916,309,12,0
E02006118,Rugeley North,49,7,18,21,7,8,26,2,19,6,1,0,43,138,7411,296,12,0
E02006119,Rugeley Town,127,3,30,73,16,14,51,17,75,10,169,3,54,391,8188,906,12,0
E02006120,Rugeley South,59,3,26,35,11,17,36,2,63,4,39,0,47,288,9285,571,12,0
E02006121,Hednesford Pye Green,28,0,10,16,11,4,18,2,42,2,1,0,19,163,5868,288,12,0
E02006122,Hednesford Central,113,4,18,58,25,20,33,13,60,12,53,1,22,281,8055,600,12,0
E02006123,Wimblebury,28,0,3,14,5,3,16,3,22,3,0,1,27,133,6456,230,12,0
E02006124,Cannock North,47,0,8,38,10,14,28,10,43,0,0,0,17,269,7343,437,12,0
E02006125,Cannock North East,44,0,11,40,21,9,18,6,31,0,5,2,25,247,7307,415,12,0
E02006126,Hednesford South,41,0,12,16,5,15,30,5,34,2,2,0,21,151,8376,293,12,0
E02006127,Hawks Green,26,0,12,20,7,6,16,2,22,2,138,1,26,112,7133,364,12,0
E02006128,Cannock West,120,12,30,77,19,16,53,12,90,14,53,5,39,458,8471,878,12,0
E02006129,Cannock South,176,13,32,61,32,22,118,22,146,12,323,8,77,449,8299,1315,12,0
E02006130,Norton Canes,54,2,34,62,5,13,42,5,48,7,70,0,63,349,8318,700,12,0
E02006131,Mayfield,30,0,13,24,4,9,14,2,30,0,2,1,15,148,7745,262,12,0
E02006132,Uttoxeter Heath,44,0,19,24,6,6,20,2,31,5,8,0,19,190,7084,330,12,0
E02006133,Uttoxeter Town,93,6,26,74,9,21,61,9,92,5,86,1,35,326,6937,751,12,0
E02006134,Rolleston-on-Dove,34,2,38,28,4,17,25,1,31,0,0,0,22,188,10439,356,12,2
E02006135,Burton Stretton,17,1,19,18,3,7,12,2,24,0,25,0,9,180,7759,300,12,1
E02006136,Abbots Bromley,22,1,17,22,3,33,34,0,18,1,0,0,19,205,9027,353,12,0
E02006137,Burton Horninglow,52,14,14,64,12,14,43,3,73,3,63,2,29,366,9158,700,12,0
E02006138,Burton Eton Park,76,7,20,55,13,14,35,9,73,6,57,1,38,357,8056,685,12,2
E02006139,Burton Shobnall,86,5,18,61,29,28,43,11,80,14,69,0,35,367,8468,760,12,0
E02006140,Burton Winshill,59,0,17,37,7,17,36,5,50,3,9,1,31,295,8388,508,12,3
E02006141,Burton Central,216,81,64,133,75,43,186,25,250,45,346,18,91,980,12154,2337,12,0
E02006142,Burton Brizlincote,24,0,8,11,0,10,12,2,17,0,39,0,20,98,5267,217,12,1
E02006143,Branston,117,9,36,33,15,12,70,4,53,4,25,1,31,286,9377,579,12,3
E02006144,Burton Stapenhill,95,6,49,69,18,19,53,9,110,9,8,1,44,471,8196,866,12,2
E02006145,Barton-under-Needwood,29,1,21,21,4,6,21,3,29,0,5,0,35,119,5966,265,12,0
E02006146,Armitage,32,0,20,37,5,11,15,2,39,0,0,0,38,173,8794,340,12,0
E02006147,Alrewas,33,0,25,23,2,16,33,2,24,3,5,1,54,183,8410,371,12,0
E02006148,Burntwood North East,34,0,20,12,2,8,19,2,9,0,1,0,30,126,7155,229,12,0
E02006149,Lichfield Central,182,16,30,105,23,24,104,9,156,15,221,8,83,624,10727,1418,12,0
E02006150,Lichfield East,51,4,32,39,8,19,34,5,33,2,57,1,74,209,11454,517,12,0
E02006151,Burntwood West,105,5,37,50,12,17,87,9,58,6,141,2,72,285,9777,781,12,0
E02006152,Lichfield West,68,4,34,32,13,8,27,2,37,2,7,0,43,257,10402,466,12,0
E02006153,Whittington,34,2,28,25,5,9,30,6,43,3,12,1,58,181,9167,403,12,1
E02006154,Burntwood Chase Terrace,42,2,14,33,7,9,18,1,30,1,28,0,26,148,9642,317,12,0
E02006155,Burntwood Chasetown,44,1,8,25,5,16,14,3,30,1,14,2,29,203,5723,351,12,1
E02006156,Shenstone,31,1,21,49,6,6,33,4,30,2,12,0,81,132,7962,377,12,0
E02006157,Fazeley,52,2,12,36,10,30,29,1,54,2,8,1,73,279,7234,537,12,0
E02006173,Loggerheads,41,0,19,18,5,11,25,3,21,0,12,0,24,110,6932,248,12,0
E02006174,Penkridge,55,1,33,63,36,12,65,5,44,2,36,1,44,309,10922,651,12,0
E02006175,Huntington,35,1,14,27,15,4,35,4,34,3,18,1,41,176,6847,373,12,0
E02006176,Brewood,28,0,31,20,2,9,35,0,22,3,4,0,47,203,7329,376,12,0
E02006177,Cheslyn Hay,33,3,12,35,15,8,25,8,36,1,108,1,39,183,9783,474,12,0
E02006178,Great Wyrley,48,1,19,39,15,12,30,6,43,8,36,0,45,200,7509,454,12,0
E02006179,Featherstone West,41,1,15,22,5,18,24,1,28,4,5,2,54,155,9535,334,12,0
E02006180,Featherstone East,39,0,30,52,20,20,31,6,43,7,4,1,99,233,6948,546,12,0
E02006181,Bilbrook,58,3,12,41,8,8,25,4,36,4,81,1,17,171,5561,411,12,0
E02006182,Codsall,18,1,12,22,3,5,15,1,17,0,3,0,14,112,7142,205,12,0
E02006185,Wombourne Inner,56,1,19,32,10,10,60,0,28,2,52,1,44,229,7122,488,12,0
E02006186,Wombourne Outer,70,0,62,39,26,9,61,3,57,5,5,3,104,216,12489,590,12,0
E02006187,Kinver,36,3,43,34,16,9,27,3,20,3,8,0,52,134,7102,352,12,0
E02006189,Barlaston,34,4,41,23,13,13,36,4,32,0,7,1,30,162,7173,366,12,0
E02006190,Stone Town,187,8,38,76,28,7,91,8,118,11,82,4,36,470,11081,977,12,0
E02006191,Little Stoke,26,0,21,16,6,3,44,2,24,0,4,0,36,146,8118,302,12,0
E02006192,Eccleshall,35,3,15,46,17,8,42,5,62,2,20,3,44,225,9191,492,12,0
E02006193,Stafford Common,54,1,18,13,8,5,27,3,30,2,1,2,21,169,7485,300,12,0
E02006194,Doxey,47,4,22,49,13,11,36,6,46,3,20,0,18,281,8382,509,12,0
E02006195,Weston,22,0,27,26,4,2,25,3,40,2,5,0,21,188,8749,343,12,0
E02006196,Stafford North East,67,9,36,60,11,8,40,7,70,2,13,1,18,358,7255,633,12,0
E02006197,Central Stafford,331,67,72,193,90,23,170,38,261,28,392,16,49,969,9439,2368,12,0
E02006198,Littleworth,48,2,19,37,12,5,37,1,58,1,9,3,23,269,8949,476,12,0
E02006199,Rowley,70,5,26,54,10,10,47,5,46,7,9,1,29,274,8320,523,12,0
E02006200,Highfields,48,14,17,62,18,19,44,13,69,2,39,7,20,340,7730,664,12,0
E02006201,Weeping Cross,48,2,20,32,11,8,20,0,14,2,7,0,14,147,12118,277,12,0
E02006202,Gnosall,28,0,22,15,2,7,26,1,31,1,1,0,12,174,9205,292,12,0
E02006203,Mosspit,125,10,21,67,17,9,49,6,64,3,90,3,22,301,7684,662,12,0
E02006217,Coton Farm,51,2,33,37,8,12,28,6,29,2,4,0,58,242,10207,461,12,0
E02006218,Central Tamworth,99,11,65,98,43,22,95,18,157,33,194,11,105,621,8448,1473,12,0
E02006219,Amington,74,1,22,49,12,17,22,8,41,4,27,3,39,274,8319,519,12,0
E02006220,Bolehall,51,4,18,31,9,5,25,3,30,2,15,1,23,197,7336,363,12,0
E02006221,Kettlebrook,58,15,28,57,29,9,57,7,75,15,132,4,67,236,5812,731,12,0
E02006222,Belgrave,58,5,29,43,9,10,24,5,44,2,1,0,22,241,6897,435,12,0
E02006223,Glascote Heath,53,2,13,55,10,18,22,11,54,5,8,2,28,355,6863,583,12,0
E02006224,Wilnecote East,36,1,18,24,3,11,23,1,17,0,1,0,31,161,7488,291,12,0
E02006225,Dosthill,37,0,15,11,3,3,20,1,12,1,6,0,38,73,7340,183,12,0
E02006226,Wilnecote West,88,2,24,40,9,9,74,6,49,3,118,1,52,319,9936,706,12,0
E02006468,Polesworth,117,1,42,44,8,16,29,5,36,3,3,0,76,192,10956,455,12,0
E02006469,Dordon,106,0,34,46,9,29,40,5,40,3,40,2,126,191,8783,565,12,0
E02006470,Atherstone,193,2,52,76,29,34,49,12,84,3,63,4,73,401,11736,882,12,0
E02006471,Kingsbury,95,0,43,57,7,19,49,6,26,9,4,4,106,135,6971,465,12,0
E02006472,Hartshill,194,3,19,76,16,27,48,13,62,4,8,2,78,315,9823,671,12,0
E02006473,Coleshill,137,2,52,76,15,16,47,15,63,13,20,2,156,231,10379,708,12,0
E02006474,New Arley,90,0,32,29,11,23,45,8,31,6,2,2,178,147,6393,514,12,0
E02006475,Weddington,142,2,43,46,20,13,32,6,63,3,27,0,51,287,9588,593,12,0
E02006476,Camp Hill,195,7,29,59,22,31,48,13,68,10,56,3,95,392,9597,833,12,0
E02006477,Horeston Grange,95,5,35,35,10,17,29,5,35,3,61,2,61,243,8737,541,12,0
E02006478,Galley Common,187,2,20,61,10,37,26,13,47,2,29,2,72,327,8405,648,12,0
E02006479,Nuneaton Town Centre,476,67,69,175,84,37,149,40,209,52,422,20,122,802,9143,2248,12,0
E02006480,Tomkinson Road,120,9,30,59,23,25,31,8,43,11,12,2,48,309,7493,610,12,0
E02006481,Stockingford,276,5,15,62,17,18,22,5,52,6,0,2,47,319,7317,570,12,0
E02006482,Bermuda,119,8,24,45,19,9,88,11,47,4,42,1,50,208,7261,556,12,0
E02006483,Caldwell,141,4,31,64,22,22,34,9,51,10,2,3,63,361,7963,676,12,0
E02006484,Attleborough,128,5,41,43,15,19,37,6,45,8,59,3,81,230,7648,592,12,0
E02006485,Whitestone,15,1,37,5,9,5,26,1,13,2,13,0,43,65,6586,220,12,0
E02006486,Bedworth Woodlands,94,8,22,32,10,18,28,5,55,5,121,1,92,184,7078,581,12,0
E02006487,Bedworth Town,329,15,21,84,26,21,71,19,100,13,152,7,71,354,6944,954,12,0
E02006488,Bulkington,48,0,31,23,7,11,16,5,22,2,13,0,44,126,6081,300,12,0
E02006489,Bedworth Coalpit Field,131,1,36,55,24,26,29,13,44,13,32,0,78,318,8056,669,12,0
E02006490,Bedworth Heath,62,1,26,25,10,22,24,8,37,5,54,0,49,190,7742,451,12,0
E02006494,Town North,169,15,43,76,47,29,82,18,120,12,111,9,47,352,7272,961,12,0
E02006495,Wolston,71,1,36,24,11,12,23,5,28,0,53,0,40,133,7773,366,12,0
E02006497,New Bilton,91,3,29,41,26,22,25,8,37,6,23,3,28,249,8087,500,12,0
E02006498,Cawston,129,1,36,42,22,31,41,15,56,4,25,2,19,341,13863,635,12,0
E02006503,Dunchurch,56,1,44,31,19,26,36,4,42,0,2,0,61,150,10173,416,12,0
E02006504,Earlswood,60,5,45,25,8,16,39,3,34,1,5,1,70,102,5877,354,12,0
E02006505,Henley-in-Arden,33,0,29,25,6,12,28,2,13,1,5,0,25,100,6962,246,12,0
E02006506,Studley,49,3,21,32,2,8,36,2,17,1,53,0,47,160,6037,382,12,0
E02006507,Southam,100,0,29,47,6,15,48,5,39,4,14,3,52,249,11035,511,12,0
E02006508,Harbury,94,2,42,53,9,18,50,10,49,5,30,3,147,210,11157,628,12,0
E02006509,Alcester,60,0,12,31,4,6,36,3,27,1,27,2,32,156,5869,337,12,0
E02006510,Wilmcote,68,1,24,27,8,9,28,7,22,1,2,0,34,81,6852,244,12,0
E02006511,Wellesbourne,77,2,47,40,15,20,39,6,43,4,17,3,36,189,10657,461,12,0
E02006512,Stratford North,398,30,68,147,40,29,153,30,127,12,366,19,86,550,12295,1657,12,0
E02006513,Stratford South East,66,0,25,17,3,11,27,4,32,5,26,5,40,135,8338,330,12,0
E02006514,Stratford South West,266,24,41,79,24,11,87,14,85,14,150,18,73,353,8863,973,12,0
E02006516,Kineton,86,1,62,30,10,15,59,2,32,2,4,0,31,209,9595,457,12,0
E02006519,Kenilworth West,88,3,45,32,4,6,21,0,36,2,101,10,33,125,8000,418,12,0
E02006520,Kenilworth East,35,0,25,29,5,7,24,4,15,1,4,0,25,92,8443,231,12,0
E02006521,Kenilworth South,54,0,19,14,9,3,61,1,14,1,4,0,23,100,7305,249,12,0
E02006522,Kingswood,53,2,25,24,5,10,21,0,22,1,2,0,82,79,5802,273,12,0
E02006523,Cubbington,56,2,53,38,21,20,72,5,29,4,10,0,68,166,12899,488,12,2
E02006524,Lillington,83,1,13,32,2,12,23,9,27,2,1,1,23,165,5522,311,12,0
E02006525,Leamington Central,181,36,28,110,71,28,91,11,86,6,264,23,80,415,13033,1249,12,0
E02006526,Warwick North,89,4,21,46,12,18,25,7,46,4,22,0,51,232,8652,488,12,0
E02006527,Leamington West,117,11,32,49,17,13,197,10,41,9,16,5,87,239,9354,726,12,0
E02006528,Leamington East,158,22,34,94,20,24,61,13,51,18,89,7,69,322,11246,824,12,0
E02006529,Warwick South West,265,19,52,97,40,31,90,17,121,9,61,8,95,410,12695,1050,12,0
E02006530,Warwick South East,290,32,45,116,25,102,91,20,98,15,300,6,88,446,13236,1384,12,0
E02006531,Leamington Brunswick,168,28,31,69,36,30,66,18,70,13,63,4,58,388,10330,874,12,0
E02006532,Bishops Tachbrook,91,3,30,36,8,16,32,3,44,8,1,0,53,212,11642,446,12,0
E02006533,Whitnash,64,4,18,26,9,9,22,5,29,0,11,0,33,147,10289,313,12,0
E02006696,Hagley,35,2,34,15,8,6,18,2,20,4,20,0,27,109,7312,265,12,0
E02006697,Dodford,62,3,34,46,18,10,51,4,29,5,23,2,61,116,7417,402,12,0
E02006698,Rubery West,67,0,18,34,1,7,13,2,28,6,64,0,38,120,6420,331,12,0
E02006699,Hollywood,49,0,14,23,3,5,26,2,21,5,16,0,32,93,5917,240,12,0
E02006700,Wythall,69,7,16,36,8,7,17,1,21,5,55,2,67,82,6355,324,12,0
E02006701,Barnt Green,82,0,19,49,7,4,16,1,28,1,16,1,33,107,7355,282,12,0
E02006702,Catshill,74,2,23,23,7,10,20,8,20,4,8,2,20,206,5959,353,12,0
E02006703,Marlbrook,43,0,24,19,7,12,39,4,12,1,4,1,20,109,8031,252,12,0
E02006704,Alvechurch,72,0,31,29,8,10,56,3,25,1,58,2,90,128,6929,441,12,0
E02006705,Bromsgrove Sidemoor,84,4,30,22,8,8,17,3,24,0,43,0,19,169,7375,347,12,0
E02006706,Bromsgrove Central,242,6,29,71,12,15,52,7,88,7,119,4,28,328,6948,766,12,0
E02006707,Bromsgrove Stoney Hill,20,1,10,17,4,4,10,2,13,0,0,1,5,85,6819,152,12,0
E02006708,Bromsgrove Charford,129,4,21,69,10,16,38,6,49,6,78,2,37,297,8023,633,12,0
E02006709,Stoke Heath,64,1,36,36,8,26,75,3,17,4,76,0,23,204,8310,509,12,0
E02006710,Tenbury Wells,44,0,17,40,5,13,18,4,19,1,10,1,22,153,8419,303,12,0
E02006711,Abberley,43,0,30,35,3,13,26,3,30,0,1,1,9,117,8527,268,12,0
E02006712,Broadheath,37,1,22,25,3,4,27,3,21,4,0,1,9,94,7668,214,12,0
E02006721,Riverside,83,3,31,37,14,9,25,4,32,1,48,2,42,172,6640,420,12,0
E02006722,Church Hill South,71,3,12,42,10,14,17,3,31,4,0,1,39,212,5451,388,12,0
E02006723,Batchley,107,3,26,58,13,17,39,8,48,2,69,2,41,357,9338,683,12,0
E02006724,Redditch Town,240,14,24,61,57,30,80,30,177,13,324,22,31,655,7020,1518,12,0
E02006725,Winyates Green,64,0,36,22,9,8,37,8,31,2,30,2,52,195,5522,432,12,0
E02006726,Southcrest,142,2,24,29,11,8,32,5,35,2,54,5,48,209,6371,464,12,0
E02006727,Arrow Valley,92,2,20,37,15,4,78,5,49,7,78,3,51,148,5942,497,12,0
E02006728,Webheath,71,0,9,36,6,6,27,3,19,3,4,1,23,91,7751,228,12,0
E02006729,Matchborough,67,2,25,37,8,12,31,2,35,1,6,3,80,203,7636,445,12,0
E02006730,Greenlands,120,2,17,66,29,26,33,2,33,2,33,1,28,309,6782,581,12,0
E02006731,Oakenshaw,58,0,13,25,4,11,47,3,32,2,81,1,35,132,5569,386,12,0
E02006732,Crabbs Cross,25,0,9,13,2,9,12,2,16,0,14,0,18,79,6967,174,12,0
E02006733,Hunt End,23,1,19,25,5,2,12,2,17,1,23,1,21,87,6053,216,12,0
E02006734,Northwick,43,1,13,28,0,8,26,1,17,3,29,2,19,82,8220,229,12,0
E02006735,Warndon West,236,4,27,122,26,22,38,16,73,5,67,3,32,428,5531,863,12,0
E02006736,Warndon East,102,7,8,29,14,7,26,5,43,2,151,1,42,118,6502,453,12,0
E02006737,Barbourne,136,10,20,58,10,15,44,2,50,8,69,6,35,214,8305,541,12,0
E02006738,King George's Field,158,4,24,110,29,23,44,11,63,4,55,5,47,445,9216,864,12,0
E02006739,Henwick,35,6,14,24,4,6,21,2,14,2,31,2,15,69,5736,210,12,0
E02006740,Worcester Town North,436,73,46,147,68,34,121,20,170,20,149,20,76,864,7340,1808,12,0
E02006741,Lyppard Grange,79,3,11,40,8,9,31,5,32,2,146,1,14,203,6278,505,12,0
E02006748,Hartlebury,77,2,48,48,8,13,58,8,32,2,7,2,42,226,8797,496,12,0
E02006749,Droitwich Spa West,98,1,17,49,8,13,25,7,34,1,52,0,22,208,5410,437,12,0
E02006750,Droitwich Spa East,83,1,20,39,7,22,24,4,29,4,114,5,11,134,5428,414,12,0
E02006751,Droitwich Spa Central,74,4,13,30,2,4,22,4,32,1,36,3,15,149,5870,315,12,0
E02006752,Droitwich Spa South,33,0,8,17,8,8,11,4,13,1,91,0,13,130,8333,304,12,0
E02006753,Fernhill Heath,57,5,43,36,10,9,42,10,39,0,8,5,20,142,7388,369,12,0
E02006754,Crowle,25,0,19,21,5,4,28,2,18,0,0,0,24,55,5802,176,12,0
E02006755,Inkberrow,12,0,30,18,0,2,19,1,10,0,0,2,38,39,5865,159,12,0
E02006767,Wolverley,53,0,48,37,9,14,52,6,24,2,14,2,34,193,9581,435,12,0
E02006768,Franche,78,0,11,22,8,5,35,3,33,5,90,1,25,144,7000,382,12,0
E02006769,Greenhill,45,0,18,39,6,7,31,5,18,0,1,0,19,93,7070,237,12,1
E02006770,Kidderminster Town,409,9,100,124,39,34,76,30,187,19,263,16,71,661,8380,1629,12,0
E02006771,Bewdley East,86,0,28,33,4,7,21,5,29,0,6,2,24,135,6757,294,12,0
E02006772,Habberley,146,4,18,47,25,11,106,6,62,4,115,1,27,248,6679,674,12,0
E02006773,Comberton,100,2,23,49,14,18,34,7,34,4,3,2,37,245,8225,472,12,0
E02006774,Foley Park,138,3,49,76,13,9,40,6,53,6,139,7,51,329,7558,781,12,0
E02006775,Birchen Coppice,138,5,31,83,12,17,44,8,68,4,9,1,13,288,6097,583,12,0
E02006776,Spennells,53,2,22,26,5,13,47,4,37,0,116,1,18,125,6395,416,12,0
E02006777,Bewdley West,74,1,24,60,9,3,40,4,36,0,6,1,41,188,7205,413,12,0
E02006778,Stourport Lickhill,55,2,10,25,5,15,20,5,15,3,0,0,25,134,7176,259,12,0
E02006779,Stourport Mitton,188,2,33,88,16,9,70,18,63,3,52,4,52,234,7576,644,12,0
E02006780,Stourport Areley Kings,102,8,37,79,3,6,27,7,31,6,16,2,39,189,5902,450,12,0
E02006805,Holbrooks,67,1,41,56,14,23,54,14,39,9,53,0,105,289,9085,698,12,0
E02006806,Ash Green,117,1,36,50,20,32,38,10,40,11,41,2,84,292,8559,657,12,0
E02006807,Yardley Wood East,11,1,38,33,12,15,22,5,23,10,17,2,75,152,8214,405,12,0
E02006808,Shirley West,55,7,35,44,7,12,47,16,51,15,182,6,57,182,6730,661,12,0
E02006809,Handsworth Wood,30,1,38,35,12,9,44,9,28,15,19,6,80,291,10154,587,12,0
E02006810,Charlemont,60,2,57,52,10,24,44,8,38,18,26,3,125,375,10691,782,12,0
E02006894,Blakenhall,147,19,83,151,70,39,137,57,147,49,212,9,238,932,14362,2143,12,0
E02006895,Attwood Green,182,19,104,178,127,27,189,53,126,67,38,82,186,992,9358,2188,12,0
E02006896,Digbeth,412,32,178,257,203,20,394,89,293,177,282,214,329,1299,6124,3767,12,0
E02006897,Five Ways North,205,22,89,169,101,17,210,52,160,67,73,103,249,952,8456,2264,12,0
E02006898,Ladywood Summer Hill,115,27,69,122,48,12,127,30,61,44,70,29,150,487,7907,1276,12,0
E02006899,Birmingham city centre,542,83,211,308,235,62,639,151,539,262,1407,319,339,2116,6146,6671,12,0
E02006900,Bordesley,261,7,102,149,60,36,289,60,155,64,380,41,242,931,15718,2516,12,0
E02006919,Swadlincote South,86,6,25,58,29,15,47,10,55,0,42,1,41,291,10443,620,12,39
E02006920,Swadlincote East,112,4,18,76,29,26,67,9,57,1,35,7,44,314,8076,687,12,32
E02006943,Smethwick East,75,3,63,70,25,12,68,17,54,17,8,11,89,413,7596,850,12,0
E02006944,Smethwick South East,89,8,28,79,29,13,70,23,70,23,102,15,93,488,8073,1041,12,0
E02006982,Perton,61,1,28,43,8,9,33,8,33,2,17,2,34,243,12173,461,12,0
E02007038,Birches Green,135,6,94,160,39,43,93,31,129,26,133,9,155,739,13693,1657,12,0
E02007039,Greet,83,11,46,93,26,25,52,23,81,40,1,7,68,491,8306,964,12,0
E02007040,Sparkhill South,45,3,34,61,16,21,53,14,36,27,12,13,56,360,7599,706,12,0
E02007048,Brinklow,70,1,44,52,21,28,76,10,34,5,12,1,138,205,7523,627,12,0
E02007050,Town Centre,222,23,21,86,56,36,96,24,153,18,559,16,24,546,8358,1658,12,0
E02007051,Lawley,105,1,5,48,13,14,32,7,40,3,3,0,10,269,8559,445,12,0
