date,geography,geography code,Highest level of qualification: Total: All usual residents aged 16 years and over,Highest level of qualification: No qualifications,Highest level of qualification: Level 1 and entry level qualifications,Highest level of qualification: Level 2 qualifications,Highest level of qualification: Apprenticeship,Highest level of qualification: Level 3 qualifications,Highest level of qualification: Level 4 qualifications and above,Highest level of qualification: Other qualifications
2021,Birmingham 001,E02001827,5184,728,428,718,215,810,2165,120
2021,Birmingham 002,E02001828,5859,923,469,784,248,860,2417,158
2021,Birmingham 003,E02001829,7134,750,526,945,314,1146,3302,151
2021,Birmingham 004,E02001830,8123,906,585,915,304,1228,4016,169
2021,Birmingham 005,E02001831,8332,1641,878,1183,431,1434,2558,207
2021,Birmingham 006,E02001832,6585,925,568,851,314,1031,2762,134
2021,Birmingham 007,E02001833,4809,844,445,653,328,876,1549,114
2021,Birmingham 008,E02001834,4647,1180,600,714,277,798,966,112
2021,Birmingham 009,E02001835,6968,927,513,889,219,988,3269,163
2021,Birmingham 010,E02001836,7460,1155,619,884,323,1188,3111,180
2021,Birmingham 011,E02001837,8004,2553,966,1222,368,1195,1478,222
2021,Birmingham 012,E02001838,6337,946,579,885,313,1111,2355,148
2021,Birmingham 013,E02001839,5185,1312,584,765,286,894,1181,163
2021,Birmingham 014,E02001840,7270,2066,913,1022,345,1131,1561,232
2021,Birmingham 015,E02001841,5016,712,340,575,214,753,2303,119
2021,Birmingham 016,E02001842,6420,1297,690,891,306,1093,1944,199
2021,Birmingham 017,E02001843,5306,1317,660,790,309,923,1143,164
2021,Birmingham 018,E02001844,8176,1668,643,929,383,1323,3043,187
2021,Birmingham 019,E02001845,5193,1055,568,734,295,1036,1390,115
2021,Birmingham 020,E02001846,6319,1717,722,843,324,998,1525,190
2021,Birmingham 021,E02001847,4573,930,439,589,285,791,1403,136
2021,Birmingham 022,E02001848,5374,1511,656,753,268,829,1165,192
2021,Birmingham 023,E02001849,6492,1390,777,884,313,963,1961,204
2021,Birmingham 024,E02001850,6632,1470,671,852,264,1121,2041,213
2021,Birmingham 025,E02001851,7241,1748,768,976,356,1204,2003,186
2021,Birmingham 026,E02001852,5590,1379,672,710,283,957,1401,188
2021,Birmingham 029,E02001855,7734,2424,1007,1213,395,1211,1273,211
2021,Birmingham 030,E02001856,7345,1937,836,913,334,1183,1901,241
2021,Birmingham 031,E02001857,11133,3091,1226,1347,473,1705,2950,341
2021,Birmingham 032,E02001858,7383,1734,729,790,211,1301,2379,239
2021,Birmingham 033,E02001859,7668,2535,975,874,229,1140,1662,253
2021,Birmingham 034,E02001860,6340,1981,816,779,227,813,1403,321
2021,Birmingham 035,E02001861,8296,2498,974,1095,287,1237,1932,273
2021,Birmingham 036,E02001862,7508,2286,927,889,309,1060,1692,345
2021,Birmingham 037,E02001863,6171,2312,816,763,170,758,1157,195
2021,Birmingham 039,E02001865,8596,3069,980,1039,279,1155,1677,397
2021,Birmingham 040,E02001866,7160,2466,901,937,163,1044,1397,252
2021,Birmingham 041,E02001867,6220,2083,792,784,163,891,1293,214
2021,Birmingham 042,E02001868,7199,1890,731,1087,214,1167,1898,212
2021,Birmingham 043,E02001869,4652,1527,568,559,151,687,991,169
2021,Birmingham 044,E02001870,9175,2919,1081,1313,280,1395,1848,339
2021,Birmingham 045,E02001871,6385,1863,795,956,288,997,1303,183
2021,Birmingham 046,E02001872,5638,1650,681,933,266,969,1001,138
2021,Birmingham 047,E02001873,8420,2572,980,955,278,1191,2075,369
2021,Birmingham 048,E02001874,7033,2545,927,975,179,950,1223,234
2021,Birmingham 049,E02001875,6478,1737,689,752,212,915,1943,230
2021,Birmingham 050,E02001876,13701,1700,816,1008,201,6165,3527,284
2021,Birmingham 051,E02001877,8743,3270,1024,1202,170,1201,1606,270
2021,Birmingham 052,E02001878,6811,2167,789,877,144,1050,1541,243
2021,Birmingham 053,E02001879,7679,2417,847,873,266,1136,1901,239
2021,Birmingham 054,E02001880,7087,2141,909,1039,273,1017,1470,238
2021,Birmingham 055,E02001881,7325,2586,891,962,205,1064,1341,276
2021,Birmingham 056,E02001882,6676,1967,787,854,248,990,1602,228
2021,Birmingham 057,E02001883,6387,1958,788,1024,296,937,1169,215
2021,Birmingham 058,E02001884,6913,2395,845,1012,165,1014,1276,206
2021,Birmingham 060,E02001886,8072,1674,647,803,225,1091,3363,269
2021,Birmingham 062,E02001888,5318,1539,624,820,216,861,1107,151
2021,Birmingham 063,E02001889,6472,2254,823,867,118,870,1321,219
2021,Birmingham 064,E02001890,8503,1223,544,710,225,1241,4331,229
2021,Birmingham 066,E02001892,7975,2540,996,1052,263,1191,1655,278
2021,Birmingham 067,E02001893,6879,1787,765,911,278,1053,1849,236
2021,Birmingham 069,E02001895,6909,2042,856,1088,351,1090,1263,219
2021,Birmingham 070,E02001896,7210,2502,909,928,122,1006,1450,293
2021,Birmingham 071,E02001897,6266,2082,845,770,174,903,1208,284
2021,Birmingham 072,E02001898,5332,1195,636,768,289,979,1324,141
2021,Birmingham 073,E02001899,6949,1043,412,671,183,731,3750,159
2021,Birmingham 074,E02001900,5393,1082,398,504,155,793,2310,151
2021,Birmingham 075,E02001901,6800,660,288,485,126,764,4383,94
2021,Birmingham 076,E02001902,4887,1117,533,765,227,850,1249,146
2021,Birmingham 077,E02001903,5839,2111,696,780,98,822,1142,190
2021,Birmingham 078,E02001904,5614,1601,736,800,215,840,1222,200
2021,Birmingham 079,E02001905,9185,660,217,499,86,3825,3730,168
2021,Birmingham 080,E02001906,7667,1470,772,1025,379,1299,2528,194
2021,Birmingham 081,E02001907,8449,1876,1023,1261,450,1542,2074,223
2021,Birmingham 082,E02001908,6524,2364,814,871,135,915,1219,206
2021,Birmingham 083,E02001909,6015,2068,723,780,128,838,1326,152
2021,Birmingham 084,E02001910,5432,1750,660,692,131,827,1243,129
2021,Birmingham 085,E02001911,6383,1614,743,813,253,926,1830,204
2021,Birmingham 087,E02001913,6277,1043,438,424,167,1118,2898,189
2021,Birmingham 088,E02001914,5580,1163,462,549,74,821,2355,156
2021,Birmingham 089,E02001915,9532,2293,979,1237,398,1576,2769,280
2021,Birmingham 090,E02001916,7268,1964,811,1058,275,1118,1805,237
2021,Birmingham 092,E02001918,7252,1241,463,632,164,898,3715,139
2021,Birmingham 093,E02001919,5718,1253,486,567,120,781,2393,118
2021,Birmingham 094,E02001920,5933,1523,631,886,266,945,1467,215
2021,Birmingham 095,E02001921,6025,1397,564,726,227,820,2124,167
2021,Birmingham 096,E02001922,15235,817,271,478,132,10296,3025,216
2021,Birmingham 097,E02001923,8512,2191,818,1100,229,1343,2503,328
2021,Birmingham 098,E02001924,5442,1249,510,720,196,856,1708,203
2021,Birmingham 099,E02001925,5495,913,344,486,192,948,2483,129
2021,Birmingham 100,E02001926,6546,1080,465,587,187,1202,2876,149
2021,Birmingham 101,E02001927,5818,1520,660,804,286,864,1504,180
2021,Birmingham 102,E02001928,5384,1419,657,816,282,835,1188,187
2021,Birmingham 103,E02001929,7516,2043,867,1218,291,1189,1666,242
2021,Birmingham 104,E02001930,6233,830,376,612,169,830,3310,106
2021,Birmingham 105,E02001931,6832,1283,609,816,214,1074,2665,171
2021,Birmingham 106,E02001932,5566,1326,624,804,231,964,1469,148
2021,Birmingham 107,E02001933,6062,1289,576,768,206,909,2192,122
2021,Birmingham 108,E02001934,5549,1159,522,706,179,875,1965,143
2021,Birmingham 109,E02001935,6347,1210,610,769,293,1016,2261,188
2021,Birmingham 110,E02001936,5115,760,374,585,197,678,2387,134
2021,Birmingham 111,E02001937,6353,1681,648,880,236,991,1701,216
2021,Birmingham 112,E02001938,6453,952,456,738,195,954,3042,116
2021,Birmingham 113,E02001939,5188,1210,478,651,195,686,1828,140
2021,Birmingham 115,E02001941,4886,1241,504,784,208,799,1217,133
2021,Birmingham 116,E02001942,5443,931,475,645,216,833,2243,100
2021,Birmingham 117,E02001943,5127,1162,494,719,209,829,1605,109
2021,Birmingham 118,E02001944,6479,1256,612,886,308,1167,2093,157
2021,Birmingham 119,E02001945,5908,1627,637,953,270,943,1346,132
2021,Birmingham 120,E02001946,6216,1099,600,806,312,1019,2218,162
2021,Birmingham 121,E02001947,4651,1453,612,638,196,743,837,172
2021,Birmingham 122,E02001948,5904,1315,764,917,338,1086,1323,161
2021,Birmingham 123,E02001949,4736,1018,513,695,208,799,1408,95
2021,Birmingham 124,E02001950,6966,1479,733,1019,365,1254,1912,204
2021,Birmingham 125,E02001951,7123,2049,892,1075,317,1173,1434,183
2021,Birmingham 126,E02001952,6954,1875,867,1046,344,1139,1486,197
2021,Birmingham 127,E02001953,5786,1246,523,822,297,929,1828,141
2021,Birmingham 128,E02001954,5690,1601,701,827,266,884,1253,158
2021,Birmingham 129,E02001955,6330,1425,700,918,307,1136,1708,136
2021,Birmingham 130,E02001956,5407,1066,574,866,270,1024,1490,117
2021,Birmingham 131,E02001957,6337,1339,712,928,374,1240,1576,168
2021,Coventry 001,E02001958,6428,1545,744,895,370,1016,1630,228
2021,Coventry 002,E02001959,5461,1248,620,797,340,885,1396,175
2021,Coventry 004,E02001961,6087,1739,724,929,346,926,1212,211
2021,Coventry 005,E02001962,5402,1360,663,755,261,779,1360,224
2021,Coventry 006,E02001963,5052,1050,573,682,330,939,1345,133
2021,Coventry 007,E02001964,7819,2055,915,1132,411,1048,1967,291
2021,Coventry 008,E02001965,6545,1332,714,936,424,1053,1907,179
2021,Coventry 009,E02001966,5417,1632,693,729,183,633,1299,248
2021,Coventry 010,E02001967,5762,952,535,710,422,1052,1906,185
2021,Coventry 011,E02001968,6006,1459,748,841,301,938,1520,199
2021,Coventry 012,E02001969,5315,1416,572,735,311,791,1277,213
2021,Coventry 013,E02001970,4694,1090,526,585,330,732,1282,149
2021,Coventry 014,E02001971,4923,799,534,714,361,945,1420,150
2021,Coventry 015,E02001972,8503,2460,947,1020,287,1131,2266,392
2021,Coventry 016,E02001973,6633,1734,798,895,337,918,1694,257
2021,Coventry 017,E02001974,7697,1221,759,1053,515,1426,2519,204
2021,Coventry 018,E02001975,5998,1126,670,902,377,1128,1600,195
2021,Coventry 019,E02001976,5960,1258,659,841,384,914,1714,190
2021,Coventry 020,E02001977,8169,1904,825,912,346,1293,2483,406
2021,Coventry 021,E02001978,5328,1114,627,729,329,882,1460,187
2021,Coventry 022,E02001979,4631,667,458,692,337,891,1455,131
2021,Coventry 023,E02001980,4926,768,480,641,395,887,1629,126
2021,Coventry 024,E02001981,10423,2299,1046,1094,301,2540,2678,465
2021,Coventry 025,E02001982,6820,956,647,947,437,1303,2366,164
2021,Coventry 026,E02001983,6252,1060,659,849,369,1174,1986,155
2021,Coventry 027,E02001984,8287,1501,851,1059,405,1452,2787,232
2021,Coventry 028,E02001985,8217,1211,505,637,272,3138,2128,326
2021,Coventry 029,E02001986,6361,1262,786,1015,397,1039,1669,193
2021,Coventry 030,E02001987,5205,663,350,449,201,1262,2124,156
2021,Coventry 031,E02001988,10344,1155,549,802,242,3172,3978,446
2021,Coventry 032,E02001989,5043,753,543,683,292,1099,1530,143
2021,Coventry 033,E02001990,7543,1295,792,984,489,1329,2424,230
2021,Coventry 034,E02001991,7275,783,413,691,303,1204,3759,122
2021,Coventry 035,E02001992,8115,1944,957,1245,425,1200,2104,240
2021,Coventry 036,E02001993,7397,1206,626,763,288,1856,2445,213
2021,Coventry 037,E02001994,6449,1074,563,785,351,957,2530,189
2021,Coventry 038,E02001995,7610,1384,627,818,349,1243,2903,286
2021,Coventry 039,E02001996,5743,1424,738,844,342,778,1415,202
2021,Coventry 040,E02001997,7015,857,551,844,345,1041,3186,191
2021,Coventry 041,E02001998,4894,627,365,695,265,775,2040,127
2021,Coventry 042,E02001999,8239,611,334,578,189,3641,2675,211
2021,Dudley 001,E02002000,6811,1958,771,1128,433,1070,1232,219
2021,Dudley 002,E02002001,5017,1198,545,754,311,921,1156,132
2021,Dudley 003,E02002002,5946,1224,501,792,446,1102,1684,197
2021,Dudley 004,E02002003,7434,1966,870,1092,498,1285,1488,235
2021,Dudley 005,E02002004,6039,1653,699,951,372,969,1240,155
2021,Dudley 006,E02002005,7278,2016,873,1071,427,1150,1526,215
2021,Dudley 007,E02002006,5195,1364,583,784,344,919,1068,133
2021,Dudley 008,E02002007,7511,1859,843,1073,549,1285,1664,238
2021,Dudley 009,E02002008,6736,1048,673,1042,409,1314,2099,151
2021,Dudley 010,E02002009,5303,1625,606,738,205,752,1153,224
2021,Dudley 011,E02002010,6582,1815,776,918,321,969,1558,225
2021,Dudley 012,E02002011,4982,953,524,744,341,936,1349,135
2021,Dudley 013,E02002012,6720,2034,815,1005,340,958,1338,230
2021,Dudley 014,E02002013,5632,1096,560,780,379,992,1664,161
2021,Dudley 015,E02002014,6310,1713,735,942,345,945,1427,203
2021,Dudley 016,E02002015,5705,1237,608,879,359,1110,1379,133
2021,Dudley 017,E02002016,6198,1981,797,961,318,936,1012,193
2021,Dudley 018,E02002017,6443,1889,776,1020,381,956,1223,198
2021,Dudley 019,E02002018,7495,1382,753,1088,509,1347,2200,216
2021,Dudley 020,E02002019,6055,1819,794,929,334,953,1035,191
2021,Dudley 021,E02002020,7971,1593,841,1163,554,1532,2069,219
2021,Dudley 022,E02002021,6236,1649,822,958,357,1047,1219,184
2021,Dudley 023,E02002022,6939,1564,796,1205,420,1285,1500,169
2021,Dudley 024,E02002023,4484,966,503,694,298,865,1035,123
2021,Dudley 025,E02002024,7054,1806,818,1121,444,1216,1423,226
2021,Dudley 026,E02002025,7059,1639,736,955,389,1293,1869,178
2021,Dudley 027,E02002026,5671,1278,695,949,375,1065,1150,159
2021,Dudley 028,E02002027,4574,619,443,814,317,947,1336,98
2021,Dudley 029,E02002028,4842,939,446,687,334,848,1461,127
2021,Dudley 030,E02002029,5118,988,489,743,314,902,1520,162
2021,Dudley 031,E02002030,5502,1276,613,853,335,983,1299,143
2021,Dudley 032,E02002031,5106,1213,594,736,270,977,1159,157
2021,Dudley 033,E02002032,8108,1909,882,1335,431,1491,1853,207
2021,Dudley 034,E02002033,6369,1286,688,950,401,1188,1661,195
2021,Dudley 035,E02002034,6812,1236,555,925,317,1168,2455,156
2021,Dudley 036,E02002035,5077,897,469,751,281,842,1701,136
2021,Dudley 037,E02002036,5314,1476,652,784,305,802,1103,192
2021,Dudley 038,E02002037,4905,904,501,747,294,866,1462,131
2021,Dudley 039,E02002038,7940,1747,844,1253,467,1354,2056,219
2021,Dudley 040,E02002039,5134,840,428,733,239,810,1944,140
2021,Dudley 041,E02002040,5029,777,399,651,270,751,2033,148
2021,Dudley 042,E02002041,5207,1030,519,753,272,798,1670,165
2021,Dudley 043,E02002042,6645,1107,640,1029,401,1166,2114,188
2021,Sandwell 001,E02002043,6808,1941,834,1030,350,1063,1382,208
2021,Sandwell 002,E02002044,6184,1426,724,951,242,1000,1646,195
2021,Sandwell 003,E02002045,6129,1792,711,952,366,972,1177,159
2021,Sandwell 004,E02002046,4151,1589,594,583,188,547,529,121
2021,Sandwell 005,E02002047,6151,2062,694,823,338,863,1112,259
2021,Sandwell 006,E02002048,5715,1174,592,732,311,922,1819,165
2021,Sandwell 007,E02002049,4978,1410,619,745,317,807,922,158
2021,Sandwell 009,E02002051,4503,1616,551,684,225,629,688,110
2021,Sandwell 010,E02002052,8803,2723,1087,1165,446,1302,1713,367
2021,Sandwell 011,E02002053,5065,1241,516,721,256,808,1352,171
2021,Sandwell 012,E02002054,4728,1104,517,592,245,779,1303,188
2021,Sandwell 013,E02002055,8638,2675,1011,1107,415,1211,1802,417
2021,Sandwell 014,E02002056,7464,2448,926,1105,396,1090,1262,237
2021,Sandwell 015,E02002057,8407,2624,1038,1166,386,1219,1723,251
2021,Sandwell 016,E02002058,10591,3079,1200,1468,449,1536,2448,411
2021,Sandwell 017,E02002059,9410,2750,1220,1233,443,1173,2167,424
2021,Sandwell 018,E02002060,5485,1897,708,616,238,660,1067,299
2021,Sandwell 019,E02002061,5477,1906,650,635,226,697,1113,250
2021,Sandwell 020,E02002062,7048,2325,826,805,327,861,1543,361
2021,Sandwell 021,E02002063,7945,2106,980,1031,329,1172,2032,295
2021,Sandwell 022,E02002064,9663,2491,1125,1550,550,1614,2038,295
2021,Sandwell 023,E02002065,10569,3645,1179,1218,303,1324,2318,582
2021,Sandwell 024,E02002066,6258,2065,677,747,267,885,1333,284
2021,Sandwell 025,E02002067,5019,1303,548,804,279,832,1065,188
2021,Sandwell 027,E02002069,5675,1595,679,814,295,894,1244,154
2021,Sandwell 028,E02002070,7720,2644,898,916,289,974,1573,426
2021,Sandwell 029,E02002071,5256,1526,690,816,324,840,909,151
2021,Sandwell 030,E02002072,7156,1878,720,1009,399,1188,1710,252
2021,Sandwell 031,E02002073,6378,2077,694,866,268,896,1325,252
2021,Sandwell 032,E02002074,6513,1834,750,949,349,1009,1429,193
2021,Sandwell 033,E02002075,7086,1894,833,1097,382,1133,1520,227
2021,Sandwell 034,E02002076,8495,1545,684,969,357,1207,3514,219
2021,Sandwell 035,E02002077,8673,2363,1016,1275,455,1455,1833,276
2021,Sandwell 036,E02002078,5290,1092,478,686,244,884,1750,156
2021,Sandwell 037,E02002079,6848,1734,762,1037,328,1092,1688,207
2021,Sandwell 038,E02002080,5787,1572,657,865,288,1009,1232,164
2021,Solihull 001,E02002081,4598,1128,500,624,264,807,1157,118
2021,Solihull 002,E02002082,4404,1242,618,797,219,692,730,106
2021,Solihull 003,E02002083,5044,1090,604,767,316,937,1183,147
2021,Solihull 004,E02002084,5103,1471,704,792,258,859,876,143
2021,Solihull 005,E02002085,5072,1309,630,879,299,817,991,147
2021,Solihull 006,E02002086,4598,1391,673,819,215,620,758,122
2021,Solihull 007,E02002087,4743,1375,655,789,227,768,816,113
2021,Solihull 008,E02002088,7328,2133,957,1269,361,1180,1237,191
2021,Solihull 009,E02002089,6665,1469,709,1036,367,1175,1729,180
2021,Solihull 010,E02002090,4801,880,482,715,234,887,1483,120
2021,Solihull 011,E02002091,6245,1111,687,906,401,1179,1768,193
2021,Solihull 012,E02002092,5915,1216,609,831,312,1038,1726,183
2021,Solihull 013,E02002093,5585,1028,509,706,247,888,2060,147
2021,Solihull 014,E02002094,4990,620,345,640,208,736,2324,117
2021,Solihull 015,E02002095,7080,1140,612,1014,305,1163,2676,170
2021,Solihull 016,E02002096,8448,1201,664,978,321,1185,3884,215
2021,Solihull 017,E02002097,6110,916,484,818,309,932,2508,143
2021,Solihull 018,E02002098,7770,1163,685,1079,366,1217,3086,174
2021,Solihull 019,E02002099,5705,569,314,677,167,759,3089,130
2021,Solihull 021,E02002101,5188,1034,535,764,296,891,1538,130
2021,Solihull 022,E02002102,7027,1043,598,967,293,1168,2777,181
2021,Solihull 023,E02002103,5109,870,474,692,274,828,1787,184
2021,Solihull 024,E02002104,4879,486,367,654,171,740,2343,118
2021,Solihull 025,E02002105,6793,797,475,871,282,1052,3172,144
2021,Solihull 026,E02002106,7986,871,587,1006,314,1196,3825,187
2021,Solihull 027,E02002107,4489,507,404,539,172,706,2062,99
2021,Solihull 028,E02002108,7845,782,499,1032,254,1136,3972,170
2021,Solihull 029,E02002109,9637,937,758,1277,388,1737,4367,173
2021,Walsall 001,E02002110,5634,1254,640,875,331,1112,1247,175
2021,Walsall 002,E02002111,5122,1533,691,770,285,855,854,134
2021,Walsall 003,E02002112,4371,1008,475,688,275,777,1028,120
2021,Walsall 004,E02002113,5170,1342,589,810,294,847,1155,133
2021,Walsall 005,E02002114,5100,1312,528,705,326,933,1133,163
2021,Walsall 006,E02002115,5466,1536,684,791,355,821,1087,192
2021,Walsall 007,E02002116,5716,1198,577,810,412,965,1621,133
2021,Walsall 008,E02002117,5214,1288,629,732,303,913,1210,139
2021,Walsall 009,E02002118,5740,1811,763,879,325,785,989,188
2021,Walsall 010,E02002119,4903,1180,614,688,306,797,1185,133
2021,Walsall 011,E02002120,4950,1136,581,746,308,870,1188,121
2021,Walsall 012,E02002121,5044,1731,568,687,292,769,867,130
2021,Walsall 013,E02002122,5048,1541,548,751,236,739,1065,168
2021,Walsall 014,E02002123,5206,1491,639,787,334,857,975,123
2021,Walsall 015,E02002124,5786,1313,636,816,382,940,1509,190
2021,Walsall 016,E02002125,5132,1277,568,707,283,965,1179,153
2021,Walsall 017,E02002126,4967,1672,645,766,246,671,821,146
2021,Walsall 018,E02002127,7135,2203,803,992,321,1015,1501,300
2021,Walsall 019,E02002128,4634,1354,573,699,334,710,811,153
2021,Walsall 020,E02002129,5010,1380,615,748,299,863,934,171
2021,Walsall 021,E02002130,5143,1599,657,752,229,736,1003,167
2021,Walsall 022,E02002131,6525,1132,572,935,378,1133,2217,158
2021,Walsall 023,E02002132,4937,1523,589,729,276,742,907,171
2021,Walsall 024,E02002133,5719,1184,519,739,270,864,1952,191
2021,Walsall 025,E02002134,7101,2066,920,986,380,1064,1399,286
2021,Walsall 026,E02002135,5980,1846,687,844,239,766,1374,224
2021,Walsall 027,E02002136,6273,1720,856,868,281,959,1371,218
2021,Walsall 028,E02002137,5104,838,476,638,298,830,1892,132
2021,Walsall 029,E02002138,5062,1181,465,617,173,711,1781,134
2021,Walsall 030,E02002139,8430,2334,925,994,336,1342,2222,277
2021,Walsall 031,E02002140,6358,1965,751,856,261,800,1408,317
2021,Walsall 032,E02002141,5291,857,550,719,339,913,1771,142
2021,Walsall 033,E02002142,5544,1634,752,838,255,773,1091,201
2021,Walsall 034,E02002143,7363,2326,889,1015,237,1056,1497,343
2021,Walsall 035,E02002144,5664,971,460,653,192,723,2484,181
2021,Walsall 036,E02002145,6171,1767,814,945,275,959,1194,217
2021,Walsall 037,E02002146,4970,1323,576,721,198,736,1210,206
2021,Walsall 038,E02002147,6816,1983,825,1067,371,1015,1335,220
2021,Walsall 039,E02002148,9316,1972,969,1380,591,1713,2444,247
2021,Wolverhampton 001,E02002149,8182,2196,904,1263,520,1302,1756,241
2021,Wolverhampton 002,E02002150,4578,1033,550,661,260,775,1146,153
2021,Wolverhampton 003,E02002151,4416,1038,541,699,247,740,1045,106
2021,Wolverhampton 004,E02002152,4677,1453,588,747,235,682,824,148
2021,Wolverhampton 005,E02002153,6109,1762,725,958,375,989,1122,178
2021,Wolverhampton 006,E02002154,5727,1119,586,851,301,945,1749,176
2021,Wolverhampton 007,E02002155,4518,1363,584,732,202,630,860,147
2021,Wolverhampton 008,E02002156,6664,1613,763,1004,372,1158,1534,220
2021,Wolverhampton 009,E02002157,6375,1060,580,948,328,1129,2153,177
2021,Wolverhampton 010,E02002158,6138,1695,751,922,430,946,1161,233
2021,Wolverhampton 011,E02002159,4533,1322,626,625,192,594,987,187
2021,Wolverhampton 012,E02002160,6089,1608,668,803,347,979,1470,214
2021,Wolverhampton 013,E02002161,5262,1357,573,679,219,768,1435,231
2021,Wolverhampton 014,E02002162,6569,1266,517,741,297,959,2577,212
2021,Wolverhampton 015,E02002163,8950,2449,1122,1187,382,1135,2298,377
2021,Wolverhampton 016,E02002164,5290,1545,618,544,204,855,1263,261
2021,Wolverhampton 017,E02002165,6557,1454,639,801,231,915,2252,265
2021,Wolverhampton 018,E02002166,7256,2192,874,1160,340,1007,1453,230
2021,Wolverhampton 019,E02002167,5527,1008,507,658,283,922,2020,129
2021,Wolverhampton 020,E02002168,9262,2256,910,1106,370,1580,2714,326
2021,Wolverhampton 021,E02002169,7322,1194,597,930,349,1074,2937,241
2021,Wolverhampton 022,E02002170,4984,1590,580,712,257,742,917,186
2021,Wolverhampton 023,E02002171,6030,1880,731,929,303,845,1107,235
2021,Wolverhampton 026,E02002174,6348,1121,639,776,308,997,2318,189
2021,Wolverhampton 027,E02002175,6079,1966,767,848,283,772,1216,227
2021,Wolverhampton 028,E02002176,6243,1301,682,947,365,1050,1721,177
2021,Wolverhampton 029,E02002177,8788,2409,952,1195,355,1260,2188,429
2021,Wolverhampton 030,E02002178,6742,1642,663,780,255,841,2241,320
2021,Wolverhampton 031,E02002179,5324,858,487,717,274,904,1927,157
2021,Wolverhampton 032,E02002180,5245,1379,592,740,315,811,1200,208
2021,Wolverhampton 033,E02002181,6444,1892,742,918,323,1014,1385,170
2021,Wolverhampton 034,E02002182,5342,1480,652,760,301,851,1124,174
2021,Derby 014,E02002809,5695,1194,602,841,510,1072,1318,158
2021,Derby 017,E02002812,6415,1122,553,761,322,892,2562,203
2021,Derby 018,E02002813,8591,2999,981,1010,332,984,1934,351
2021,Derby 019,E02002814,6086,858,503,728,424,1049,2345,179
2021,Derby 020,E02002815,6378,1917,738,804,243,759,1597,320
2021,Derby 021,E02002816,7373,876,541,931,324,1092,3423,186
2021,Derby 022,E02002817,5152,1001,494,623,302,816,1744,172
2021,Derby 023,E02002818,6287,1788,766,892,336,835,1369,301
2021,Derby 024,E02002819,6218,1223,720,846,420,1068,1745,196
2021,Derby 025,E02002820,7756,1762,969,1160,554,1316,1774,221
2021,Derby 026,E02002821,9138,2563,1230,1343,532,1285,1850,335
2021,Derby 027,E02002822,5492,1091,558,754,396,922,1562,209
2021,Derby 028,E02002823,6257,1559,740,839,587,1064,1292,176
2021,Derby 029,E02002824,8250,1993,1119,1274,490,1172,1818,384
2021,Derby 030,E02002825,7020,1268,652,960,468,1126,2369,177
2021,Derby 031,E02002826,5658,790,540,802,343,1080,1978,125
2021,Herefordshire 001,E02002905,5419,781,454,791,283,938,2048,124
2021,Herefordshire 004,E02002908,7595,1134,649,1045,436,1324,2813,194
2021,Herefordshire 005,E02002909,9216,1683,874,1306,548,1481,3069,255
2021,Telford and Wrekin 001,E02002928,5074,769,465,649,238,1117,1715,121
2021,Telford and Wrekin 002,E02002929,5731,784,403,710,262,1399,2052,121
2021,Telford and Wrekin 003,E02002930,5730,945,537,845,273,1265,1697,168
2021,Telford and Wrekin 004,E02002931,5469,866,501,817,300,1079,1787,119
2021,Telford and Wrekin 005,E02002932,6965,1789,888,1182,446,1159,1268,233
2021,Telford and Wrekin 006,E02002933,6716,1049,661,1134,451,1358,1865,198
2021,Telford and Wrekin 007,E02002934,5064,913,550,773,267,938,1466,157
2021,Telford and Wrekin 008,E02002935,5557,1421,679,905,382,952,1037,181
2021,Telford and Wrekin 009,E02002936,8477,1725,999,1333,460,1567,2099,294
2021,Telford and Wrekin 010,E02002937,9140,1410,793,1313,459,1714,3242,209
2021,Telford and Wrekin 011,E02002938,5755,1357,792,828,266,877,1442,193
2021,Telford and Wrekin 012,E02002939,6308,1188,679,911,349,1097,1886,198
2021,Telford and Wrekin 013,E02002940,4890,1048,610,786,317,918,1049,162
2021,Telford and Wrekin 014,E02002941,8576,1948,997,1400,532,1535,1906,258
2021,Telford and Wrekin 015,E02002942,6295,696,533,948,291,1317,2367,143
2021,Telford and Wrekin 017,E02002944,6499,1697,940,1079,371,1076,1140,196
2021,Telford and Wrekin 018,E02002945,7481,1703,1019,1230,411,1186,1663,269
2021,Telford and Wrekin 019,E02002946,6284,1454,747,1024,388,1186,1316,169
2021,Telford and Wrekin 020,E02002947,5385,1318,801,917,282,861,1015,191
2021,Telford and Wrekin 021,E02002948,5468,1499,783,1001,307,856,874,148
2021,Telford and Wrekin 022,E02002949,4565,1107,524,710,251,808,1047,118
2021,Telford and Wrekin 023,E02002950,4494,1275,607,704,282,677,781,168
2021,Derbyshire Dales 010,E02004077,7049,937,591,1053,393,1166,2744,165
2021,Erewash 009,E02004086,5976,949,561,846,438,1077,1984,121
2021,Erewash 011,E02004088,6393,898,637,918,443,1141,2206,150
2021,Erewash 013,E02004090,5072,866,516,709,389,863,1586,143
2021,Erewash 014,E02004091,7824,1359,830,1253,585,1468,2114,215
2021,Erewash 015,E02004092,7703,1594,964,1082,606,1350,1889,218
2021,South Derbyshire 001,E02004118,6331,859,573,835,393,1157,2389,125
2021,South Derbyshire 002,E02004119,9425,902,796,1325,534,1849,3842,177
2021,South Derbyshire 003,E02004120,8758,1230,841,1109,556,1628,3143,251
2021,South Derbyshire 004,E02004121,7504,839,580,975,445,1420,3056,189
2021,South Derbyshire 005,E02004122,5719,646,430,796,319,991,2394,143
2021,South Derbyshire 006,E02004123,5660,834,449,715,343,909,2278,132
2021,South Derbyshire 007,E02004124,6149,1320,744,1067,447,1061,1341,169
2021,South Derbyshire 008,E02004125,7141,1572,920,1192,513,1332,1424,188
2021,South Derbyshire 009,E02004126,6130,1389,682,961,418,1121,1354,205
2021,South Derbyshire 011,E02004128,9531,1821,937,1428,576,1801,2745,223
2021,Blaby 003,E02005335,6205,944,527,847,375,990,2378,144
2021,Blaby 010,E02005342,6031,1036,607,841,473,1183,1742,149
2021,Blaby 012,E02005344,7522,1192,736,1096,542,1463,2354,139
2021,Charnwood 005,E02005349,6497,1188,701,924,519,1263,1738,164
2021,Charnwood 006,E02005350,5839,984,623,885,492,1094,1579,182
2021,Harborough 006,E02005372,8592,1089,721,1244,503,1497,3321,217
2021,Hinckley and Bosworth 001,E02005377,7417,1314,715,1027,523,1357,2273,208
2021,Hinckley and Bosworth 004,E02005380,7284,1140,634,1030,433,1251,2631,165
2021,Hinckley and Bosworth 005,E02005381,7276,1286,666,1008,491,1211,2398,216
2021,Hinckley and Bosworth 006,E02005382,8756,1900,1045,1333,584,1638,2020,236
2021,Hinckley and Bosworth 007,E02005383,7578,1661,1022,1130,529,1407,1653,176
2021,Hinckley and Bosworth 008,E02005384,6177,963,627,921,384,1134,1990,158
2021,Hinckley and Bosworth 009,E02005385,5611,895,584,787,360,990,1844,151
2021,Hinckley and Bosworth 010,E02005386,7615,1560,897,1146,509,1346,1945,212
2021,Hinckley and Bosworth 011,E02005387,8073,1503,967,1215,543,1545,2137,163
2021,Hinckley and Bosworth 012,E02005388,5092,1019,624,737,319,954,1319,120
2021,Hinckley and Bosworth 013,E02005389,5063,1088,553,721,304,865,1414,118
2021,Hinckley and Bosworth 014,E02005390,8625,1281,740,1152,562,1538,3148,204
2021,North West Leicestershire 001,E02005397,7748,1196,723,1114,520,1409,2624,162
2021,North West Leicestershire 002,E02005398,5889,748,470,680,326,1395,2172,98
2021,North West Leicestershire 003,E02005399,6705,918,551,931,309,1140,2711,145
2021,North West Leicestershire 004,E02005400,4884,1175,491,704,398,825,1188,103
2021,North West Leicestershire 005,E02005401,5391,794,441,692,354,967,2033,110
2021,North West Leicestershire 006,E02005402,5587,887,448,716,255,907,2233,141
2021,North West Leicestershire 007,E02005403,5607,1139,556,812,487,1043,1412,158
2021,North West Leicestershire 008,E02005404,7127,1357,759,1033,419,1371,2029,159
2021,North West Leicestershire 009,E02005405,5855,1410,729,838,384,944,1345,205
2021,North West Leicestershire 010,E02005406,6320,1516,783,990,450,1168,1230,183
2021,North West Leicestershire 011,E02005407,8884,1441,903,1318,617,1845,2564,196
2021,North West Leicestershire 012,E02005408,6466,1238,674,880,374,1196,1904,200
2021,North West Leicestershire 013,E02005409,9706,1994,1044,1426,673,1963,2375,231
2021,Shropshire 025,E02006008,8572,1215,810,1244,434,1625,3049,195
2021,Shropshire 027,E02006009,6961,1014,515,1130,364,1635,2167,136
2021,Shropshire 029,E02006010,9946,1778,970,1480,535,1724,3182,277
2021,Shropshire 031,E02006011,4831,883,481,699,304,766,1562,136
2021,Shropshire 033,E02006012,5385,1071,531,785,324,881,1630,163
2021,Shropshire 034,E02006013,6789,1234,675,965,379,1141,2215,180
2021,Shropshire 035,E02006014,8479,1697,870,1154,540,1412,2567,239
2021,Shropshire 002,E02006016,6962,1189,662,1024,418,1178,2349,142
2021,Shropshire 005,E02006018,10285,2159,1192,1584,677,1772,2571,330
2021,Shropshire 009,E02006020,6583,1226,665,1053,392,1151,1925,171
2021,Shropshire 013,E02006022,5048,718,457,721,311,1028,1691,122
2021,Shropshire 024,E02006038,6960,930,575,987,466,1382,2413,207
2021,Shropshire 028,E02006040,6603,947,558,904,323,1109,2599,163
2021,Shropshire 036,E02006043,5708,999,584,866,326,960,1817,156
2021,Shropshire 039,E02006046,7586,1447,704,1137,462,1274,2384,178
2021,Cannock Chase 001,E02006118,6310,1186,730,968,411,1189,1643,183
2021,Cannock Chase 002,E02006119,6672,1757,862,1068,394,1146,1244,201
2021,Cannock Chase 003,E02006120,7486,1767,949,1156,475,1378,1552,209
2021,Cannock Chase 004,E02006121,4843,1045,602,763,306,930,1093,104
2021,Cannock Chase 005,E02006122,6577,1260,727,1078,363,1315,1647,187
2021,Cannock Chase 006,E02006123,5298,980,595,805,339,1057,1407,115
2021,Cannock Chase 007,E02006124,5832,1706,691,962,362,934,992,185
2021,Cannock Chase 008,E02006125,6052,1594,843,915,378,1047,1097,178
2021,Cannock Chase 009,E02006126,6927,1376,777,1124,437,1358,1682,173
2021,Cannock Chase 010,E02006127,5712,696,639,954,320,1362,1647,94
2021,Cannock Chase 011,E02006128,7242,1519,786,1104,415,1325,1885,208
2021,Cannock Chase 012,E02006129,6757,1753,820,1077,380,1185,1362,180
2021,Cannock Chase 013,E02006130,6771,1495,805,1105,410,1295,1497,164
2021,East Staffordshire 001,E02006131,6533,1270,600,908,362,1093,2146,154
2021,East Staffordshire 002,E02006132,5638,1169,636,867,353,1067,1419,127
2021,East Staffordshire 003,E02006133,5816,1027,559,893,298,1096,1827,116
2021,East Staffordshire 004,E02006134,8671,1271,822,1170,530,1508,3151,219
2021,East Staffordshire 005,E02006135,6533,1067,668,948,455,1238,2007,150
2021,East Staffordshire 006,E02006136,7845,1255,711,1156,443,1302,2802,176
2021,East Staffordshire 007,E02006137,7189,1684,825,1100,454,1164,1694,268
2021,East Staffordshire 008,E02006138,6097,1530,772,923,302,982,1360,228
2021,East Staffordshire 009,E02006139,6473,1767,815,819,367,940,1503,262
2021,East Staffordshire 010,E02006140,6727,1348,788,1007,403,1160,1835,186
2021,East Staffordshire 011,E02006141,9489,2594,1170,1333,591,1335,1990,476
2021,East Staffordshire 012,E02006142,4438,713,382,653,281,836,1449,124
2021,East Staffordshire 013,E02006143,7509,1169,747,1067,454,1493,2387,192
2021,East Staffordshire 014,E02006144,6639,1712,869,1068,458,1045,1271,216
2021,East Staffordshire 015,E02006145,4898,654,395,681,270,817,1982,99
2021,Lichfield 001,E02006146,7225,1334,775,991,461,1391,2098,175
2021,Lichfield 002,E02006147,6919,956,589,957,333,1199,2718,167
2021,Lichfield 003,E02006148,6097,865,597,879,390,1083,2120,163
2021,Lichfield 004,E02006149,8781,1823,977,1187,392,1235,2917,250
2021,Lichfield 005,E02006150,9776,1402,909,1200,427,1575,4026,237
2021,Lichfield 006,E02006151,8072,1629,905,1233,514,1604,1996,191
2021,Lichfield 007,E02006152,8514,1081,710,1062,351,1404,3706,200
2021,Lichfield 008,E02006153,7525,951,581,1074,320,1358,3116,125
2021,Lichfield 009,E02006154,8334,1798,926,1199,585,1517,2051,258
2021,Lichfield 010,E02006155,4499,968,605,793,306,859,830,138
2021,Lichfield 011,E02006156,6762,1047,547,942,316,1026,2701,183
2021,Lichfield 012,E02006157,6088,1255,809,969,350,990,1508,207
2021,Newcastle-under-Lyme 016,E02006173,6014,821,473,832,356,1024,2364,144
2021,South Staffordshire 001,E02006174,9189,1553,840,1413,549,1644,2962,228
2021,South Staffordshire 002,E02006175,5530,1223,624,831,334,1031,1354,133
2021,South Staffordshire 003,E02006176,6222,1048,562,817,372,1054,2213,156
2021,South Staffordshire 004,E02006177,8224,1656,927,1224,602,1603,1991,221
2021,South Staffordshire 005,E02006178,6349,1496,774,997,448,1157,1332,145
2021,South Staffordshire 006,E02006179,8617,1881,984,1348,596,1475,2011,322
2021,South Staffordshire 007,E02006180,5714,1426,693,793,387,954,1310,151
2021,South Staffordshire 008,E02006181,4608,970,464,643,328,773,1324,106
2021,South Staffordshire 009,E02006182,5923,869,496,807,347,978,2271,155
2021,South Staffordshire 012,E02006185,5960,1311,625,790,394,1008,1654,178
2021,South Staffordshire 013,E02006186,10690,1954,975,1449,620,1886,3523,283
2021,South Staffordshire 014,E02006187,6138,1072,510,874,328,972,2211,171
2021,Stafford 002,E02006189,6139,995,474,862,412,985,2246,165
2021,Stafford 003,E02006190,9121,1552,816,1295,488,1524,3228,218
2021,Stafford 004,E02006191,6825,855,582,942,332,1191,2742,181
2021,Stafford 005,E02006192,7724,1016,655,1062,422,1313,3073,183
2021,Stafford 006,E02006193,6200,944,596,872,333,1175,2119,161
2021,Stafford 007,E02006194,6696,1289,742,962,392,1197,1923,191
2021,Stafford 008,E02006195,7413,1059,634,1010,438,1232,2802,238
2021,Stafford 009,E02006196,5918,968,668,929,339,1010,1842,162
2021,Stafford 010,E02006197,7801,1336,769,1096,399,1471,2525,205
2021,Stafford 011,E02006198,7391,1002,605,969,472,1466,2735,142
2021,Stafford 012,E02006199,7128,952,633,904,372,1201,2867,199
2021,Stafford 013,E02006200,6154,1399,749,1053,343,1091,1316,203
2021,Stafford 014,E02006201,9950,1086,837,1358,561,1653,4184,271
2021,Stafford 015,E02006202,7901,1240,754,1013,392,1353,2945,204
2021,Stafford 016,E02006203,6185,1316,711,933,349,1066,1642,168
2021,Tamworth 001,E02006217,8378,1623,952,1292,467,1644,2157,243
2021,Tamworth 002,E02006218,7039,1845,936,1129,350,1158,1431,190
2021,Tamworth 003,E02006219,6745,1401,875,1147,332,1269,1552,169
2021,Tamworth 004,E02006220,6103,1485,798,975,364,1120,1171,190
2021,Tamworth 005,E02006221,4854,886,585,772,285,947,1267,112
2021,Tamworth 006,E02006222,5551,1460,767,950,324,911,978,161
2021,Tamworth 007,E02006223,5098,1506,799,990,239,749,666,149
2021,Tamworth 008,E02006224,6098,1055,796,1085,363,1182,1454,163
2021,Tamworth 009,E02006225,6069,1165,775,962,356,1138,1510,163
2021,Tamworth 010,E02006226,7849,1473,1001,1416,409,1610,1766,174
2021,North Warwickshire 001,E02006468,9099,1972,988,1337,484,1693,2387,238
2021,North Warwickshire 002,E02006469,7071,1798,938,1169,436,1150,1417,163
2021,North Warwickshire 003,E02006470,9668,2532,1112,1568,513,1595,2102,246
2021,North Warwickshire 004,E02006471,5910,1167,687,888,370,1059,1591,148
2021,North Warwickshire 005,E02006472,8075,1733,946,1303,539,1463,1915,176
2021,North Warwickshire 006,E02006473,8711,1637,1007,1319,591,1595,2370,192
2021,North Warwickshire 007,E02006474,5358,1113,537,681,346,927,1603,151
2021,Nuneaton and Bedworth 001,E02006475,7671,1185,697,1098,481,1455,2595,160
2021,Nuneaton and Bedworth 002,E02006476,7339,1935,959,1124,396,1155,1576,194
2021,Nuneaton and Bedworth 003,E02006477,7086,912,602,1047,435,1373,2540,177
2021,Nuneaton and Bedworth 004,E02006478,6732,1194,797,1083,440,1396,1660,162
2021,Nuneaton and Bedworth 005,E02006479,7511,2070,995,1027,392,1060,1713,254
2021,Nuneaton and Bedworth 006,E02006480,6030,1553,837,969,363,968,1172,168
2021,Nuneaton and Bedworth 007,E02006481,5689,1457,750,918,373,931,1106,154
2021,Nuneaton and Bedworth 008,E02006482,5843,1224,717,897,366,1032,1459,148
2021,Nuneaton and Bedworth 009,E02006483,6340,1883,807,917,359,853,1283,238
2021,Nuneaton and Bedworth 010,E02006484,6278,1381,740,943,392,1144,1529,149
2021,Nuneaton and Bedworth 011,E02006485,5753,874,566,852,389,1015,1899,158
2021,Nuneaton and Bedworth 012,E02006486,5881,1418,777,902,369,1075,1189,151
2021,Nuneaton and Bedworth 013,E02006487,5675,1611,723,894,381,880,1022,164
2021,Nuneaton and Bedworth 014,E02006488,5252,1262,549,680,418,854,1333,156
2021,Nuneaton and Bedworth 015,E02006489,6373,1525,757,950,363,1047,1500,231
2021,Nuneaton and Bedworth 016,E02006490,6196,1420,785,954,407,1050,1388,192
2021,Rugby 003,E02006494,6015,1335,745,815,380,920,1558,262
2021,Rugby 004,E02006495,6528,1065,608,906,413,1182,2161,193
2021,Rugby 006,E02006497,6547,1323,781,935,498,1095,1687,228
2021,Rugby 007,E02006498,10669,1438,997,1626,625,1871,3891,221
2021,Rugby 012,E02006503,8158,987,672,1032,431,1227,3642,167
2021,Stratford-on-Avon 001,E02006504,5011,746,433,671,257,797,2000,107
2021,Stratford-on-Avon 002,E02006505,5958,968,507,794,279,890,2364,156
2021,Stratford-on-Avon 003,E02006506,4957,957,472,745,311,885,1432,155
2021,Stratford-on-Avon 004,E02006507,9097,1285,821,1294,543,1638,3311,205
2021,Stratford-on-Avon 005,E02006508,9133,1182,762,1117,445,1577,3858,192
2021,Stratford-on-Avon 006,E02006509,4994,998,513,702,272,789,1589,131
2021,Stratford-on-Avon 007,E02006510,5841,844,496,785,294,870,2421,131
2021,Stratford-on-Avon 008,E02006511,8743,1125,774,1214,447,1478,3499,206
2021,Stratford-on-Avon 009,E02006512,10418,1729,991,1281,518,1625,3942,332
2021,Stratford-on-Avon 010,E02006513,6885,710,501,820,258,1042,3410,144
2021,Stratford-on-Avon 011,E02006514,7660,1073,650,990,411,1134,3159,243
2021,Stratford-on-Avon 013,E02006516,8110,1046,677,994,342,1345,3559,147
2021,Warwick 001,E02006519,6712,664,374,700,303,1014,3519,138
2021,Warwick 002,E02006520,6994,696,447,830,320,1034,3527,140
2021,Warwick 003,E02006521,6128,709,469,710,324,886,2903,127
2021,Warwick 004,E02006522,4884,520,365,645,232,750,2273,99
2021,Warwick 005,E02006523,11074,1106,678,1038,444,3116,4403,289
2021,Warwick 006,E02006524,4448,912,531,555,229,648,1452,121
2021,Warwick 007,E02006525,11171,1108,602,1064,378,1831,5955,233
2021,Warwick 008,E02006526,7196,1224,699,849,387,1069,2785,183
2021,Warwick 009,E02006527,7952,736,461,665,242,1213,4510,125
2021,Warwick 010,E02006528,9559,1353,671,805,354,2060,4055,261
2021,Warwick 011,E02006529,10224,1509,852,1260,417,1534,4451,201
2021,Warwick 012,E02006530,10662,1191,688,1216,369,1434,5543,221
2021,Warwick 013,E02006531,8768,1560,759,818,333,2355,2698,245
2021,Warwick 014,E02006532,9119,923,625,1102,375,1493,4410,191
2021,Warwick 015,E02006533,8363,1340,800,976,450,1392,3203,202
2021,Bromsgrove 001,E02006696,5766,643,416,775,211,861,2731,129
2021,Bromsgrove 002,E02006697,6280,1023,518,852,321,968,2416,182
2021,Bromsgrove 003,E02006698,5308,928,605,763,400,1027,1452,133
2021,Bromsgrove 004,E02006699,4803,898,456,691,304,836,1480,138
2021,Bromsgrove 005,E02006700,5333,914,469,731,332,919,1808,160
2021,Bromsgrove 006,E02006701,5963,575,384,698,216,892,3068,130
2021,Bromsgrove 007,E02006702,4843,925,549,670,280,849,1419,151
2021,Bromsgrove 008,E02006703,6553,811,570,865,341,1095,2709,162
2021,Bromsgrove 009,E02006704,5711,984,450,754,292,845,2261,125
2021,Bromsgrove 010,E02006705,5937,1127,569,851,346,1036,1863,145
2021,Bromsgrove 011,E02006706,5863,1162,590,922,340,961,1699,189
2021,Bromsgrove 012,E02006707,5422,587,430,807,255,913,2315,115
2021,Bromsgrove 013,E02006708,6307,1122,766,1029,327,1047,1861,155
2021,Bromsgrove 014,E02006709,7009,1024,583,1020,373,1227,2617,165
2021,Malvern Hills 001,E02006710,7117,1185,655,1042,369,1178,2479,209
2021,Malvern Hills 002,E02006711,7167,1000,556,1018,427,1163,2835,168
2021,Malvern Hills 003,E02006712,6462,886,516,871,354,1088,2618,129
2021,Redditch 001,E02006721,5438,918,582,801,311,1016,1686,124
2021,Redditch 002,E02006722,4212,1034,617,721,238,695,763,144
2021,Redditch 003,E02006723,7249,1542,793,1200,359,1273,1892,190
2021,Redditch 004,E02006724,5537,1574,711,780,282,773,1199,218
2021,Redditch 005,E02006725,4482,1077,588,720,291,724,944,138
2021,Redditch 006,E02006726,5201,1171,637,772,280,854,1303,184
2021,Redditch 007,E02006727,4925,1004,594,776,343,826,1228,154
2021,Redditch 008,E02006728,6413,1049,586,996,418,1200,2020,144
2021,Redditch 009,E02006729,6155,1277,750,1044,359,1089,1430,206
2021,Redditch 010,E02006730,5119,1306,772,836,279,821,936,169
2021,Redditch 011,E02006731,4639,1000,497,702,259,826,1233,122
2021,Redditch 012,E02006732,5827,943,584,906,372,1105,1758,159
2021,Redditch 013,E02006733,5052,710,457,772,327,906,1770,110
2021,Worcester 001,E02006734,6773,945,525,839,385,1133,2789,157
2021,Worcester 002,E02006735,4184,1273,619,655,256,524,722,135
2021,Worcester 003,E02006736,5355,664,546,766,269,1022,1978,110
2021,Worcester 004,E02006737,6890,1231,624,924,390,1174,2409,138
2021,Worcester 005,E02006738,7117,1998,826,1117,417,991,1526,242
2021,Worcester 006,E02006739,5148,656,345,553,279,1740,1471,104
2021,Worcester 007,E02006740,6606,930,455,716,257,1268,2786,194
2021,Worcester 008,E02006741,4990,587,410,730,261,861,2022,119
2021,Wychavon 001,E02006748,7155,1215,675,971,377,1187,2580,150
2021,Wychavon 002,E02006749,4266,1034,589,639,253,691,942,118
2021,Wychavon 003,E02006750,4631,933,493,628,261,741,1412,163
2021,Wychavon 004,E02006751,4872,1043,532,731,282,759,1392,133
2021,Wychavon 005,E02006752,6834,809,631,997,332,1239,2660,166
2021,Wychavon 006,E02006753,6093,932,552,839,315,968,2320,167
2021,Wychavon 007,E02006754,4911,589,421,654,258,780,2108,101
2021,Wychavon 008,E02006755,5048,638,444,705,279,865,1986,131
2021,Wyre Forest 001,E02006767,8022,1627,711,1147,472,1312,2571,182
2021,Wyre Forest 002,E02006768,5791,1240,704,890,440,1048,1301,168
2021,Wyre Forest 003,E02006769,5927,1100,553,869,429,1126,1695,155
2021,Wyre Forest 004,E02006770,6584,1554,768,1085,384,1124,1472,197
2021,Wyre Forest 005,E02006771,5783,1210,567,840,383,898,1718,167
2021,Wyre Forest 006,E02006772,5560,1242,595,861,395,997,1274,196
2021,Wyre Forest 007,E02006773,6860,1601,783,1008,426,1102,1732,208
2021,Wyre Forest 008,E02006774,6179,1281,699,994,395,1117,1536,157
2021,Wyre Forest 009,E02006775,4725,1383,602,748,268,674,931,119
2021,Wyre Forest 010,E02006776,5370,914,582,819,357,1025,1541,132
2021,Wyre Forest 011,E02006777,6344,1262,589,900,394,950,2059,190
2021,Wyre Forest 012,E02006778,5910,1264,637,913,439,1066,1422,169
2021,Wyre Forest 013,E02006779,6491,1375,685,946,464,1160,1713,148
2021,Wyre Forest 014,E02006780,5019,1365,578,665,367,803,1090,151
2021,Coventry 043,E02006805,6895,1671,857,1016,328,1114,1630,279
2021,Nuneaton and Bedworth 018,E02006806,6937,1663,855,1007,421,1153,1614,224
2021,Birmingham 132,E02006807,6439,1097,617,897,257,1103,2325,143
2021,Solihull 030,E02006808,5344,863,480,753,232,971,1926,119
2021,Birmingham 133,E02006809,8256,1791,739,941,234,1224,3082,245
2021,Sandwell 039,E02006810,8780,2247,960,1181,533,1409,2138,312
2021,Wolverhampton 035,E02006894,10869,3300,1237,1401,418,1220,2613,680
2021,Birmingham 134,E02006895,7735,1118,455,575,173,1370,3843,201
2021,Birmingham 135,E02006896,5397,729,326,431,137,753,2860,161
2021,Birmingham 136,E02006897,7108,1102,523,614,203,1277,3160,229
2021,Birmingham 137,E02006898,6931,811,429,452,136,880,4039,184
2021,Birmingham 138,E02006899,5841,378,233,335,101,756,3925,113
2021,Birmingham 139,E02006900,11095,3763,1415,1497,219,1622,2155,424
2021,South Derbyshire 012,E02006919,8222,1377,914,1347,511,1743,2163,167
2021,South Derbyshire 013,E02006920,6383,1132,730,1093,386,1352,1539,151
2021,Sandwell 040,E02006943,5491,1763,606,558,197,730,1418,219
2021,Sandwell 041,E02006944,5696,1686,632,675,156,782,1481,284
2021,South Staffordshire 015,E02006982,10209,1552,1041,1524,622,1888,3291,291
2021,Birmingham 141,E02007038,10290,2769,1288,1414,482,1608,2419,310
2021,Birmingham 142,E02007039,5995,2035,704,765,153,819,1312,207
2021,Birmingham 143,E02007040,5194,1589,667,707,128,764,1097,242
2021,Rugby 013,E02007048,6375,916,541,850,492,1135,2307,134
2021,Telford and Wrekin 024,E02007050,6320,945,629,1017,308,1399,1867,155
2021,Telford and Wrekin 025,E02007051,6427,759,595,1002,313,1423,2223,112
