area_code,local_area_name,no_qualifications_pct,level2_qualifications_pct,level4plus_pct
E02001827,Hill Hook,14.04320987654321,13.850308641975309,41.76311728395062
E02001828,Four Oaks,15.753541559993172,13.381123058542414,41.252773510838026
E02001829,Little Sutton,10.513036164844408,13.246425567703954,46.285393888421645
E02001830,Sutton Coldfield North,11.153514711313553,11.264311215068325,49.43986211990644
E02001831,Reddicap Heath,19.69515122419587,14.198271723475756,30.700912145943352
E02001832,Rectory Park,14.04707668944571,12.923310554290053,41.94381169324222
E02001833,Kingstanding North,17.550426284050737,13.578706591807029,32.2104387606571
E02001834,Old Oscott,25.392726490208737,15.364751452550033,20.78760490639122
E02001835,Sutton Coldfield South,13.303673938002296,12.758323765786452,46.914466130884044
E02001836,New Oscott,15.482573726541554,11.849865951742627,41.702412868632706
E02001837,Kingstanding South East,31.896551724137932,15.26736631684158,18.46576711644178
E02001838,Walmley,14.928199463468518,13.965598863815686,37.16269528167903
E02001839,Queslett,25.303760848601737,14.754098360655737,22.777242044358726
E02001840,Perry Common College Road,28.4181568088033,14.05777166437414,21.471801925722147
E02001841,Wylde Green,14.19457735247209,11.463317384370017,45.91307814992025
E02001842,Perry Beeches West,20.202492211838006,13.878504672897197,30.2803738317757
E02001843,Kingstanding South West,24.820957406709386,14.888805126272144,21.54165096117603
E02001844,Chester Road,20.401174168297455,11.36252446183953,37.218688845401175
E02001845,Perry Beeches East,20.315809743886,14.134411708068553,26.766801463508568
E02001846,Short Heath,27.17202088938123,13.340718468112042,24.133565437569235
E02001847,Minworth,20.336759239011588,12.879947518040673,30.68007872293899
E02001848,Upper Witton,28.11685895050242,14.01190919240789,21.678451804986974
E02001849,Erdington Town,21.410967344423906,13.616759088108441,30.206407886629698
E02001850,Perry Barr,22.165259348612786,12.84680337756333,30.77503015681544
E02001851,Pype Hayes Park,24.1403121115868,13.478801270542743,27.661925148460156
E02001852,Stockland Green Marsh Hill,24.669051878354203,12.701252236135957,25.062611806797854
E02001855,Castle Vale,31.342125678820793,15.683992759244893,16.459787949314713
E02001856,Brookvale,26.371681415929203,12.430224642614023,25.881552076242343
E02001857,Gravelly Hill,27.764304320488638,12.099164645648074,26.49779933530944
E02001858,Handsworth East,23.486387647297846,10.700257347961534,32.22267370987404
E02001859,Birchfield East,33.05946791862285,11.398017736045905,21.67449139280125
E02001860,Handsworth West,31.246056782334385,12.287066246056783,22.129337539432175
E02001861,Birchfield West,30.11089681774349,13.199132111861138,23.288331726133077
E02001862,Middlemore,30.447522642514652,11.84070324986681,22.535961640916355
E02001863,Aston Park,37.46556473829201,12.364284556797926,18.74898719818506
E02001865,Handsworth South,35.70265239646347,12.087017217310377,19.50907398790135
E02001866,Lozells West,34.44134078212291,13.08659217877095,19.511173184357542
E02001867,Lozells East,33.48874598070739,12.604501607717042,20.787781350482316
E02001868,Hodge Hill,26.25364633976941,15.09931934990971,26.364772885122935
E02001869,Nechells,32.82459157351677,12.01633705932932,21.302665520206364
E02001870,Ward End,31.814713896457764,14.310626702997276,20.141689373297
E02001871,Buckland End,29.177760375880972,14.972592012529367,20.407204385277996
E02001872,Shard End,29.265697055693508,16.548421426037603,17.75452288045406
E02001873,Winson Green,30.546318289786225,11.342042755344417,24.643705463182897
E02001874,Washwood Heath,36.186549125550975,13.863216266173753,17.389449736954358
E02001875,Hockley,26.813831429453536,11.608521148502625,29.993825254708245
E02001876,North Central,12.407853441354646,7.3571272169914605,25.742646522151666
E02001877,Saltley East,37.40134965114949,13.748141370239049,18.368980899004917
E02001878,Saltley West,31.816179709293788,12.876229628542065,22.625165173983262
E02001879,Summerfield,31.475452532881885,11.368667795285845,24.755827581716368
E02001880,Glebe Farm,30.210244108931846,14.660646253703964,20.742204035558064
E02001881,Belchers Lane,35.303754266211605,13.133105802047782,18.30716723549488
E02001882,Stechford,29.46375074895147,12.792091072498502,23.996405032953863
E02001883,Kitts Green,30.656020040707688,16.03256614999217,18.302802567715673
E02001884,Bordesley Green North,34.64487198032692,14.639085780413714,18.457977723130334
E02001886,Rotton Park,20.738354806739345,9.94796828543112,41.66253716551041
E02001888,Kent's Moat,28.939450921399022,15.419330575404288,20.816096276795786
E02001889,Little Bromwich,34.82694684796044,13.396168108776267,20.41100123609394
E02001890,Edgbaston North,14.383158885099377,8.349994119722451,50.93496413030695
E02001892,Yardley Fields,31.849529780564264,13.191222570532915,20.752351097178682
E02001893,Yardley,25.977613025149004,13.243203954063091,26.878906817851433
E02001895,Sheldon North,29.555652048053265,15.74757562599508,18.28050369083804
E02001896,Small Heath Park,34.70180305131761,12.871012482662968,20.110957004160888
E02001897,Sparkbrook North,33.22693903606767,12.288541334184488,19.27864666453878
E02001898,Lyndon Green,22.41185296324081,14.403600900225056,24.831207801950487
E02001899,Harborne West,15.009353863865304,9.656065620952655,53.96459922290977
E02001900,Five Ways South,20.063044687557944,9.345447802707213,42.83330242907473
E02001901,Harborne East,9.705882352941176,7.132352941176471,64.45588235294117
E02001902,Yardley South,22.856558215674237,15.65377532228361,25.557601800695725
E02001903,Sparkbrook South,36.153450933379006,13.358451789690015,19.55814351772564
E02001904,Hay Mills,28.51799073744211,14.250089063056643,21.767011043819025
E02001905,Edgbaston South,7.18562874251497,5.432770821992379,40.60968971148612
E02001906,Quinton Ridgacre,19.17307943132907,13.368983957219251,32.97247945741489
E02001907,Sheldon South,22.20381110190555,14.924843176707302,24.547283702213278
E02001908,Sparkhill North,36.23543838136113,13.350705088902513,18.68485591661557
E02001909,Balsall Heath East,34.380714879467995,12.967581047381547,22.044887780548628
E02001910,Balsall Heath West,32.21649484536083,12.739322533136965,22.882916053019144
E02001911,Quinton East,25.285915713614287,12.736957543474855,28.669904433651887
E02001913,Metchley,16.616217938505656,6.754819181137486,46.16855185598216
E02001914,Moor Green,20.842293906810035,9.838709677419354,42.204301075268816
E02001915,Acocks Green East,24.055812001678557,12.977339488040286,29.04951741502308
E02001916,Acocks Green West,27.02256466703357,14.556962025316455,24.834892680242156
E02001918,Moseley Village,17.112520683949256,8.714837286265858,51.227247655819085
E02001919,Moseley,21.913256383350824,9.916054564533054,41.85029730675061
E02001920,Woodgate Valley,25.669981459632563,14.933423226023933,24.72610820832631
E02001921,California,23.186721991701244,12.049792531120332,35.25311203319502
E02001922,Selly Oak,5.362651788644569,3.1375123071873974,19.855595667870038
E02001923,Springfield,25.74013157894737,12.922932330827068,29.405545112781954
E02001924,Hall Green East,22.951120911429623,13.230429988974642,31.385520029400954
E02001925,Selly Oak Park,16.61510464058235,8.844404003639672,45.18653321201092
E02001926,Stirchley North,16.498625114573784,8.967308279865566,43.93522761992056
E02001927,Weoley Castle,26.125816431763493,13.819181849432795,25.85080783774493
E02001928,Woodgate,26.35586924219911,15.156017830609212,22.065378900445765
E02001929,Fox Hollies,27.182011708355507,16.205428419372005,22.166045769026077
E02001930,Kings Heath,13.316220118722926,9.818706882721001,53.10444408791914
E02001931,Wake Green East,18.779274004683842,11.943793911007026,39.0076112412178
E02001932,Bartley Green,23.82321236076177,14.444843693855551,26.392382321236077
E02001933,Kings Heath Park,21.263609369844936,12.669086110194655,36.159683272847246
E02001934,Hall Green Central,20.88664624256623,12.723013155523518,35.4117859073707
E02001935,Shenley Lane,19.064124783362217,12.11596029620293,35.623129037340476
E02001936,Brandwood North,14.858260019550341,11.436950146627566,46.666666666666664
E02001937,Billesley Common,26.459940185739022,13.851723595151897,26.774752085628837
E02001938,Bournville East,14.75282814194948,11.436541143654114,47.14086471408647
E02001939,Bournville West,23.323053199691596,12.548188126445643,35.23515805705474
E02001941,Yardley Wood West,25.399099467867376,16.045845272206304,24.907900122799838
E02001942,Cotteridge,17.10453793863678,11.850082674995408,41.20889215506155
E02001943,Brandwood East,22.664326116637408,14.023795591964111,31.304856641310707
E02001944,Brandwood End,19.385707670936874,13.674949837937953,32.30436795801821
E02001945,Allens Cross,27.538930264048748,16.130670277589708,22.78266756939743
E02001946,Northfield Victoria Common,17.68018018018018,12.966537966537967,35.68211068211068
E02001947,Druids Heath,31.240593420769727,13.717480111803914,17.99612986454526
E02001948,Highter's Heath,22.273035230352303,15.531842818428185,22.408536585365855
E02001949,Lifford,21.49493243243243,14.67483108108108,29.72972972972973
E02001950,Longbridge North,21.23169681309216,14.628194085558427,27.44760264140109
E02001951,Frankley,28.76596939491787,15.091955636669942,20.131966867892743
E02001952,Turves Green,26.962899050905953,15.041702617198734,21.368996261144666
E02001953,King's Norton,21.53473902523332,14.20670584168683,31.593501555478742
E02001954,Hawkesley,28.13708260105448,14.53427065026362,22.02108963093146
E02001955,Longbridge South,22.511848341232227,14.502369668246445,26.9826224328594
E02001956,Rubery East,19.715184020713888,16.01627519881635,27.556870723136676
E02001957,West Heath,21.129872179264638,14.644153384882436,24.86981221398138
E02001958,Longford,24.035469819539514,13.923459863098943,25.35780958307405
E02001959,Keresley,22.852957333821646,14.594396630653726,25.563083684306903
E02001961,Bell Green,28.56908164941679,15.26203384261541,19.911286347954658
E02001962,Little Heath,25.175860792299147,13.976305072195483,25.175860792299147
E02001963,Whitmore Park,20.783847980997624,13.499604117181315,26.623119556611243
E02001964,Henley Green,26.282133265123417,14.477554674510808,25.156669650850493
E02001965,Walsgrave,20.351413292589765,14.300993124522536,29.136745607333843
E02001966,Foleshill West,30.127376776813733,13.457633376407605,23.980062765368285
E02001967,Brownshill Green,16.522040958000694,12.322110378340854,33.07879208608122
E02001968,Radford East,24.29237429237429,14.002664002664003,25.308025308025307
E02001969,Radford West,26.641580432737534,13.828786453433679,24.026340545625587
E02001970,Wyken Croft,23.22113336173839,12.462718363868769,27.311461440136345
E02001971,Coundon,16.229941092829577,14.503351614868983,28.84420069063579
E02001972,Foleshill East,28.930965541573563,11.995766200164647,26.64941785252264
E02001973,Stoke Heath,26.142017186793307,13.493140358812001,25.538971807628524
E02001974,Sherbourne,15.863323372742627,13.680654800571652,32.72703650773028
E02001975,Ravensdale,18.772924308102702,15.038346115371791,26.675558519506502
E02001976,Clifford Park,21.107382550335572,14.110738255033556,28.758389261744966
E02001977,Naul's Mill,23.307626392459298,11.164157179581345,30.395397233443507
E02001978,Barras Heath,20.90840840840841,13.682432432432432,27.4024024024024
E02001979,Allesley Park,14.402936730727705,14.942776938026345,31.418700064780825
E02001980,Allesley Green,15.59074299634592,13.01258627689809,33.0694275274056
E02001981,Hillfields,22.05698935047491,10.496018420800153,25.693178547443154
E02001982,Eastern Green,14.017595307917889,13.885630498533724,34.69208211143695
E02001983,Whoberley,16.95457453614843,13.579654510556622,31.765834932821498
E02001984,Copsewood,18.112706648968263,12.779051526487269,33.63098829491975
E02001985,Lower Stoke,14.737738834124377,7.752221005233054,25.897529511987344
E02001986,Tile Hill,19.83964785411099,15.956610595818267,26.238012891054865
E02001987,Chapelfields,12.737752161383286,8.626320845341018,40.80691642651297
E02001988,Central Coventry,11.165893271461718,7.753286929621036,38.45707656612529
E02001989,Earl Place,14.931588340273647,13.543525679159231,30.339083878643663
E02001990,Binley,17.168235450086172,13.045207477131115,32.13575500464006
E02001991,Earlsdon,10.762886597938145,9.49828178694158,51.670103092783506
E02001992,Ernesford Grange,23.955637707948245,15.341959334565619,25.927295132470732
E02001993,Canley,16.303906989319994,10.314992564553197,33.05394078680546
E02001994,Cheylesmore Daventry Road,16.653744766630485,12.172429834082804,39.23088850984649
E02001995,Whitley,18.18659658344284,10.749014454664914,38.14717477003942
E02001996,Willenhall,24.79540309942539,14.696151837018979,24.63869057983632
E02001997,Stivichall,12.216678545972915,12.03136136849608,45.41696364932288
E02001998,Finham Park,12.811606048222313,14.201062525541479,41.68369431957499
E02001999,Cannon Park,7.415948537443865,7.015414492050006,32.467532467532465
E02002000,Coseley Wallbrook,28.7476141535751,16.5614447217736,18.088386433710173
E02002001,Sedgley East,23.87881203906717,15.028901734104046,23.04165836157066
E02002002,Sedgley West,20.585267406659938,13.319878910191726,28.321560713084427
E02002003,West Coseley,26.44605864944848,14.689265536723164,20.016142050040354
E02002004,Woodsetton,27.372081470442126,15.747640337804272,20.533200861069712
E02002005,Dudley Priory,27.69991755976917,14.71558120362737,20.967298708436385
E02002006,Upper Gornal,26.256015399422523,15.091434071222329,20.55822906641001
E02002007,Lower Gornal,24.750366129676475,14.285714285714286,22.15417387831181
E02002008,Dibdale,15.558194774346793,15.469121140142517,31.160926365795724
E02002009,Kates Hill,30.64303224589855,13.916650952291157,21.742409956628325
E02002010,New Dock,27.57520510483136,13.947128532360985,23.670616833789122
E02002011,Kingswinford North,19.128863910076273,14.933761541549579,27.077478924126858
E02002012,Russell's Hall,30.267857142857142,14.955357142857142,19.910714285714285
E02002013,Wall Heath,19.460227272727273,13.849431818181818,29.545454545454547
E02002014,Dixons Green,27.147385103011093,14.928684627575278,22.614896988906498
E02002015,Pensett,21.68273444347064,15.407537248028046,24.171779141104295
E02002016,Brockmoor,31.96192320103259,15.505001613423685,16.32784769280413
E02002017,Netherton,29.31864038491386,15.831134564643799,18.981840757411145
E02002018,Kingswinford South,18.438959306204136,14.516344229486323,29.35290193462308
E02002019,Dudley Wood,30.04128819157721,15.342691990090835,17.09331131296449
E02002020,Wordsley,19.984945427173503,14.590390164345754,25.95659264835027
E02002021,Brierley Hill,26.443232841565106,15.36241180243746,19.547787042976267
E02002022,Hawbush,22.539270788298026,17.365614641879233,21.6169476869866
E02002023,Ashwood,21.54326494201606,15.477252453166816,23.08206958073149
E02002024,Quarry Bank,25.602495038276157,15.89169265664871,20.172951516869862
E02002025,Shell Corner,23.218586202011615,13.528828445955519,26.476838079048022
E02002026,Amblecote East,22.535707988009168,16.734262034914476,20.27861047434315
E02002027,Withymoor Village,13.533012680367293,17.79623961521644,29.208570179274158
E02002028,Wollaston,19.39281288723668,14.188351920693927,30.173482032218093
E02002029,Quinton West,19.30441578741696,14.517389605314577,29.699101211410706
E02002030,Amblecote West,23.191566703017084,15.503453289712832,23.609596510359868
E02002031,Cradley West,23.756365060712888,14.414414414414415,22.698785742264004
E02002032,Cradley East,23.544647261963494,16.465219536260484,22.85397138628515
E02002033,Hawne,20.191552834039882,14.915999371957922,26.07944732297064
E02002034,Stourbridge Town,18.14445096887845,13.578978273634762,36.03934233705226
E02002035,Halesowen East,17.667914122513295,14.792200118180027,33.504037817608825
E02002036,Lye,27.77568686488521,14.753481369966128,20.756492284531426
E02002037,Norton North,18.430173292558614,15.229357798165138,29.80632008154944
E02002038,Halesowen Town,22.002518891687657,15.780856423173804,25.894206549118387
E02002039,Oldswinford,16.361511492014024,14.277366575769381,37.865212310089596
E02002040,Norton South,15.450387751043944,12.944919467090873,40.42553191489362
E02002041,Pedmore Fields,19.781063952371806,14.461302093335894,32.07221048588438
E02002042,Hayley Green,16.659142212189618,15.485327313769751,31.81339352896915
E02002043,Wood Green,28.51057579318449,15.129259694477085,20.299647473560515
E02002044,Yew Tree,23.059508408796894,15.378395860284606,26.617076326002586
E02002045,Woods,29.238048621308533,15.532713330070159,19.20378528308044
E02002046,Friar Park,38.27993254637437,14.044808479884365,12.743917128402794
E02002047,Wednesbury,33.52300438953016,13.37993822142741,18.07836124207446
E02002048,Great Barr,20.542432195975504,12.808398950131233,31.828521434820647
E02002049,Princes End,28.324628364805143,14.965849738850943,18.521494576134995
E02002051,Ocker Hill,35.88718632023096,15.189873417721518,15.278703086831001
E02002052,Stone Cross,30.932636601158695,13.234124730205611,19.45927524707486
E02002053,Hamstead East,24.50148075024679,14.234945705824284,26.69299111549852
E02002054,Hamstead West,23.3502538071066,12.521150592216582,27.55922165820643
E02002055,Wednesbury South,30.967816624218568,12.815466543181293,20.861310488539015
E02002056,Tibbington,32.79742765273312,14.804394426580922,16.907824222936764
E02002057,Tipton,31.212085167122638,13.869394552158916,20.494825740454385
E02002058,Great Bridge,29.07185346048532,13.860825228967991,23.113964686998393
E02002059,West Bromwich North,29.22422954303932,13.10308182784272,23.028692879914985
E02002060,Greets Green West,34.58523245214221,11.2306289881495,19.453053783044666
E02002061,Greets Green East,34.80007303268213,11.593938287383605,20.321343801351105
E02002062,West Bromwich East,32.98808172531214,11.421679909194097,21.892735527809307
E02002063,North Tividale,26.507237256135934,12.976714915040906,25.575833857772185
E02002064,Tividale,25.778743661388802,16.040567111663044,21.090758563593088
E02002065,Smethwick North,34.48765256883338,11.524269088844735,21.9320654745009
E02002066,Oldbury,32.997762863534675,11.936720997123683,21.30073505912432
E02002067,Rowley West,25.961346881848975,16.019127316198446,21.219366407650927
E02002069,Whiteheath,28.105726872246695,14.343612334801762,21.920704845814978
E02002070,Smethwick South,34.248704663212436,11.865284974093264,20.375647668393782
E02002071,Rowley East,29.033485540334855,15.525114155251142,17.294520547945204
E02002072,Langley Green,26.243711570709895,14.100055897149245,23.89603130240358
E02002073,Warley East,32.56506741925369,13.577924114142364,20.77453747256193
E02002074,Warley West,28.159066482419775,14.570858283433134,21.94073391678182
E02002075,Blackheath,26.72876093705899,15.481230595540502,21.450747953711545
E02002076,Bearwood,18.18716892289582,11.40670982931136,41.36550912301354
E02002077,Old Hill,27.24547446097083,14.700795572466275,21.134555517122102
E02002078,Warley South,20.64272211720227,12.967863894139887,33.0812854442344
E02002079,Brandhall,25.32126168224299,15.143107476635514,24.649532710280372
E02002080,Cradley Heath,27.16433385173665,14.947295662692241,21.289096250216
E02002081,Castle Bromwich West,24.532405393649412,13.571117877337972,25.163114397564158
E02002082,Smith's Wood North,28.201634877384198,18.097184377838328,16.575840145322434
E02002083,Castle Bromwich East,21.60983346550357,15.206185567010309,23.45360824742268
E02002084,Smith's Wood South,28.82618067803253,15.520282186948853,17.166372721928276
E02002085,Kingshurst,25.808359621451103,17.33044164037855,19.53864353312303
E02002086,Chelmsley Wood West,30.2522836015659,17.81209221400609,16.485428447150934
E02002087,Fordbridge,28.990090659919883,16.635041113219483,17.204301075268816
E02002088,Chelmsley Wood East,29.107532751091703,17.317139737991265,16.88045851528384
E02002089,Marston Green,22.04051012753188,15.543885971492873,25.941485371342836
E02002090,Lyndon North,18.329514684440742,14.892730681108102,30.889398042074568
E02002091,Elmdon Park,17.7902321857486,14.507606084867895,28.310648518815054
E02002092,Lyndon South,20.55790363482671,14.04902789518174,29.180050718512256
E02002093,Olton,18.406445837063565,12.641002685765443,36.88451208594449
E02002094,Ulverley Green,12.424849699398798,12.82565130260521,46.57314629258517
E02002095,Elmdon Heath,16.10169491525424,14.322033898305085,37.79661016949152
E02002096,Lode Heath,14.216382575757576,11.576704545454545,45.97537878787879
E02002097,Meriden,14.991816693944353,13.387888707037643,41.04746317512275
E02002098,Shirley East,14.967824967824967,13.886743886743886,39.716859716859716
E02002099,Central Solihull,9.973707274320772,11.86678352322524,54.14548641542507
E02002101,Solihull Lodge,19.93060909791827,14.726291441788744,29.64533538936006
E02002102,Blossomfield,14.842749395189982,13.761206773872207,39.51899814999288
E02002103,Shirley Heath,17.028772753963594,13.544724995106675,34.97749070268154
E02002104,Monkspath North,9.961057593769215,13.404386144701784,48.02213568354171
E02002105,Balsall Common,11.73266597968497,12.822022670395995,46.695127336964525
E02002106,Knowle,10.906586526421238,12.597044828449787,47.89631855747558
E02002107,Monkspath South,11.294274894185788,12.007128536422366,45.934506571619515
E02002108,Dorridge,9.968132568514978,13.154875717017209,50.63097514340344
E02002109,Dickens Heath,9.722942824530456,13.25101172564076,45.31493203279029
E02002110,Brownhills West,22.257720979765708,15.530706425275115,22.133475328363506
E02002111,Brownhills,29.929714955095665,15.033190160093714,16.673174541194847
E02002112,Pelsall North,23.06108442004118,15.740105239075726,23.518645618851522
E02002113,Walsall Wood,25.95744680851064,15.667311411992262,22.340425531914892
E02002114,Pelsall South,25.725490196078432,13.823529411764707,22.215686274509803
E02002115,Little Bloxwich,28.10098792535675,14.47127698499817,19.886571533113795
E02002116,Aldridge North,20.958712386284116,14.17074877536739,28.358992302309307
E02002117,Bloxwich Central,24.70272343690065,14.039125431530495,23.206751054852322
E02002118,Bloxwich North West,31.550522648083625,15.313588850174217,17.229965156794425
E02002119,Shelfield,24.066897817662657,14.032225168264327,24.16887619824597
E02002120,Ashmore,22.949494949494948,15.070707070707071,24.0
E02002121,Blakenall North,34.318001586042826,13.620142743854084,17.18873909595559
E02002122,Blakenall South,30.526941362916006,14.877179080824089,21.09746434231379
E02002123,New Invention,28.64003073376873,15.117172493276987,18.72839031886285
E02002124,Aldridge Central,22.692706533010714,14.103007258900796,26.080193570687868
E02002125,Rushall,24.883086515978174,13.77630553390491,22.973499610288385
E02002126,Bloxwich South,33.66217032413932,15.421783772901147,16.529092007247836
E02002127,Walsall Ryecroft,30.875963559915906,13.903293622985284,21.037140854940436
E02002128,Short Heath East,29.218817436340096,15.084160552438497,17.50107898144152
E02002129,Short Heath West,27.54491017964072,14.930139720558882,18.642714570858285
E02002130,Leamore,31.090803033249077,14.621816060664981,19.50223604899864
E02002131,Aldridge South,17.34865900383142,14.329501915708812,33.97701149425287
E02002132,Bentley,30.848693538586186,14.766052258456552,18.37148065626899
E02002133,Walsall North East,20.702920090924987,12.921839482426998,34.131841230984435
E02002134,Willenhall Park,29.094493733277,13.885368257991832,19.70145049992959
E02002135,Walsall West,30.869565217391305,14.11371237458194,22.976588628762542
E02002136,Willenhall Town,27.41909772038897,13.837079547266061,21.85557149689144
E02002137,Streetly North,16.41849529780564,12.5,37.06896551724138
E02002138,Walsall East,23.330699328328723,12.188858158830502,35.18372184907151
E02002139,Walsall Central,27.68683274021352,11.791221826809016,26.358244365361802
E02002140,Pleck,30.905945265806857,13.463353255740799,22.14532871972318
E02002141,Streetly South,16.197316197316198,13.58911358911359,33.471933471933475
E02002142,Darlaston East,29.473304473304474,15.115440115440116,19.67893217893218
E02002143,Palfrey,31.59038435420345,13.785141925845444,20.331386663044956
E02002144,Walsall South East,17.143361581920903,11.528954802259888,43.855932203389834
E02002145,Darlaston Central,28.63393291200778,15.313563441905687,19.348565872630044
E02002146,The Delves,26.619718309859156,14.507042253521126,24.346076458752513
E02002147,Darlaston West,29.093309859154928,15.654342723004694,19.586267605633804
E02002148,Pheasey,21.16788321167883,14.813224559896952,26.234435379991414
E02002149,Bushbury,26.839403568809583,15.436323637252505,21.46174529454901
E02002150,Fordhouses,22.56443861948449,14.438619484491044,25.032765399737876
E02002151,Pendeford,23.505434782608695,15.828804347826088,23.66394927536232
E02002152,Bushbury Hill,31.066923241394058,15.971776779987172,17.618131280735515
E02002153,Ashmore Park,28.842691111474874,15.681780978883614,18.366344737272875
E02002154,Oxley Park,19.539025667888946,14.859437751004016,30.539549502357254
E02002155,Low Hill,30.16821602478973,16.201859229747676,19.034971226206284
E02002156,Wood End,24.2046818727491,15.066026410564225,23.01920768307323
E02002157,Tettenhall North,16.627450980392158,14.870588235294118,33.772549019607844
E02002158,Wednesfield North East,27.61485826001955,15.02117953730857,18.914956011730204
E02002159,Park Lane,29.163909110964042,13.787778513125966,21.773659827928523
E02002160,Wednesfield Town,26.40827722121859,13.1877155526359,24.14189522089013
E02002161,Whitmore Reans,25.788673508171797,12.9038388445458,27.27099961991638
E02002162,Tettenhall South,19.272339777743948,11.280255746688994,39.22971532957832
E02002163,Heath Town,27.363128491620113,13.262569832402235,25.675977653631286
E02002164,Waterloo Road,29.206049149338373,10.283553875236295,23.87523629489603
E02002165,West Park,22.17477504956535,12.215952417263992,34.344974836053076
E02002166,East Park,30.209481808158767,15.986769570011026,20.024807056229328
E02002167,Castlecroft,18.23774199384838,11.905192690428803,36.54785597973584
E02002168,Wolverhampton Central,24.357590153314618,11.941265385445908,29.30252645217016
E02002169,Compton,16.30701993990713,12.701447691887463,40.11199125921879
E02002170,Bilston North West,31.902086677367578,14.285714285714286,18.39887640449438
E02002171,Bilston North East,31.177446102819236,15.406301824212273,18.35820895522388
E02002174,Bradmore,17.6591052299937,12.224322621298047,36.51543793320731
E02002175,Bilston Lunt,32.3408455338049,13.94966277348248,20.003290014805067
E02002176,Merryhill South,20.83934006086817,15.168989267980137,27.566874899887875
E02002177,Ettingshall,27.412380518889396,13.598088302230314,24.89758761948111
E02002178,Goldthorn Park,24.354790863245327,11.56926727973895,33.23939483832691
E02002179,Upper Penn,16.115702479338843,13.467317806160782,36.194590533433505
E02002180,Ettingshall Park,26.291706387035273,14.108674928503337,22.8789323164919
E02002181,Bradley,29.36064556176288,14.245810055865922,21.49286157666046
E02002182,Woodcross,27.704979408461252,14.22688131785848,21.040808685885438
E02002809,Spondon South,20.9657594381036,14.767339771729587,23.143107989464443
E02002812,Littleover East,17.490257209664847,11.86282151208106,39.937646141855026
E02002813,Rose Hill,34.90862530555232,11.756489349319056,22.51193109067629
E02002814,Mickleover South,14.097929674663161,11.961879723956622,38.53105488005258
E02002815,Normanton North,30.056444026340547,12.605832549388523,25.03919724051427
E02002816,Littleover West,11.881188118811881,12.627153126271532,46.42614946426149
E02002817,Normanton West,19.429347826086957,12.092391304347826,33.850931677018636
E02002818,Normanton South,28.439637346906313,14.188006998568474,21.775091458565292
E02002819,Wilmorton,19.66870376326793,13.605660984239305,28.063686072692185
E02002820,Alvaston,22.717895822588964,14.956162970603403,22.87261474987107
E02002821,Allenton,28.047712847450207,14.696870212300285,20.24513022543226
E02002822,Sunny Hill,19.865258557902404,13.729060451565914,28.44136926438456
E02002823,Boulton,24.916093974748282,13.408981940226946,20.64887326194662
E02002824,Sinfin,24.157575757575756,15.442424242424243,22.036363636363635
E02002825,Chellaston West,18.062678062678064,13.675213675213675,33.74643874643875
E02002826,Chellaston East,13.962530929657122,14.174620007069636,34.959349593495936
E02002905,Wigmore,14.412253183244141,14.59678907547518,37.79295072891677
E02002908,Shobdon,14.930875576036867,13.759052007899934,37.03752468729427
E02002909,Bromyard,18.26171875,14.171006944444445,33.30078125
E02002928,Newport North,15.155695703586913,12.790697674418604,33.79976350019708
E02002929,Edgmond,13.67998604083057,12.388762868609318,35.80526958645961
E02002930,Newport South,16.49214659685864,14.74694589877836,29.616055846422338
E02002931,Muxton,15.83470469921375,14.938745657341379,32.67507771073323
E02002932,Donnington,25.68557071069634,16.97056712132089,18.205312275664035
E02002933,Dothill,15.619416319237642,16.885050625372244,27.76950565812984
E02002934,Apley,18.029225908372826,15.264612954186413,28.94944707740916
E02002935,Wrockwardine Wood,25.571351448623357,16.28576570091776,18.661148101493612
E02002936,Hadley,20.34918013448154,15.72490267783414,24.761118320160435
E02002937,Ironbridge,15.426695842450766,14.365426695842451,35.47045951859956
E02002938,Wellington East,23.579496090356212,14.387489139878367,25.056472632493485
E02002939,Wellington West,18.833227647431833,14.441978440076094,29.89854153455929
E02002940,St George's,21.431492842535786,16.073619631901842,21.4519427402863
E02002941,Oakengates,22.71455223880597,16.324626865671643,22.22481343283582
E02002942,Priorslee,11.056393963463066,15.05957108816521,37.601270849880855
E02002944,Malinslee,26.111709493768274,16.60255423911371,17.541160178488997
E02002945,Hollinswood,22.764336318673973,16.441652185536693,22.22964844272156
E02002946,Dawley,23.13812858052196,16.295353278166772,20.942075111394015
E02002947,Brookside,24.475394614670382,17.02878365831012,18.848653667595173
E02002948,Woodside,27.414045354791515,18.306510607168985,15.98390636430139
E02002949,Madeley,24.249726177437022,15.553121577217963,22.93537787513691
E02002950,Sutton Hill,28.371161548731642,15.665331553182021,17.378727191811304
E02004077,Doveridge,13.292665626329976,14.938289119023976,38.92750744786495
E02004086,Borrowash,15.880187416331994,14.156626506024097,33.19946452476573
E02004088,Long Eaton West,14.046613483497575,14.359455654622243,34.50649147505084
E02004090,Breaston,17.074132492113566,13.978706624605678,31.269716088328074
E02004091,Long Eaton South,17.369631901840492,16.01482617586912,27.019427402862984
E02004092,Sawley,20.69323640140205,14.046475399195119,24.5229131507205
E02004118,Hatton,13.568156689306587,13.189069657242142,37.734954983414944
E02004119,Hilton,9.570291777188329,14.058355437665783,40.763925729442974
E02004120,Willington North,14.04430235213519,12.662708380908883,35.887188855903176
E02004121,Aston-on-Trent,11.180703624733475,12.993070362473347,40.72494669509595
E02004122,Willington South,11.295681063122924,13.918517223290785,41.86046511627907
E02004123,Melbourne,14.734982332155477,12.63250883392226,40.24734982332156
E02004124,Swadlincote North,21.46690518783542,17.352415026833633,21.80842413400553
E02004125,Swadlincote West,22.013723568127713,16.692340008402184,19.941184708024085
E02004126,Swadlincote Central,22.65905383360522,15.67699836867863,22.088091353996738
E02004128,Castle Gresley,19.106074913440352,14.982688070506768,28.800755429650614
E02005335,Kirby Muxloe,15.213537469782434,13.650282030620467,38.32393231265109
E02005342,Cosby,17.177914110429448,13.944619466091858,28.88409882274913
E02005344,Stoney Stanton,15.846849242222813,14.570592927412923,31.294868386067535
E02005349,Shepshed West,18.285362474988457,14.221948591657688,26.75080806526089
E02005350,Shepshed East,16.85220071930125,15.15670491522521,27.042301764000683
E02005372,Dunton Bassett,12.674581005586592,14.478584729981378,38.652234636871505
E02005377,Markfield,17.716057705271673,13.846568693541863,30.645813671295674
E02005380,Market Bosworth,15.650741350906095,14.14058209774849,36.12026359143328
E02005381,Desford,17.67454645409566,13.853765805387576,32.95766904892798
E02005382,Earl Shilton,21.699406121516674,15.22384650525354,23.069894929191413
E02005383,Barwell,21.918712061229876,14.911586170493534,21.813143309580365
E02005384,Stoke Golding,15.590092277804759,14.910150558523554,32.21628622308564
E02005385,Hinckley East,15.950810907146677,14.026020317234005,32.86401710924969
E02005386,Hinckley Central,20.485883125410375,15.04924491135916,25.541694024950754
E02005387,Hinckley West,18.617614269788184,15.050167224080267,26.47095255790908
E02005388,Hinckley Clarendon Park,20.011783189316574,14.473684210526315,25.903377847604084
E02005389,Burbage St Catherines,21.489235631048786,14.240568832707881,27.9281058660873
E02005390,Burbage Sketchley,14.852173913043478,13.356521739130434,36.49855072463768
E02005397,Castle Donington,15.436241610738255,14.37790397521941,33.866804336602996
E02005398,Kegworth,12.70164713873323,11.546951944302938,36.88232297503821
E02005399,Ashby de la Zouch North,13.691275167785236,13.885160328113349,40.432513049962715
E02005400,Thringstone,24.05814905814906,14.414414414414415,24.324324324324323
E02005401,Packington,14.728250788350955,12.836208495640882,37.710999814505655
E02005402,Ashby de la Zouch South,15.876141041703956,12.81546447109361,39.96778235188831
E02005403,Whitwick,20.313893347601212,14.481897627965044,25.182807205279115
E02005404,Donisthope,19.0402693980637,14.494177073102287,28.4692016276133
E02005405,Agar Nook,24.08198121263877,14.312553373185311,22.971818958155424
E02005406,Coalville,23.9873417721519,15.664556962025317,19.462025316455698
E02005407,Hugglescote,16.220171094101755,14.835659612787033,28.860873480414227
E02005408,Measham,19.14630374265388,13.609650479430869,29.446334673677697
E02005409,Ibstock,20.543993406140533,14.691943127962086,24.469400370904594
E02006008,Shifnal,14.1740550629958,14.512365842277182,35.56929538030798
E02006009,Cosford,14.566872575779342,16.233299813245225,31.130584686108318
E02006010,Much Wenlock,17.876533279710436,14.880353911120048,31.992760908908103
E02006011,Bridgnorth West,18.277789277582283,14.469054026081556,32.332850341544194
E02006012,Bridgnorth East,19.88857938718663,14.577530176415971,30.269266480965644
E02006013,Alveley,18.176461923700103,14.214169980851377,32.626307261746945
E02006014,Highley,20.01415261233636,13.61009553013327,30.274796556197664
E02006016,Woore,17.078425739729962,14.708417121516806,33.74030451019822
E02006018,Market Drayton,20.99173553719008,15.401069518716577,24.997569275644143
E02006020,Hinstock,18.62372778368525,15.995746620082029,29.241986936047393
E02006022,Shawbury,14.223454833597465,14.282884310618067,33.49841521394612
E02006038,Bayston Hill,13.362068965517242,14.181034482758621,34.66954022988506
E02006040,Cressage,14.341965773133424,13.690746630319552,39.36089656216871
E02006043,Craven Arms,17.50175192711983,15.171688857743518,31.832515767344077
E02006046,Cleobury Mortimer,19.074611125757976,14.98813604007382,31.42631162668073
E02006118,Rugeley North,18.795562599049127,15.340729001584785,26.038034865293184
E02006119,Rugeley Town,26.333932853717027,16.007194244604317,18.645083932853716
E02006120,Rugeley South,23.604060913705585,15.442158696232967,20.732033128506547
E02006121,Hednesford Pye Green,21.577534586000414,15.754697501548627,22.568655791864547
E02006122,Hednesford Central,19.157670670518474,16.390451573665803,25.041812376463433
E02006123,Wimblebury,18.49754624386561,15.194412986032464,26.55719139297848
E02006124,Cannock North,29.252400548696844,16.49519890260631,17.00960219478738
E02006125,Cannock North East,26.338400528750824,15.118968935888962,18.126239259748843
E02006126,Hednesford South,19.8642991193879,16.226360617872096,24.281795871228525
E02006127,Hawks Green,12.184873949579831,16.701680672268907,28.834033613445378
E02006128,Cannock West,20.974868820767743,15.244407622203811,26.028721347694006
E02006129,Cannock South,25.94346603522273,15.939026195056979,20.15687435252331
E02006130,Norton Canes,22.079456505686014,16.319598286811402,22.10899424014178
E02006131,Mayfield,19.439767335068115,13.898668299403031,32.848614725241084
E02006132,Uttoxeter Heath,20.734302944306492,15.377793543809862,25.168499467896417
E02006133,Uttoxeter Town,17.65818431911967,15.354195323246218,31.41334250343879
E02006134,Rolleston-on-Dove,14.65805558759082,13.493253373313344,36.3395225464191
E02006135,Burton Stretton,16.332465942139905,14.510944435940608,30.720955150772998
E02006136,Abbots Bromley,15.997450605481198,14.735500318674315,35.717017208413004
E02006137,Burton Horninglow,23.424676589233552,15.301154541660871,23.563777994157743
E02006138,Burton Eton Park,25.094308676398228,15.138592750533048,22.306052156798426
E02006139,Burton Shobnall,27.298007106442146,12.652556774293219,23.21952726710953
E02006140,Burton Winshill,20.03865021554928,14.969525791586145,27.27813289727962
E02006141,Burton Central,27.336916429550005,14.047844873010854,20.971651385815154
E02006142,Burton Brizlincote,16.065795403334835,14.713835060838216,32.64984227129337
E02006143,Branston,15.567985084565189,14.209615128512452,31.788520442136104
E02006144,Burton Stapenhill,25.787016116885074,16.086760054225035,19.144449465280914
E02006145,Barton-under-Needwood,13.352388730093915,13.903634136382196,40.46549612086566
E02006146,Armitage,18.463667820069205,13.716262975778546,29.038062283737023
E02006147,Alrewas,13.817025581731464,13.83147853736089,39.28313340078046
E02006148,Burntwood North East,14.187305232081352,14.416926357224865,34.77119895030343
E02006149,Lichfield Central,20.76073340166268,13.517822571461108,33.21945108757545
E02006150,Lichfield East,14.341243862520459,12.274959083469723,41.182487725040914
E02006151,Burntwood West,20.180872150644202,15.275024777006937,24.72745292368682
E02006152,Lichfield West,12.696734789758045,12.473572938689218,43.528306319003995
E02006153,Whittington,12.637873754152825,14.272425249169435,41.40863787375415
E02006154,Burntwood Chase Terrace,21.574274058075353,14.386849052075833,24.6100311975042
E02006155,Burntwood Chasetown,21.5158924205379,17.626139142031562,18.44854412091576
E02006156,Shenstone,15.483584738243124,13.930789707187223,39.94380360839988
E02006157,Fazeley,20.61432325886991,15.916557161629434,24.770039421813404
E02006173,Loggerheads,13.651479880279348,13.83438643165946,39.30828067841703
E02006174,Penkridge,16.90064207204266,15.377081292850146,32.23419305691588
E02006175,Huntington,22.115732368896925,15.027124773960217,24.484629294755877
E02006176,Brewood,16.84345869495339,13.130826100932175,35.56734169077467
E02006177,Cheslyn Hay,20.136186770428015,14.883268482490273,24.20963035019455
E02006178,Great Wyrley,23.56276578988817,15.703260355961568,20.97968183965979
E02006179,Featherstone West,21.828942787513057,15.643495416038064,23.33758848787281
E02006180,Featherstone East,24.956247812390618,13.878193909695485,22.926146307315367
E02006181,Bilbrook,21.05034722222222,13.953993055555555,28.73263888888889
E02006182,Codsall,14.671619111936518,13.624852270808711,38.342056390342734
E02006185,Wombourne Inner,21.996644295302012,13.25503355704698,27.751677852348994
E02006186,Wombourne Outer,18.278765201122546,13.554724041159963,32.95603367633302
E02006187,Kinver,17.464972303681982,14.239165852069078,36.02150537634409
E02006189,Barlaston,16.207851441602866,14.041374816745398,36.58576315360808
E02006190,Stone Town,17.01567810547089,14.19800460475825,35.390856265760334
E02006191,Little Stoke,12.527472527472527,13.802197802197803,40.175824175824175
E02006192,Eccleshall,13.153806317969964,13.74935266701191,39.78508544795443
E02006193,Stafford Common,15.225806451612904,14.064516129032258,34.17741935483871
E02006194,Doxey,19.250298685782557,14.36678614097969,28.718637992831543
E02006195,Weston,14.285714285714286,13.624713341427222,37.79846216106839
E02006196,Stafford North East,16.356877323420075,15.69787090233187,31.125380196012166
E02006197,Central Stafford,17.126009485963337,14.049480835790284,32.36764517369568
E02006198,Littleworth,13.557028818833716,13.110539845758355,37.004464889730755
E02006199,Rowley,13.35578002244669,12.682379349046016,40.221661054994385
E02006200,Highfields,22.73318167045824,17.110822229444263,21.384465388365292
E02006201,Weeping Cross,10.914572864321608,13.64824120603015,42.050251256281406
E02006202,Gnosall,15.694215922035186,12.82116187824326,37.27376281483357
E02006203,Mosspit,21.277283751010508,15.084882780921584,26.54810024252223
E02006217,Coton Farm,19.372165194557173,15.421341608975888,25.74600143232275
E02006218,Central Tamworth,26.211109532604063,16.039210115073164,20.329592271629494
E02006219,Amington,20.770941438102298,17.005189028910305,23.00963676797628
E02006220,Bolehall,24.33229559233164,15.975749631328855,19.187284941831887
E02006221,Kettlebrook,18.252987227029255,15.904408735063864,26.102183765966213
E02006222,Belgrave,26.301567285173842,17.11403350747613,17.618447126643847
E02006223,Glascote Heath,29.54099646920361,19.41938014907807,13.063946645743428
E02006224,Wilnecote East,17.30075434568711,17.792718924237455,23.84388324040669
E02006225,Dosthill,19.19591365958148,15.851046300873291,24.880540451474708
E02006226,Wilnecote West,18.76672187539814,18.04051471525035,22.499681488087653
E02006468,Polesworth,21.67271128695461,14.69392240905594,26.23365204967579
E02006469,Dordon,25.427803705275068,16.532315089803422,20.039598359496534
E02006470,Atherstone,26.189491104675216,16.218452627223833,21.741828713280928
E02006471,Kingsbury,19.746192893401016,15.025380710659899,26.920473773265652
E02006472,Hartshill,21.461300309597522,16.13622291021672,23.71517027863777
E02006473,Coleshill,18.792331534841004,15.141774767535301,27.206979680863277
E02006474,New Arley,20.772676371780516,12.70996640537514,29.917879805897723
E02006475,Weddington,15.447790379350801,14.313648807195932,33.82870551427454
E02006476,Camp Hill,26.36598991688241,15.315438070581823,21.474315301812236
E02006477,Horeston Grange,12.870448772226926,14.775613886536833,35.845328817386395
E02006478,Galley Common,17.736185383244205,16.087344028520498,24.65834818775995
E02006479,Nuneaton Town Centre,27.559579283717216,13.673279190520569,22.806550392757288
E02006480,Tomkinson Road,25.754560530679935,16.069651741293534,19.436152570480928
E02006481,Stockingford,25.610827913517316,16.136403585867463,19.44102654245034
E02006482,Bermuda,20.948143077186376,15.35170289234982,24.970049632038336
E02006483,Caldwell,29.70031545741325,14.46372239747634,20.236593059936908
E02006484,Attleborough,21.997451417648932,15.02070723160242,24.35489009238611
E02006485,Whitestone,15.192073700677907,14.80966452285764,33.00886494003129
E02006486,Bedworth Woodlands,24.111545655500766,15.337527631355211,20.217650059513687
E02006487,Bedworth Town,28.387665198237887,15.753303964757709,18.008810572687224
E02006488,Bulkington,24.02894135567403,12.947448591012947,25.38080731150038
E02006489,Bedworth Coalpit Field,23.92907578848266,14.906637376431823,23.53679585752393
E02006490,Bedworth Heath,22.918011620400257,15.39703034215623,22.4015493867011
E02006494,Town North,22.194513715710723,13.549459684123025,25.901911886949293
E02006495,Wolston,16.314338235294116,13.878676470588236,33.103553921568626
E02006497,New Bilton,20.207728730716358,14.281350236749656,25.767527111654193
E02006498,Cawston,13.478301621520293,15.240416158965227,36.470147155309775
E02006503,Dunchurch,12.098553567050748,12.650159352782545,44.64329492522677
E02006504,Earlswood,14.887248054280583,13.390540810217521,39.91219317501497
E02006505,Henley-in-Arden,16.24706277274253,13.326619671030548,39.67774420946626
E02006506,Studley,19.30603187411741,15.029251563445632,28.88844058906597
E02006507,Southam,14.125535890953062,14.224469605364407,36.396614268440146
E02006508,Harbury,12.942078178035695,12.230373371290924,42.242417606481986
E02006509,Alcester,19.98398077693232,14.056868241890268,31.818181818181817
E02006510,Wilmcote,14.449580551275467,13.439479541174457,41.44838212634823
E02006511,Wellesbourne,12.867436806588127,13.885394029509321,40.02058789889054
E02006512,Stratford North,16.59627567671338,12.296026108658092,37.83835669034364
E02006513,Stratford South East,10.312273057371097,11.909949164851126,49.5279593318809
E02006514,Stratford South West,14.007832898172325,12.924281984334204,41.240208877284594
E02006516,Kineton,12.897657213316892,12.256473489519113,43.88409371146732
E02006519,Kenilworth West,9.892729439809298,10.429082240762813,52.4284862932062
E02006520,Kenilworth East,9.951386903059765,11.867314841292536,50.42893909064913
E02006521,Kenilworth South,11.569843342036554,11.586161879895561,47.37271540469974
E02006522,Kingswood,10.647010647010648,13.206388206388207,46.53972153972154
E02006523,Cubbington,9.987357774968395,9.373306844861839,39.7597977243995
E02006524,Lillington,20.503597122302157,12.477517985611511,32.643884892086334
E02006525,Leamington Central,9.918539074389043,9.524662071434966,53.30767164980754
E02006526,Warwick North,17.009449694274597,11.7982212340189,38.70205669816565
E02006527,Leamington West,9.25553319919517,8.362676056338028,56.71529175050302
E02006528,Leamington East,14.154200230149597,8.421382989852495,42.42075530913275
E02006529,Warwick South West,14.759389671361502,12.32394366197183,43.534820031298906
E02006530,Warwick South East,11.170512099043332,11.404989682986306,51.98836991183643
E02006531,Leamington Brunswick,17.791970802919707,9.329379562043796,30.770985401459853
E02006532,Bishops Tachbrook,10.121723873231714,12.084658405526921,48.36056585151881
E02006533,Whitnash,16.02295826856391,11.670453186655507,38.299653234485234
E02006696,Hagley,11.15157821713493,13.440860215053764,47.36385709330558
E02006697,Dodford,16.28980891719745,13.566878980891719,38.47133757961783
E02006698,Rubery West,17.483044461190655,14.374529012810852,27.354935945742277
E02006699,Hollywood,18.6966479283781,14.386841557359983,30.814074536747867
E02006700,Wythall,17.138571160697545,13.707106694168386,33.90211888243015
E02006701,Barnt Green,9.642797249706524,11.705517357035049,51.450612107999326
E02006702,Catshill,19.09973157134008,13.834400165186867,29.300020648358455
E02006703,Marlbrook,12.376010987334045,13.200061040744696,41.339844346101025
E02006704,Alvechurch,17.229907196638067,13.202591490106812,39.59026440203117
E02006705,Bromsgrove Sidemoor,18.982651170624894,14.333838639043288,31.379484588175846
E02006706,Bromsgrove Central,19.819205185058845,15.72573767695719,28.978338734436296
E02006707,Bromsgrove Stoney Hill,10.826263371449649,14.883806713389893,42.69642198450756
E02006708,Bromsgrove Charford,17.78975741239892,16.315205327413985,29.506897098462026
E02006709,Stoke Heath,14.609787416179199,14.552717934084749,37.337708660293906
E02006710,Tenbury Wells,16.650273991850497,14.641000421525924,34.832092173668684
E02006711,Abberley,13.952839402818473,14.203990512069206,39.55629970699037
E02006712,Broadheath,13.710925410089756,13.478799133395233,40.51377282575054
E02006721,Riverside,16.881206325855093,14.729680029422582,31.00404560500184
E02006722,Church Hill South,24.548907882241217,17.11775878442545,18.114909781576447
E02006723,Batchley,21.27189957235481,16.554007449303352,26.100151745068285
E02006724,Redditch Town,28.426945999638793,14.08705074950334,21.654325446992956
E02006725,Winyates Green,24.029451137884873,16.06425702811245,21.06202588130299
E02006726,Southcrest,22.51490098058066,14.843299365506633,25.052874447221686
E02006727,Arrow Valley,20.385786802030456,15.756345177664974,24.934010152284262
E02006728,Webheath,16.357399033213785,15.53095275222205,31.498518634024638
E02006729,Matchborough,20.747359870024372,16.961819658813972,23.23314378554021
E02006730,Greenlands,25.512795467864816,16.331314709904277,18.2848212541512
E02006731,Oakenshaw,21.55636990730761,15.132571674929942,26.57900409571028
E02006732,Crabbs Cross,16.18328470911275,15.548309593272696,30.169898747211256
E02006733,Hunt End,14.053840063341251,15.281076801266826,35.03562945368171
E02006734,Northwick,13.95245829027019,12.387420640779565,41.17820758895615
E02006735,Warndon West,30.425430210325047,15.654875717017209,17.25621414913958
E02006736,Warndon East,12.399626517273576,14.304388422035482,36.93744164332399
E02006737,Barbourne,17.866473149492016,13.410740203193033,34.963715529753266
E02006738,King George's Field,28.073626528031475,15.694815231136715,21.44161865954756
E02006739,Henwick,12.742812742812744,10.742035742035743,28.574203574203572
E02006740,Worcester Town North,14.07811080835604,10.838631547078414,42.17378141083863
E02006741,Lyppard Grange,11.763527054108216,14.629258517034069,40.521042084168336
E02006748,Hartlebury,16.9811320754717,13.570929419986024,36.058700209643604
E02006749,Droitwich Spa West,24.238162212845758,14.978902953586498,22.081575246132207
E02006750,Droitwich Spa East,20.14683653638523,13.560786007341827,30.490174908227164
E02006751,Droitwich Spa Central,21.408045977011493,15.004105090311986,28.571428571428573
E02006752,Droitwich Spa South,11.837869476148668,14.588820602868013,38.923031899326894
E02006753,Fernhill Heath,15.296241588708353,13.769899885114066,38.076481207943544
E02006754,Crowle,11.993484015475463,13.317043372021992,42.92404805538587
E02006755,Inkberrow,12.638668779714738,13.96592709984152,39.342313787638666
E02006767,Wolverley,20.281725255547244,14.298180004986287,32.049364248317126
E02006768,Franche,21.412536694871353,15.368675530996374,22.46589535486099
E02006769,Greenhill,18.559136156571622,14.661717563691582,28.597941623080818
E02006770,Kidderminster Town,23.602673147023086,16.479343863912515,22.35722964763062
E02006771,Bewdley East,20.923396161162028,14.525332872211655,29.707764136261456
E02006772,Habberley,22.33812949640288,15.485611510791367,22.913669064748202
E02006773,Comberton,23.338192419825074,14.693877551020408,25.247813411078717
E02006774,Foley Park,20.73150995306684,16.086745428062795,24.858391325457195
E02006775,Birchen Coppice,29.26984126984127,15.83068783068783,19.703703703703702
E02006776,Spennells,17.02048417132216,15.251396648044693,28.696461824953445
E02006777,Bewdley West,19.89281210592686,14.186633039092056,32.455863808322825
E02006778,Stourport Lickhill,21.387478849407785,15.448392554991539,24.060913705583758
E02006779,Stourport Mitton,21.183176706208595,14.574025573871515,26.390386689262055
E02006780,Stourport Areley Kings,27.196652719665273,13.249651324965132,21.71747360031879
E02006805,Holbrooks,24.23495286439449,14.735315445975344,23.640319071791154
E02006806,Ash Green,23.972898947671904,14.51636153957042,23.266541732737494
E02006807,Yardley Wood East,17.036806957602113,13.930734586115857,36.10809131852772
E02006808,Shirley West,16.148952095808383,14.090568862275449,36.040419161676645
E02006809,Handsworth Wood,21.69331395348837,11.397771317829458,37.33042635658915
E02006810,Charlemont,25.592255125284737,13.451025056947609,24.350797266514807
E02006894,Blakenhall,30.36157880209771,12.889870273254209,24.040850124206457
E02006895,Attwood Green,14.453781512605042,7.433742727860375,49.68325791855204
E02006896,Digbeth,13.507504168982768,7.98591810264962,52.99240318695571
E02006897,Five Ways North,15.50365785030951,8.6381541924592,44.45694991558807
E02006898,Ladywood Summer Hill,11.701053239070841,6.521425479728755,58.27441927571779
E02006899,Birmingham city centre,6.471494607087828,5.735319294641329,67.19739770587228
E02006900,Bordesley,33.91617845876521,13.492564218116268,19.423163587201444
E02006919,Swadlincote South,16.747749939187546,16.38287521284359,26.307467769399175
E02006920,Swadlincote East,17.734607551308162,17.12360958796804,24.110919630267897
E02006943,Smethwick East,32.10708431979603,10.162083409215079,25.824075760335095
E02006944,Smethwick South East,29.599719101123597,11.850421348314606,26.00070224719101
E02006982,Perton,15.202272504652758,14.928004701733764,32.23626212165736
E02007038,Birches Green,26.909620991253643,13.741496598639456,23.50826044703596
E02007039,Greet,33.944954128440365,12.760633861551293,21.88490408673895
E02007040,Sparkhill South,30.59299191374663,13.611859838274933,21.12052368117058
E02007048,Brinklow,14.368627450980393,13.333333333333334,36.188235294117646
E02007050,Town Centre,14.95253164556962,16.091772151898734,29.54113924050633
E02007051,Lawley,11.809553446398008,15.590477672319901,34.58845495565583
