id,topic,path,source_page,url,geography,period,role,status,bytes,sha256,licence_note
ts067,Qualifications,raw/2026-10-01/census2021-ts067.zip,https://www.nomisweb.co.uk/census/2021/bulk,https://www.nomisweb.co.uk/output/census/2021/census2021-ts067.zip,"2021 MSOA, LSOA and other geographies",Census 2021,Candidate explanatory context,Downloaded; pending structural inspection,3560460,50ad42457e987dbaa6732de831f1e4dcc57d551d2afeca92fabc3787f3213401,See linked official source licence; retain publisher attribution. ONS boundary products may require additional mapping attribution.
ons_hle,Healthy life expectancy,raw/2026-10-01/ons_hsle_msoa_2019_2023.xlsx,https://www.ons.gov.uk/peoplepopulationandcommunity/healthandsocialcare/healthandlifeexpectancies/datasets/healthstatelifeexpectancyestimatesformiddlelayersuperoutputareasenglandandwales,https://www.ons.gov.uk/file?uri=/peoplepopulationandcommunity/healthandsocialcare/healthandlifeexpectancies/datasets/healthstatelifeexpectancyestimatesformiddlelayersuperoutputareasenglandandwales/2019to2023/hslemsoa.xlsx,MSOA 2021 and other geographies,2019-2023,Primary comparison; inspect uncertainty and imputation flags,Downloaded; pending structural inspection,2831741,43ee369b7aef218ab2382882714d3cfb9b005cf8d34dea884d1f49137f150cd5,See linked official source licence; retain publisher attribution. ONS boundary products may require additional mapping attribution.
ts066,Economic activity,raw/2026-10-01/census2021-ts066.zip,https://www.nomisweb.co.uk/census/2021/bulk,https://www.nomisweb.co.uk/output/census/2021/census2021-ts066.zip,"2021 MSOA, LSOA and other geographies",Census 2021,Candidate explanatory context,Downloaded; pending structural inspection,7437823,eb9d792d4b9d196b2e36ab558af2ad85f52f5f2f2643b3895b42cd4fad068d1a,See linked official source licence; retain publisher attribution. ONS boundary products may require additional mapping attribution.
ts052,Occupancy rating for bedrooms,raw/2026-10-01/census2021-ts052.zip,https://www.nomisweb.co.uk/census/2021/bulk,https://www.nomisweb.co.uk/output/census/2021/census2021-ts052.zip,"2021 MSOA, LSOA and other geographies",Census 2021,Candidate housing context,Downloaded; pending structural inspection,2730733,4fa7813b721454c0034cb4ddeba59f909883043fdbac04948637bdc3112d8c89,See linked official source licence; retain publisher attribution. ONS boundary products may require additional mapping attribution.
ts045,Car or van availability,raw/2026-10-01/census2021-ts045.zip,https://www.nomisweb.co.uk/census/2021/bulk,https://www.nomisweb.co.uk/output/census/2021/census2021-ts045.zip,"2021 MSOA, LSOA and other geographies",Census 2021,Candidate transport context,Downloaded; pending structural inspection,2657395,95593dcd53247d4458e97edd7454577a63e47fd43be957f0a2460e872efdc070,See linked official source licence; retain publisher attribution. ONS boundary products may require additional mapping attribution.
ts054,Tenure,raw/2026-10-01/census2021-ts054.zip,https://www.nomisweb.co.uk/census/2021/bulk,https://www.nomisweb.co.uk/output/census/2021/census2021-ts054.zip,"2021 MSOA, LSOA and other geographies",Census 2021,Candidate housing context,Downloaded; pending structural inspection,4074446,aa07311021776a93fdd7e8f6b3ad261b919305ef821ae68174fb1a66b85304c2,See linked official source licence; retain publisher attribution. ONS boundary products may require additional mapping attribution.
ts037asp,Age-standardised general health,raw/2026-10-01/census2021-ts037asp.zip,https://www.nomisweb.co.uk/census/2021/bulk,https://www.nomisweb.co.uk/output/census/2021/census2021-ts037asp.zip,Local authority and broader geographies only; no MSOA in original bulk product,Census 2021,"Context only; overlaps inputs used in HLE/DFLE, not an independent explanatory input",Context only; archive content inspected,12113,194dd1c38ea8eefda292f1264d177c2091b7ec3c6de732b8e4d78c6500caf7f1,See linked official source licence; retain publisher attribution. ONS boundary products may require additional mapping attribution.
ts038asp,Age-standardised disability,raw/2026-10-01/census2021-ts038asp.zip,https://www.nomisweb.co.uk/census/2021/bulk,https://www.nomisweb.co.uk/output/census/2021/census2021-ts038asp.zip,Local authority and broader geographies only; no MSOA in original bulk product,Census 2021,"Context only; overlaps inputs used in HLE/DFLE, not an independent explanatory input",Context only; archive content inspected,10753,e48c98bfff81109018caa32e93b1eec143d7f05956e82d74053a57d48a979e7f,See linked official source licence; retain publisher attribution. ONS boundary products may require additional mapping attribution.
ts007a,Age in five-year bands,raw/2026-10-01/census2021-ts007a.zip,https://www.nomisweb.co.uk/census/2021/bulk,https://www.nomisweb.co.uk/output/census/2021/census2021-ts007a.zip,"2021 MSOA, LSOA and other geographies",Census 2021,Demographic context and potential control,Downloaded; pending structural inspection,5714105,041e57fa6d3243fd622772767bba08ea64dece3d57de909f1fbcf675f888cad7,See linked official source licence; retain publisher attribution. ONS boundary products may require additional mapping attribution.
ts011,Households by deprivation dimensions,raw/2026-10-01/census2021-ts011.zip,https://www.nomisweb.co.uk/census/2021/bulk,https://www.nomisweb.co.uk/output/census/2021/census2021-ts011.zip,"2021 MSOA, LSOA and other geographies",Census 2021,Candidate deprivation context; avoid redundant measures,Downloaded; pending structural inspection,2765908,e7133720f12ed092580e2b815ca6a522f51adfe9e7b2fe272c4a7eefd26389af,See linked official source licence; retain publisher attribution. ONS boundary products may require additional mapping attribution.
imd2025,Deprivation,raw/2026-10-01/imd2025_all_ranks_scores_deciles_population.csv,https://www.gov.uk/government/statistics/english-indices-of-deprivation-2025,https://assets.publishing.service.gov.uk/media/691ded56d140bbbaa59a2a7d/File_7_IoD2025_All_Ranks_Scores_Deciles_Population_Denominators.csv,LSOA 2021; LAD 2024,2025 release; underlying periods vary,Candidate; aggregation methodology required; never average ranks/deciles,Downloaded; pending structural inspection,9897666,b1b716aa2e476449f987b9de3e08255b4794eabfd270626de5de18b2f5eff3ef,See linked official source licence; retain publisher attribution. ONS boundary products may require additional mapping attribution.
fuel_poverty,Fuel poverty,raw/2026-10-01/fuel_poverty_2024_tables_published_2026.xlsx,https://www.gov.uk/government/statistics/sub-regional-fuel-poverty-data-2026-2024-data,https://assets.publishing.service.gov.uk/media/6a02febf81a251700a20b42a/fuel-poverty-sub-regional-2026-2024-data-tables.xlsx,LSOA; workbook says May 2026 geography codes; all 3205 exploratory LSOA21 codes match,2024,Candidate; inspect spatial compatibility and period,"Candidate; code overlap checked, caution for unstable small-area estimates",2270478,3716dbf207cddffa400491de37b85b912f25a701ff0cc55efd93c54152aae30a,See linked official source licence; retain publisher attribution. ONS boundary products may require additional mapping attribution.
no2,Modelled NO2,raw/2026-10-01/defra_no2_2024_1km.csv,https://uk-air.defra.gov.uk/data/pcm-data,https://uk-air.defra.gov.uk/datastore/pcm/mapno22024.csv,1km British National Grid cells,2024,Candidate; inspect spatial compatibility and period,Downloaded; pending structural inspection,7900343,d169e49479d817800be625dc75abb91870ddddfb0c1d7195f1d3fe2e98930c9d,See linked official source licence; retain publisher attribution. ONS boundary products may require additional mapping attribution.
rail,Rail access points,raw/2026-10-01/naptan_rail_access_nodes_910.csv,https://beta-naptan.dft.gov.uk/download,https://naptan.api.dft.gov.uk/v1/access-nodes?dataFormat=csv&atcoAreaCodes=910,Coordinates; national rail ATCO area 910,Current snapshot 2026-10-01,Candidate; inspect spatial compatibility and period,Downloaded; pending structural inspection,554672,e9febab732e12affb8f8c2d61f5ffe9a139ca165bfe002a2ffe25e7efbc98b71,See linked official source licence; retain publisher attribution. ONS boundary products may require additional mapping attribution.
pm25,Modelled PM2.5,raw/2026-10-01/defra_pm25_2024_1km.csv,https://uk-air.defra.gov.uk/data/pcm-data,https://uk-air.defra.gov.uk/datastore/pcm/mappm252024g.csv,1km British National Grid cells,2024,Candidate; inspect spatial compatibility and period,Downloaded; pending structural inspection,7857123,cb95c290ef004152cf78b637a7814b9591d32f111308dd85bd9e7810a5950ed7,See linked official source licence; retain publisher attribution. ONS boundary products may require additional mapping attribution.
ons_msoa21_boundaries_exploratory_west_midlands.geojson,Neighbourhood map boundaries,raw/2026-10-01/ons_msoa21_boundaries_exploratory_west_midlands.geojson,https://geoportal.statistics.gov.uk/datasets/ons::middle-layer-super-output-areas-december-2021-boundaries-ew-bgc-v3/about,https://services1.arcgis.com/ESMARspQHYMw9BZ9/arcgis/rest/services/Middle_layer_Super_Output_Areas_December_2021_Boundaries_EW_BGC_V3/FeatureServer/0/query?f=geojson&where=1%3D1&geometry=-2.6%2C52.2%2C-1.3%2C52.9&geometryType=esriGeometryEnvelope&inSR=4326&spatialRel=esriSpatialRelIntersects&outFields=%2A&outSR=4326&resultRecordCount=2000,MSOA 2021 BGC V3; EPSG:4326,2021 geography; retrieved 2026-10-01,Exploratory geographic coverage; final corridor boundary not selected,Downloaded and structurally inspected,3149350,abe51bde8fce71d0151f89de9688dc844dee37f66bb4665eea09f603a174da1e,See linked official source licence; retain publisher attribution. ONS boundary products may require additional mapping attribution.
ons_lookup_msoa21_lsoa21_lad22_query_01.json,Geography lookup,raw/2026-10-01/ons_lookup_msoa21_lsoa21_lad22_query_01.json,https://geoportal.statistics.gov.uk/datasets/ons::output-area-2021-to-lsoa-to-msoa-to-lad-december-2021-exact-fit-lookup-in-ew-v3/about,https://services1.arcgis.com/ESMARspQHYMw9BZ9/arcgis/rest/services/OA_LSOA_MSOA_EW_DEC_2021_LU_v3/FeatureServer/0/query?f=json&where=MSOA21CD+IN+%28%27E02001827%27%2C%27E02001828%27%2C%27E02001829%27%2C%27E02001830%27%2C%27E02001831%27%2C%27E02001832%27%2C%27E02001833%27%2C%27E02001834%27%2C%27E02001835%27%2C%27E02001836%27%2C%27E02001837%27%2C%27E02001838%27%2C%27E02001839%27%2C%27E02001840%27%2C%27E02001841%27%2C%27E02001842%27%2C%27E02001843%27%2C%27E02001844%27%2C%27E02001845%27%2C%27E02001846%27%2C%27E02001847%27%2C%27E02001848%27%2C%27E02001849%27%2C%27E02001850%27%2C%27E02001851%27%2C%27E02001852%27%2C%27E02001855%27%2C%27E02001856%27%2C%27E02001857%27%2C%27E02001858%27%2C%27E02001859%27%2C%27E02001860%27%2C%27E02001861%27%2C%27E02001862%27%2C%27E02001863%27%2C%27E02001865%27%2C%27E02001866%27%2C%27E02001867%27%2C%27E02001868%27%2C%27E02001869%27%2C%27E02001870%27%2C%27E02001871%27%2C%27E02001872%27%2C%27E02001873%27%2C%27E02001874%27%2C%27E02001875%27%2C%27E02001876%27%2C%27E02001877%27%2C%27E02001878%27%2C%27E02001879%27%2C%27E02001880%27%2C%27E02001881%27%2C%27E02001882%27%2C%27E02001883%27%2C%27E02001884%27%2C%27E02001886%27%2C%27E02001888%27%2C%27E02001889%27%2C%27E02001890%27%2C%27E02001892%27%2C%27E02001893%27%2C%27E02001895%27%2C%27E02001896%27%2C%27E02001897%27%2C%27E02001898%27%2C%27E02001899%27%2C%27E02001900%27%2C%27E02001901%27%2C%27E02001902%27%2C%27E02001903%27%2C%27E02001904%27%2C%27E02001905%27%2C%27E02001906%27%2C%27E02001907%27%2C%27E02001908%27%2C%27E02001909%27%2C%27E02001910%27%2C%27E02001911%27%2C%27E02001913%27%2C%27E02001914%27%2C%27E02001915%27%2C%27E02001916%27%2C%27E02001918%27%2C%27E02001919%27%2C%27E02001920%27%2C%27E02001921%27%2C%27E02001922%27%2C%27E02001923%27%2C%27E02001924%27%2C%27E02001925%27%2C%27E02001926%27%2C%27E02001927%27%2C%27E02001928%27%2C%27E02001929%27%2C%27E02001930%27%2C%27E02001931%27%2C%27E02001932%27%2C%27E02001933%27%2C%27E02001934%27%2C%27E02001935%27%29&outFields=LSOA21CD%2CLSOA21NM%2CMSOA21CD%2CMSOA21NM%2CLAD22CD%2CLAD22NM&returnDistinctValues=true&returnGeometry=false&resultRecordCount=2000,2021 LSOA and MSOA; LAD22 fields in published service,2021 geography; LAD fields labelled 2022,Exploratory geographic coverage; final corridor boundary not selected,Downloaded and structurally inspected,83501,ea3cce66a697b84ad5c8fb839187c2ac4055d44a3c82bd4a48b025b99b14bee1,See linked official source licence; retain publisher attribution. ONS boundary products may require additional mapping attribution.
ons_lookup_msoa21_lsoa21_lad22_query_02.json,Geography lookup,raw/2026-10-01/ons_lookup_msoa21_lsoa21_lad22_query_02.json,https://geoportal.statistics.gov.uk/datasets/ons::output-area-2021-to-lsoa-to-msoa-to-lad-december-2021-exact-fit-lookup-in-ew-v3/about,https://services1.arcgis.com/ESMARspQHYMw9BZ9/arcgis/rest/services/OA_LSOA_MSOA_EW_DEC_2021_LU_v3/FeatureServer/0/query?f=json&where=MSOA21CD+IN+%28%27E02001936%27%2C%27E02001937%27%2C%27E02001938%27%2C%27E02001939%27%2C%27E02001941%27%2C%27E02001942%27%2C%27E02001943%27%2C%27E02001944%27%2C%27E02001945%27%2C%27E02001946%27%2C%27E02001947%27%2C%27E02001948%27%2C%27E02001949%27%2C%27E02001950%27%2C%27E02001951%27%2C%27E02001952%27%2C%27E02001953%27%2C%27E02001954%27%2C%27E02001955%27%2C%27E02001956%27%2C%27E02001957%27%2C%27E02001958%27%2C%27E02001959%27%2C%27E02001961%27%2C%27E02001962%27%2C%27E02001963%27%2C%27E02001964%27%2C%27E02001965%27%2C%27E02001966%27%2C%27E02001967%27%2C%27E02001968%27%2C%27E02001969%27%2C%27E02001970%27%2C%27E02001971%27%2C%27E02001972%27%2C%27E02001973%27%2C%27E02001974%27%2C%27E02001975%27%2C%27E02001976%27%2C%27E02001977%27%2C%27E02001978%27%2C%27E02001979%27%2C%27E02001980%27%2C%27E02001981%27%2C%27E02001982%27%2C%27E02001983%27%2C%27E02001984%27%2C%27E02001985%27%2C%27E02001986%27%2C%27E02001987%27%2C%27E02001988%27%2C%27E02001989%27%2C%27E02001990%27%2C%27E02001991%27%2C%27E02001992%27%2C%27E02001993%27%2C%27E02001994%27%2C%27E02001995%27%2C%27E02001996%27%2C%27E02001997%27%2C%27E02001998%27%2C%27E02001999%27%2C%27E02002000%27%2C%27E02002001%27%2C%27E02002002%27%2C%27E02002003%27%2C%27E02002004%27%2C%27E02002005%27%2C%27E02002006%27%2C%27E02002007%27%2C%27E02002008%27%2C%27E02002009%27%2C%27E02002010%27%2C%27E02002011%27%2C%27E02002012%27%2C%27E02002013%27%2C%27E02002014%27%2C%27E02002015%27%2C%27E02002016%27%2C%27E02002017%27%2C%27E02002018%27%2C%27E02002019%27%2C%27E02002020%27%2C%27E02002021%27%2C%27E02002022%27%2C%27E02002023%27%2C%27E02002024%27%2C%27E02002025%27%2C%27E02002026%27%2C%27E02002027%27%2C%27E02002028%27%2C%27E02002029%27%2C%27E02002030%27%2C%27E02002031%27%2C%27E02002032%27%2C%27E02002033%27%2C%27E02002034%27%2C%27E02002035%27%2C%27E02002036%27%2C%27E02002037%27%29&outFields=LSOA21CD%2CLSOA21NM%2CMSOA21CD%2CMSOA21NM%2CLAD22CD%2CLAD22NM&returnDistinctValues=true&returnGeometry=false&resultRecordCount=2000,2021 LSOA and MSOA; LAD22 fields in published service,2021 geography; LAD fields labelled 2022,Exploratory geographic coverage; final corridor boundary not selected,Downloaded and structurally inspected,76028,8e7ce8dabd47c0e8a7be1b7429eee13496c85d09c4d67ceed14cfefd48bfdee5,See linked official source licence; retain publisher attribution. ONS boundary products may require additional mapping attribution.
ons_lookup_msoa21_lsoa21_lad22_query_03.json,Geography lookup,raw/2026-10-01/ons_lookup_msoa21_lsoa21_lad22_query_03.json,https://geoportal.statistics.gov.uk/datasets/ons::output-area-2021-to-lsoa-to-msoa-to-lad-december-2021-exact-fit-lookup-in-ew-v3/about,https://services1.arcgis.com/ESMARspQHYMw9BZ9/arcgis/rest/services/OA_LSOA_MSOA_EW_DEC_2021_LU_v3/FeatureServer/0/query?f=json&where=MSOA21CD+IN+%28%27E02002038%27%2C%27E02002039%27%2C%27E02002040%27%2C%27E02002041%27%2C%27E02002042%27%2C%27E02002043%27%2C%27E02002044%27%2C%27E02002045%27%2C%27E02002046%27%2C%27E02002047%27%2C%27E02002048%27%2C%27E02002049%27%2C%27E02002051%27%2C%27E02002052%27%2C%27E02002053%27%2C%27E02002054%27%2C%27E02002055%27%2C%27E02002056%27%2C%27E02002057%27%2C%27E02002058%27%2C%27E02002059%27%2C%27E02002060%27%2C%27E02002061%27%2C%27E02002062%27%2C%27E02002063%27%2C%27E02002064%27%2C%27E02002065%27%2C%27E02002066%27%2C%27E02002067%27%2C%27E02002069%27%2C%27E02002070%27%2C%27E02002071%27%2C%27E02002072%27%2C%27E02002073%27%2C%27E02002074%27%2C%27E02002075%27%2C%27E02002076%27%2C%27E02002077%27%2C%27E02002078%27%2C%27E02002079%27%2C%27E02002080%27%2C%27E02002081%27%2C%27E02002082%27%2C%27E02002083%27%2C%27E02002084%27%2C%27E02002085%27%2C%27E02002086%27%2C%27E02002087%27%2C%27E02002088%27%2C%27E02002089%27%2C%27E02002090%27%2C%27E02002091%27%2C%27E02002092%27%2C%27E02002093%27%2C%27E02002094%27%2C%27E02002095%27%2C%27E02002096%27%2C%27E02002097%27%2C%27E02002098%27%2C%27E02002099%27%2C%27E02002101%27%2C%27E02002102%27%2C%27E02002103%27%2C%27E02002104%27%2C%27E02002105%27%2C%27E02002106%27%2C%27E02002107%27%2C%27E02002108%27%2C%27E02002109%27%2C%27E02002110%27%2C%27E02002111%27%2C%27E02002112%27%2C%27E02002113%27%2C%27E02002114%27%2C%27E02002115%27%2C%27E02002116%27%2C%27E02002117%27%2C%27E02002118%27%2C%27E02002119%27%2C%27E02002120%27%2C%27E02002121%27%2C%27E02002122%27%2C%27E02002123%27%2C%27E02002124%27%2C%27E02002125%27%2C%27E02002126%27%2C%27E02002127%27%2C%27E02002128%27%2C%27E02002129%27%2C%27E02002130%27%2C%27E02002131%27%2C%27E02002132%27%2C%27E02002133%27%2C%27E02002134%27%2C%27E02002135%27%2C%27E02002136%27%2C%27E02002137%27%2C%27E02002138%27%2C%27E02002139%27%2C%27E02002140%27%29&outFields=LSOA21CD%2CLSOA21NM%2CMSOA21CD%2CMSOA21NM%2CLAD22CD%2CLAD22NM&returnDistinctValues=true&returnGeometry=false&resultRecordCount=2000,2021 LSOA and MSOA; LAD22 fields in published service,2021 geography; LAD fields labelled 2022,Exploratory geographic coverage; final corridor boundary not selected,Downloaded and structurally inspected,73610,075b0bd655a0b01a1b0565046c3c5f3cbf12103a629cb98d1728c2e87914eed7,See linked official source licence; retain publisher attribution. ONS boundary products may require additional mapping attribution.
ons_lookup_msoa21_lsoa21_lad22_query_04.json,Geography lookup,raw/2026-10-01/ons_lookup_msoa21_lsoa21_lad22_query_04.json,https://geoportal.statistics.gov.uk/datasets/ons::output-area-2021-to-lsoa-to-msoa-to-lad-december-2021-exact-fit-lookup-in-ew-v3/about,https://services1.arcgis.com/ESMARspQHYMw9BZ9/arcgis/rest/services/OA_LSOA_MSOA_EW_DEC_2021_LU_v3/FeatureServer/0/query?f=json&where=MSOA21CD+IN+%28%27E02002141%27%2C%27E02002142%27%2C%27E02002143%27%2C%27E02002144%27%2C%27E02002145%27%2C%27E02002146%27%2C%27E02002147%27%2C%27E02002148%27%2C%27E02002149%27%2C%27E02002150%27%2C%27E02002151%27%2C%27E02002152%27%2C%27E02002153%27%2C%27E02002154%27%2C%27E02002155%27%2C%27E02002156%27%2C%27E02002157%27%2C%27E02002158%27%2C%27E02002159%27%2C%27E02002160%27%2C%27E02002161%27%2C%27E02002162%27%2C%27E02002163%27%2C%27E02002164%27%2C%27E02002165%27%2C%27E02002166%27%2C%27E02002167%27%2C%27E02002168%27%2C%27E02002169%27%2C%27E02002170%27%2C%27E02002171%27%2C%27E02002174%27%2C%27E02002175%27%2C%27E02002176%27%2C%27E02002177%27%2C%27E02002178%27%2C%27E02002179%27%2C%27E02002180%27%2C%27E02002181%27%2C%27E02002182%27%2C%27E02002809%27%2C%27E02002812%27%2C%27E02002813%27%2C%27E02002814%27%2C%27E02002815%27%2C%27E02002816%27%2C%27E02002817%27%2C%27E02002818%27%2C%27E02002819%27%2C%27E02002820%27%2C%27E02002821%27%2C%27E02002822%27%2C%27E02002823%27%2C%27E02002824%27%2C%27E02002825%27%2C%27E02002826%27%2C%27E02002905%27%2C%27E02002908%27%2C%27E02002909%27%2C%27E02002928%27%2C%27E02002929%27%2C%27E02002930%27%2C%27E02002931%27%2C%27E02002932%27%2C%27E02002933%27%2C%27E02002934%27%2C%27E02002935%27%2C%27E02002936%27%2C%27E02002937%27%2C%27E02002938%27%2C%27E02002939%27%2C%27E02002940%27%2C%27E02002941%27%2C%27E02002942%27%2C%27E02002944%27%2C%27E02002945%27%2C%27E02002946%27%2C%27E02002947%27%2C%27E02002948%27%2C%27E02002949%27%2C%27E02002950%27%2C%27E02004077%27%2C%27E02004086%27%2C%27E02004088%27%2C%27E02004090%27%2C%27E02004091%27%2C%27E02004092%27%2C%27E02004118%27%2C%27E02004119%27%2C%27E02004120%27%2C%27E02004121%27%2C%27E02004122%27%2C%27E02004123%27%2C%27E02004124%27%2C%27E02004125%27%2C%27E02004126%27%2C%27E02004128%27%2C%27E02005335%27%2C%27E02005342%27%2C%27E02005344%27%29&outFields=LSOA21CD%2CLSOA21NM%2CMSOA21CD%2CMSOA21NM%2CLAD22CD%2CLAD22NM&returnDistinctValues=true&returnGeometry=false&resultRecordCount=2000,2021 LSOA and MSOA; LAD22 fields in published service,2021 geography; LAD fields labelled 2022,Exploratory geographic coverage; final corridor boundary not selected,Downloaded and structurally inspected,84251,e74509dec40da97d9f46dd648b1813bddf9d00986e345cf344eaff7cf92a5902,See linked official source licence; retain publisher attribution. ONS boundary products may require additional mapping attribution.
ons_lookup_msoa21_lsoa21_lad22_query_05.json,Geography lookup,raw/2026-10-01/ons_lookup_msoa21_lsoa21_lad22_query_05.json,https://geoportal.statistics.gov.uk/datasets/ons::output-area-2021-to-lsoa-to-msoa-to-lad-december-2021-exact-fit-lookup-in-ew-v3/about,https://services1.arcgis.com/ESMARspQHYMw9BZ9/arcgis/rest/services/OA_LSOA_MSOA_EW_DEC_2021_LU_v3/FeatureServer/0/query?f=json&where=MSOA21CD+IN+%28%27E02005349%27%2C%27E02005350%27%2C%27E02005372%27%2C%27E02005377%27%2C%27E02005380%27%2C%27E02005381%27%2C%27E02005382%27%2C%27E02005383%27%2C%27E02005384%27%2C%27E02005385%27%2C%27E02005386%27%2C%27E02005387%27%2C%27E02005388%27%2C%27E02005389%27%2C%27E02005390%27%2C%27E02005397%27%2C%27E02005398%27%2C%27E02005399%27%2C%27E02005400%27%2C%27E02005401%27%2C%27E02005402%27%2C%27E02005403%27%2C%27E02005404%27%2C%27E02005405%27%2C%27E02005406%27%2C%27E02005407%27%2C%27E02005408%27%2C%27E02005409%27%2C%27E02006008%27%2C%27E02006009%27%2C%27E02006010%27%2C%27E02006011%27%2C%27E02006012%27%2C%27E02006013%27%2C%27E02006014%27%2C%27E02006016%27%2C%27E02006018%27%2C%27E02006020%27%2C%27E02006022%27%2C%27E02006038%27%2C%27E02006040%27%2C%27E02006043%27%2C%27E02006046%27%2C%27E02006118%27%2C%27E02006119%27%2C%27E02006120%27%2C%27E02006121%27%2C%27E02006122%27%2C%27E02006123%27%2C%27E02006124%27%2C%27E02006125%27%2C%27E02006126%27%2C%27E02006127%27%2C%27E02006128%27%2C%27E02006129%27%2C%27E02006130%27%2C%27E02006131%27%2C%27E02006132%27%2C%27E02006133%27%2C%27E02006134%27%2C%27E02006135%27%2C%27E02006136%27%2C%27E02006137%27%2C%27E02006138%27%2C%27E02006139%27%2C%27E02006140%27%2C%27E02006141%27%2C%27E02006142%27%2C%27E02006143%27%2C%27E02006144%27%2C%27E02006145%27%2C%27E02006146%27%2C%27E02006147%27%2C%27E02006148%27%2C%27E02006149%27%2C%27E02006150%27%2C%27E02006151%27%2C%27E02006152%27%2C%27E02006153%27%2C%27E02006154%27%2C%27E02006155%27%2C%27E02006156%27%2C%27E02006157%27%2C%27E02006173%27%2C%27E02006174%27%2C%27E02006175%27%2C%27E02006176%27%2C%27E02006177%27%2C%27E02006178%27%2C%27E02006179%27%2C%27E02006180%27%2C%27E02006181%27%2C%27E02006182%27%2C%27E02006185%27%2C%27E02006186%27%2C%27E02006187%27%2C%27E02006189%27%2C%27E02006190%27%2C%27E02006191%27%2C%27E02006192%27%29&outFields=LSOA21CD%2CLSOA21NM%2CMSOA21CD%2CMSOA21NM%2CLAD22CD%2CLAD22NM&returnDistinctValues=true&returnGeometry=false&resultRecordCount=2000,2021 LSOA and MSOA; LAD22 fields in published service,2021 geography; LAD fields labelled 2022,Exploratory geographic coverage; final corridor boundary not selected,Downloaded and structurally inspected,90107,fae7daae3b056f9f9c90f8fcc25a1ad0e306ede9dbaca8c2a7934f0408cdb700,See linked official source licence; retain publisher attribution. ONS boundary products may require additional mapping attribution.
ons_lookup_msoa21_lsoa21_lad22_query_06.json,Geography lookup,raw/2026-10-01/ons_lookup_msoa21_lsoa21_lad22_query_06.json,https://geoportal.statistics.gov.uk/datasets/ons::output-area-2021-to-lsoa-to-msoa-to-lad-december-2021-exact-fit-lookup-in-ew-v3/about,https://services1.arcgis.com/ESMARspQHYMw9BZ9/arcgis/rest/services/OA_LSOA_MSOA_EW_DEC_2021_LU_v3/FeatureServer/0/query?f=json&where=MSOA21CD+IN+%28%27E02006193%27%2C%27E02006194%27%2C%27E02006195%27%2C%27E02006196%27%2C%27E02006197%27%2C%27E02006198%27%2C%27E02006199%27%2C%27E02006200%27%2C%27E02006201%27%2C%27E02006202%27%2C%27E02006203%27%2C%27E02006217%27%2C%27E02006218%27%2C%27E02006219%27%2C%27E02006220%27%2C%27E02006221%27%2C%27E02006222%27%2C%27E02006223%27%2C%27E02006224%27%2C%27E02006225%27%2C%27E02006226%27%2C%27E02006468%27%2C%27E02006469%27%2C%27E02006470%27%2C%27E02006471%27%2C%27E02006472%27%2C%27E02006473%27%2C%27E02006474%27%2C%27E02006475%27%2C%27E02006476%27%2C%27E02006477%27%2C%27E02006478%27%2C%27E02006479%27%2C%27E02006480%27%2C%27E02006481%27%2C%27E02006482%27%2C%27E02006483%27%2C%27E02006484%27%2C%27E02006485%27%2C%27E02006486%27%2C%27E02006487%27%2C%27E02006488%27%2C%27E02006489%27%2C%27E02006490%27%2C%27E02006494%27%2C%27E02006495%27%2C%27E02006497%27%2C%27E02006498%27%2C%27E02006503%27%2C%27E02006504%27%2C%27E02006505%27%2C%27E02006506%27%2C%27E02006507%27%2C%27E02006508%27%2C%27E02006509%27%2C%27E02006510%27%2C%27E02006511%27%2C%27E02006512%27%2C%27E02006513%27%2C%27E02006514%27%2C%27E02006516%27%2C%27E02006519%27%2C%27E02006520%27%2C%27E02006521%27%2C%27E02006522%27%2C%27E02006523%27%2C%27E02006524%27%2C%27E02006525%27%2C%27E02006526%27%2C%27E02006527%27%2C%27E02006528%27%2C%27E02006529%27%2C%27E02006530%27%2C%27E02006531%27%2C%27E02006532%27%2C%27E02006533%27%2C%27E02006696%27%2C%27E02006697%27%2C%27E02006698%27%2C%27E02006699%27%2C%27E02006700%27%2C%27E02006701%27%2C%27E02006702%27%2C%27E02006703%27%2C%27E02006704%27%2C%27E02006705%27%2C%27E02006706%27%2C%27E02006707%27%2C%27E02006708%27%2C%27E02006709%27%2C%27E02006710%27%2C%27E02006711%27%2C%27E02006712%27%2C%27E02006721%27%2C%27E02006722%27%2C%27E02006723%27%2C%27E02006724%27%2C%27E02006725%27%2C%27E02006726%27%2C%27E02006727%27%29&outFields=LSOA21CD%2CLSOA21NM%2CMSOA21CD%2CMSOA21NM%2CLAD22CD%2CLAD22NM&returnDistinctValues=true&returnGeometry=false&resultRecordCount=2000,2021 LSOA and MSOA; LAD22 fields in published service,2021 geography; LAD fields labelled 2022,Exploratory geographic coverage; final corridor boundary not selected,Downloaded and structurally inspected,86720,cdd703e0b582b6a82b17c768fbbc47a0e7d7e830ec90e7c28d004c8c64abeef9,See linked official source licence; retain publisher attribution. ONS boundary products may require additional mapping attribution.
ons_lookup_msoa21_lsoa21_lad22_query_07.json,Geography lookup,raw/2026-10-01/ons_lookup_msoa21_lsoa21_lad22_query_07.json,https://geoportal.statistics.gov.uk/datasets/ons::output-area-2021-to-lsoa-to-msoa-to-lad-december-2021-exact-fit-lookup-in-ew-v3/about,https://services1.arcgis.com/ESMARspQHYMw9BZ9/arcgis/rest/services/OA_LSOA_MSOA_EW_DEC_2021_LU_v3/FeatureServer/0/query?f=json&where=MSOA21CD+IN+%28%27E02006728%27%2C%27E02006729%27%2C%27E02006730%27%2C%27E02006731%27%2C%27E02006732%27%2C%27E02006733%27%2C%27E02006734%27%2C%27E02006735%27%2C%27E02006736%27%2C%27E02006737%27%2C%27E02006738%27%2C%27E02006739%27%2C%27E02006740%27%2C%27E02006741%27%2C%27E02006748%27%2C%27E02006749%27%2C%27E02006750%27%2C%27E02006751%27%2C%27E02006752%27%2C%27E02006753%27%2C%27E02006754%27%2C%27E02006755%27%2C%27E02006767%27%2C%27E02006768%27%2C%27E02006769%27%2C%27E02006770%27%2C%27E02006771%27%2C%27E02006772%27%2C%27E02006773%27%2C%27E02006774%27%2C%27E02006775%27%2C%27E02006776%27%2C%27E02006777%27%2C%27E02006778%27%2C%27E02006779%27%2C%27E02006780%27%2C%27E02006805%27%2C%27E02006806%27%2C%27E02006807%27%2C%27E02006808%27%2C%27E02006809%27%2C%27E02006810%27%2C%27E02006894%27%2C%27E02006895%27%2C%27E02006896%27%2C%27E02006897%27%2C%27E02006898%27%2C%27E02006899%27%2C%27E02006900%27%2C%27E02006919%27%2C%27E02006920%27%2C%27E02006943%27%2C%27E02006944%27%2C%27E02006982%27%2C%27E02007038%27%2C%27E02007039%27%2C%27E02007040%27%2C%27E02007048%27%2C%27E02007050%27%2C%27E02007051%27%29&outFields=LSOA21CD%2CLSOA21NM%2CMSOA21CD%2CMSOA21NM%2CLAD22CD%2CLAD22NM&returnDistinctValues=true&returnGeometry=false&resultRecordCount=2000,2021 LSOA and MSOA; LAD22 fields in published service,2021 geography; LAD fields labelled 2022,Exploratory geographic coverage; final corridor boundary not selected,Downloaded and structurally inspected,49760,905476a7a6887a553bc4a19ebd73211c5b2a78a1f8de5189ad0b16f7ab8a6a1e,See linked official source licence; retain publisher attribution. ONS boundary products may require additional mapping attribution.
NCMP_93105,Childhood obesity: Reception,raw/2026-10-01/NCMP_93105_MSOA_2021_obesity_three_years_raw.csv,https://fingertips.phe.org.uk/profile/obesity-physical-activity-nutrition,https://fingertipsws.phe.org.uk/api/all_data/csv/by_indicator_id?indicator_ids=93105&child_area_type_id=3,MSOA 2021 (official indicator metadata; API type 3),2022/23 - 24/25; historical periods also retained,"Candidate; pooled childhood measure, confidence intervals and suppression retained",Downloaded; geographic metadata checked,28234437,2d80f715d556a304171a5689dfc6a186b8e8c7041b9e67002cd48c1bbe607a79,Open Government Licence v3.0 except otherwise stated
NCMP_93107,Childhood obesity: Year 6,raw/2026-10-01/NCMP_93107_MSOA_2021_obesity_three_years_raw.csv,https://fingertips.phe.org.uk/profile/obesity-physical-activity-nutrition,https://fingertipsws.phe.org.uk/api/all_data/csv/by_indicator_id?indicator_ids=93107&child_area_type_id=3,MSOA 2021 (official indicator metadata; API type 3),2022/23 - 24/25; historical periods also retained,"Candidate; pooled childhood measure, confidence intervals and suppression retained",Downloaded; geographic metadata checked,27964921,593a3ee3e34fc7d2742ee8811c79b352ae3073a86b28d504342023b331ff6b79,Open Government Licence v3.0 except otherwise stated
adult_obesity,Adult obesity,raw/2026-10-01/adult_obesity_local_authority_context.csv,https://fingertips.phe.org.uk/profile/obesity-physical-activity-nutrition,https://fingertipsws.phe.org.uk/api/all_data/csv/by_indicator_id?indicator_ids=93881&child_area_type_id=402,Local authority (API type 402); broader comparators may be included,Historical series; smoking through 2024 and pooled 2022-2024; obesity through 2024/25,Context only; not MSOA or station-level estimates,Context only; area types inspected,699737,67d10533ffa48096d7a602118b27ac76f4a856b90a0c27bc1670006de94a0707,See linked official source licence; retain publisher attribution. ONS boundary products may require additional mapping attribution.
adult_smoking,Adult smoking,raw/2026-10-01/adult_smoking_local_authority_context.csv,https://fingertips.phe.org.uk/profile/tobacco-control,https://fingertipsws.phe.org.uk/api/all_data/csv/by_indicator_id?indicator_ids=92443&child_area_type_id=402,Local authority (API type 402); broader comparators may be included,Historical series; smoking through 2024 and pooled 2022-2024; obesity through 2024/25,Context only; not MSOA or station-level estimates,Context only; area types inspected,5402348,e3ed3382e6f6a84dd57ca82e7e0f0ca50ecab5738111b35d1a5c4849edf92a10,See linked official source licence; retain publisher attribution. ONS boundary products may require additional mapping attribution.
