date,geography,geography code,Economic activity status: Total: All usual residents aged 16 years and over,Economic activity status: Economically active (excluding full-time students),Economic activity status: Economically active (excluding full-time students):In employment,Economic activity status: Economically active (excluding full-time students):In employment:Employee,Economic activity status: Economically active (excluding full-time students): In employment: Employee: Part-time,Economic activity status: Economically active (excluding full-time students): In employment: Employee: Full-time,Economic activity status: Economically active (excluding full-time students):In employment:Self-employed with employees,Economic activity status: Economically active (excluding full-time students): In employment: Self-employed with employees: Part-time,Economic activity status: Economically active (excluding full-time students): In employment: Self-employed with employees: Full-time,Economic activity status: Economically active (excluding full-time students):In employment:Self-employed without employees,Economic activity status: Economically active (excluding full-time students): In employment: Self-employed without employees: Part-time,Economic activity status: Economically active (excluding full-time students): In employment: Self-employed without employees: Full-time,Economic activity status: Economically active (excluding full-time students): Unemployed,Economic activity status: Economically active and a full-time student,Economic activity status: Economically active and a full-time student:In employment,Economic activity status: Economically active and a full-time student:In employment:Employee,Economic activity status: Economically active and a full-time student: In employment: Employee: Part-time,Economic activity status: Economically active and a full-time student: In employment: Employee: Full-time,Economic activity status: Economically active and a full-time student:In employment:Self-employed with employees,Economic activity status: Economically active and a full-time student: In employment: Self-employed with employees: Part-time,Economic activity status: Economically active and a full-time student: In employment: Self-employed with employees: Full-time,Economic activity status: Economically active and a full-time student:In employment:Self-employed without employees,Economic activity status: Economically active and a full-time student: In employment: Self-employed without employees: Part-time,Economic activity status: Economically active and a full-time student: In employment: Self-employed without employees: Full-time,Economic activity status: Economically active and a full-time student: Unemployed,Economic activity status: Economically inactive,Economic activity status: Economically inactive: Retired,Economic activity status: Economically inactive: Student,Economic activity status: Economically inactive: Looking after home or family,Economic activity status: Economically inactive: Long-term sick or disabled,Economic activity status: Economically inactive: Other
2021,Birmingham 001,E02001827,5188,2877,2763,2278,555,1723,99,13,86,386,162,224,114,101,69,65,58,7,0,0,0,4,4,0,32,2210,1512,254,189,150,105
2021,Birmingham 002,E02001828,5859,3173,3048,2484,666,1818,139,27,112,425,205,220,125,86,54,49,42,7,0,0,0,5,4,1,32,2600,1862,272,191,167,108
2021,Birmingham 003,E02001829,7139,4403,4259,3561,888,2673,152,34,118,546,248,298,144,96,75,69,60,9,1,1,0,5,1,4,21,2640,1855,339,240,96,110
2021,Birmingham 004,E02001830,8122,4516,4396,3497,884,2613,259,53,206,640,303,337,120,112,82,77,60,17,1,1,0,4,3,1,30,3494,2473,390,301,146,184
2021,Birmingham 005,E02001831,8333,4946,4650,4043,1020,3023,73,13,60,534,206,328,296,150,113,106,81,25,3,1,2,4,4,0,37,3237,1737,350,390,472,288
2021,Birmingham 006,E02001832,6582,3898,3745,3185,795,2390,101,17,84,459,187,272,153,97,74,73,63,10,1,1,0,0,0,0,23,2587,1846,278,199,140,124
2021,Birmingham 007,E02001833,4813,2926,2794,2342,588,1754,79,15,64,373,139,234,132,67,45,43,33,10,1,1,0,1,1,0,22,1820,1165,230,186,112,127
2021,Birmingham 008,E02001834,4648,2758,2560,2225,632,1593,37,8,29,298,95,203,198,113,79,66,53,13,0,0,0,13,12,1,34,1777,754,257,299,288,179
2021,Birmingham 009,E02001835,6964,4300,4148,3499,743,2756,130,21,109,519,244,275,152,121,86,80,59,21,1,1,0,5,4,1,35,2543,1617,286,224,286,130
2021,Birmingham 010,E02001836,7462,4299,4140,3523,848,2675,118,29,89,499,203,296,159,120,85,77,57,20,1,1,0,7,5,2,35,3043,2071,367,251,186,168
2021,Birmingham 011,E02001837,8005,4386,3903,3407,1055,2352,74,13,61,422,156,266,483,168,113,101,75,26,0,0,0,12,6,6,55,3451,1093,568,625,734,431
2021,Birmingham 012,E02001838,6340,3740,3634,3094,753,2341,103,20,83,437,193,244,106,97,77,76,64,12,1,1,0,0,0,0,20,2503,1855,229,178,127,114
2021,Birmingham 013,E02001839,5181,3044,2856,2454,647,1807,46,12,34,356,131,225,188,77,59,55,43,12,0,0,0,4,3,1,18,2060,1153,261,235,260,151
2021,Birmingham 014,E02001840,7271,3763,3394,2985,881,2104,78,19,59,331,131,200,369,169,94,80,53,27,1,1,0,13,6,7,75,3339,1161,552,544,739,343
2021,Birmingham 015,E02001841,5016,2683,2612,2137,502,1635,112,27,85,363,171,192,71,69,43,41,32,9,1,1,0,1,0,1,26,2264,1671,228,152,116,97
2021,Birmingham 016,E02001842,6425,3865,3641,3180,794,2386,74,21,53,387,163,224,224,135,96,88,68,20,0,0,0,8,7,1,39,2425,1243,368,308,206,300
2021,Birmingham 017,E02001843,5299,3140,2927,2518,651,1867,64,25,39,345,116,229,213,78,60,56,41,15,0,0,0,4,2,2,18,2081,1146,277,291,164,203
2021,Birmingham 018,E02001844,8177,4671,4451,3826,847,2979,88,15,73,537,249,288,220,111,80,73,48,25,2,1,1,5,3,2,31,3395,2209,273,281,398,234
2021,Birmingham 019,E02001845,5196,3346,3152,2775,699,2076,73,18,55,304,114,190,194,92,67,61,44,17,0,0,0,6,3,3,25,1758,878,288,231,182,179
2021,Birmingham 020,E02001846,6318,3569,3233,2806,810,1996,75,21,54,352,148,204,336,181,148,135,82,53,3,1,2,10,5,5,33,2568,956,367,436,473,336
2021,Birmingham 021,E02001847,4574,2625,2503,2117,544,1573,66,14,52,320,132,188,122,68,55,51,41,10,1,1,0,3,2,1,13,1881,1309,159,161,146,106
2021,Birmingham 022,E02001848,5374,2853,2537,2184,632,1552,54,19,35,299,143,156,316,173,123,106,76,30,1,1,0,16,16,0,50,2348,743,488,463,405,249
2021,Birmingham 023,E02001849,6491,3753,3398,2973,751,2222,63,22,41,362,166,196,355,186,164,147,85,62,8,1,7,9,8,1,22,2552,823,416,562,368,383
2021,Birmingham 024,E02001850,6631,3729,3420,2902,794,2108,100,40,60,418,192,226,309,208,162,153,118,35,1,1,0,8,7,1,46,2694,1167,547,499,226,255
2021,Birmingham 025,E02001851,7239,4194,3936,3392,845,2547,86,20,66,458,171,287,258,137,109,96,68,28,0,0,0,13,7,6,28,2908,1412,377,406,442,271
2021,Birmingham 026,E02001852,5592,3082,2769,2391,646,1745,63,13,50,315,137,178,313,173,129,115,78,37,2,1,1,12,11,1,44,2337,910,342,366,384,335
2021,Birmingham 029,E02001855,7736,4099,3666,3328,975,2353,46,9,37,292,107,185,433,139,103,100,68,32,0,0,0,3,1,2,36,3498,1401,432,555,746,364
2021,Birmingham 030,E02001856,7345,4161,3715,3119,892,2227,112,37,75,484,235,249,446,223,157,142,90,52,0,0,0,15,9,6,66,2961,834,567,616,405,539
2021,Birmingham 031,E02001857,11133,5937,5249,4473,1150,3323,103,37,66,673,305,368,688,363,279,262,169,93,2,2,0,15,10,5,84,4833,1294,784,819,1058,878
2021,Birmingham 032,E02001858,7380,3612,3200,2638,739,1899,116,35,81,446,220,226,412,616,475,459,155,304,0,0,0,16,16,0,141,3152,860,775,579,449,489
2021,Birmingham 033,E02001859,7668,3607,3164,2646,1047,1599,86,29,57,432,245,187,443,297,188,173,141,32,1,1,0,14,8,6,109,3764,773,800,1104,419,668
2021,Birmingham 034,E02001860,6339,3092,2711,2255,794,1461,91,40,51,365,184,181,381,227,147,134,98,36,6,6,0,7,7,0,80,3020,712,627,799,340,542
2021,Birmingham 035,E02001861,8296,3922,3377,2755,1010,1745,122,63,59,500,282,218,545,280,174,162,114,48,1,1,0,11,7,4,106,4094,760,978,1057,562,737
2021,Birmingham 036,E02001862,7511,3879,3377,2835,931,1904,124,45,79,418,220,198,502,263,135,130,88,42,1,1,0,4,4,0,128,3369,877,724,818,407,543
2021,Birmingham 037,E02001863,6173,2742,2277,1887,793,1094,83,35,48,307,165,142,465,249,148,139,104,35,2,1,1,7,7,0,101,3182,601,737,888,445,511
2021,Birmingham 039,E02001865,8596,4068,3397,2847,1072,1775,124,56,68,426,203,223,671,301,199,180,140,40,6,6,0,13,10,3,102,4227,842,1006,1111,459,809
2021,Birmingham 040,E02001866,7159,3271,2626,2084,859,1225,104,47,57,438,274,164,645,259,178,165,139,26,2,1,1,11,6,5,81,3629,597,781,948,581,722
2021,Birmingham 041,E02001867,6221,2758,2329,1977,825,1152,75,45,30,277,173,104,429,259,165,159,134,25,1,1,0,5,0,5,94,3204,579,794,891,397,543
2021,Birmingham 042,E02001868,7197,3697,3362,2644,894,1750,145,49,96,573,321,252,335,252,178,169,142,27,1,1,0,8,4,4,74,3248,988,778,868,278,336
2021,Birmingham 043,E02001869,4650,2156,1778,1481,667,814,49,28,21,248,156,92,378,203,117,111,81,30,0,0,0,6,5,1,86,2291,454,562,583,325,367
2021,Birmingham 044,E02001870,9175,4360,3878,3082,1201,1881,133,53,80,663,379,284,482,368,237,212,160,52,8,5,3,17,17,0,131,4447,991,1023,1324,473,636
2021,Birmingham 045,E02001871,6388,3361,3029,2632,715,1917,42,12,30,355,156,199,332,125,77,71,46,25,1,0,1,5,5,0,48,2902,1250,335,521,528,268
2021,Birmingham 046,E02001872,5637,3148,2874,2532,672,1860,56,20,36,286,111,175,274,84,48,46,37,9,0,0,0,2,2,0,36,2405,1038,300,437,400,230
2021,Birmingham 047,E02001873,8420,4058,3462,2887,1000,1887,139,48,91,436,244,192,596,371,233,214,151,63,3,3,0,16,13,3,138,3991,758,970,931,563,769
2021,Birmingham 048,E02001874,7028,3024,2579,2035,837,1198,86,36,50,458,264,194,445,262,171,157,134,23,1,1,0,13,8,5,91,3742,560,859,1214,459,650
2021,Birmingham 049,E02001875,6477,3406,2908,2501,809,1692,82,39,43,325,172,153,498,301,189,175,134,41,1,1,0,13,7,6,112,2770,440,747,754,326,503
2021,Birmingham 050,E02001876,13702,3414,2865,2462,752,1710,75,32,43,328,219,109,549,2502,1291,1197,1022,175,14,14,0,80,76,4,1211,7786,422,5866,735,329,434
2021,Birmingham 051,E02001877,8743,3498,2955,2368,1019,1349,118,56,62,469,287,182,543,330,221,199,159,40,6,3,3,16,14,2,109,4915,739,1194,1601,554,827
2021,Birmingham 052,E02001878,6811,3037,2570,2096,772,1324,75,28,47,399,219,180,467,318,226,208,154,54,3,3,0,15,11,4,92,3456,482,887,1136,413,538
2021,Birmingham 053,E02001879,7677,3497,3022,2476,785,1691,94,47,47,452,237,215,475,344,215,208,141,67,0,0,0,7,6,1,129,3836,767,824,886,493,866
2021,Birmingham 054,E02001880,7086,3795,3356,2861,905,1956,78,24,54,417,205,212,439,170,112,102,76,26,2,1,1,8,2,6,58,3121,794,586,787,542,412
2021,Birmingham 055,E02001881,7332,3258,2859,2219,862,1357,111,49,62,529,319,210,399,272,158,138,120,18,0,0,0,20,14,6,114,3802,629,884,1179,531,579
2021,Birmingham 056,E02001882,6675,3316,3001,2482,777,1705,94,29,65,425,210,215,315,199,152,131,107,24,1,0,1,20,15,5,47,3160,1053,528,746,425,408
2021,Birmingham 057,E02001883,6391,3485,3084,2723,766,1957,44,13,31,317,119,198,401,109,69,65,49,16,0,0,0,4,3,1,40,2797,1048,350,565,534,300
2021,Birmingham 058,E02001884,6911,3002,2588,2065,917,1148,81,49,32,442,275,167,414,273,176,157,129,28,5,4,1,14,14,0,97,3636,460,928,1238,375,635
2021,Birmingham 060,E02001886,8067,4522,4124,3470,857,2613,139,43,96,515,246,269,398,323,221,186,117,69,2,1,1,33,24,9,102,3222,990,718,553,447,514
2021,Birmingham 062,E02001888,5315,2744,2466,2170,590,1580,46,16,30,250,107,143,278,136,85,78,59,19,0,0,0,7,7,0,51,2435,904,429,485,369,248
2021,Birmingham 063,E02001889,6471,2811,2426,1931,831,1100,89,42,47,406,251,155,385,250,186,172,139,33,8,8,0,6,6,0,64,3410,597,806,1056,498,453
2021,Birmingham 064,E02001890,8503,4703,4277,3444,705,2739,203,45,158,630,316,314,426,488,349,303,199,104,8,5,3,38,27,11,139,3312,1192,957,428,310,425
2021,Birmingham 066,E02001892,7981,3845,3405,2792,1054,1738,112,55,57,501,294,207,440,254,174,159,125,34,3,1,2,12,10,2,80,3882,769,921,1135,475,582
2021,Birmingham 067,E02001893,6878,3621,3329,2794,811,1983,96,28,68,439,203,236,292,180,128,113,93,20,3,3,0,12,11,1,52,3077,1350,489,578,372,288
2021,Birmingham 069,E02001895,6912,3659,3314,2926,829,2097,51,11,40,337,130,207,345,166,115,105,73,32,1,0,1,9,6,3,51,3087,1287,446,499,556,299
2021,Birmingham 070,E02001896,7208,2982,2582,2053,942,1111,120,54,66,409,262,147,400,258,181,164,133,31,3,3,0,14,10,4,77,3968,659,899,1296,422,692
2021,Birmingham 071,E02001897,6264,2561,2132,1785,767,1018,65,34,31,282,155,127,429,193,113,97,80,17,4,4,0,12,9,3,80,3510,594,911,923,508,574
2021,Birmingham 072,E02001898,5328,3113,2950,2580,694,1886,56,18,38,314,130,184,163,117,81,76,67,9,0,0,0,5,4,1,36,2098,1268,237,278,148,167
2021,Birmingham 073,E02001899,6947,3986,3815,3039,676,2363,245,58,187,531,247,284,171,116,93,83,55,28,2,1,1,8,5,3,23,2845,1869,349,244,177,206
2021,Birmingham 074,E02001900,5391,2603,2275,1819,508,1311,136,46,90,320,170,150,328,301,187,163,122,41,1,0,1,23,23,0,114,2487,843,602,414,343,285
2021,Birmingham 075,E02001901,6804,4423,4253,3631,634,2997,125,27,98,497,229,268,170,207,170,151,102,49,3,2,1,16,14,2,37,2174,1111,492,222,170,179
2021,Birmingham 076,E02001902,4890,2974,2775,2383,647,1736,53,9,44,339,155,184,199,118,84,77,59,18,1,0,1,6,3,3,34,1798,897,245,277,209,170
2021,Birmingham 077,E02001903,5843,2427,2025,1638,717,921,73,32,41,314,183,131,402,208,132,118,91,27,4,3,1,10,8,2,76,3208,527,725,1009,434,513
2021,Birmingham 078,E02001904,5618,2920,2569,2096,721,1375,87,40,47,386,205,181,351,159,108,92,77,15,0,0,0,16,16,0,51,2539,718,444,638,350,389
2021,Birmingham 079,E02001905,9187,2945,2794,2265,441,1824,160,39,121,369,183,186,151,856,494,442,373,69,1,0,1,51,47,4,362,5386,963,3850,258,131,184
2021,Birmingham 080,E02001906,7667,4555,4244,3639,937,2702,84,24,60,521,227,294,311,164,108,93,71,22,1,1,0,14,6,8,56,2948,1527,463,423,262,273
2021,Birmingham 081,E02001907,8452,5113,4777,4186,1092,3094,68,17,51,523,199,324,336,172,110,100,71,29,1,1,0,9,5,4,62,3167,1760,381,403,323,300
2021,Birmingham 082,E02001908,6526,2754,2410,1959,823,1136,86,42,44,365,202,163,344,235,153,145,104,41,0,0,0,8,8,0,82,3537,536,819,1183,427,572
2021,Birmingham 083,E02001909,6015,2573,2206,1821,708,1113,65,30,35,320,205,115,367,151,115,109,80,29,1,1,0,5,4,1,36,3291,545,788,951,472,535
2021,Birmingham 084,E02001910,5429,2324,1979,1635,628,1007,57,25,32,287,151,136,345,161,110,102,90,12,1,1,0,7,7,0,51,2944,598,635,809,409,493
2021,Birmingham 085,E02001911,6384,3201,2825,2436,706,1730,70,26,44,319,141,178,376,192,119,104,74,30,1,1,0,14,8,6,73,2991,1030,546,596,465,354
2021,Birmingham 087,E02001913,6278,2790,2519,2155,488,1667,77,26,51,287,122,165,271,445,320,291,219,72,4,3,1,25,23,2,125,3043,1002,1115,299,332,295
2021,Birmingham 088,E02001914,5579,2943,2703,2155,536,1619,146,53,93,402,219,183,240,158,108,95,71,24,2,0,2,11,9,2,50,2478,725,522,511,348,372
2021,Birmingham 089,E02001915,9530,5492,5037,4274,1130,3144,91,25,66,672,302,370,455,194,148,141,107,34,1,0,1,6,5,1,46,3844,1578,532,643,600,491
2021,Birmingham 090,E02001916,7269,3740,3334,2707,881,1826,103,41,62,524,251,273,406,227,149,138,108,30,0,0,0,11,7,4,78,3302,884,692,839,395,492
2021,Birmingham 092,E02001918,7252,4188,3845,3160,716,2444,124,39,85,561,284,277,343,157,117,106,74,32,1,1,0,10,6,4,40,2907,1140,447,384,585,351
2021,Birmingham 093,E02001919,5720,3086,2831,2254,614,1640,134,43,91,443,238,205,255,133,107,99,82,17,0,0,0,8,8,0,26,2501,904,438,524,297,338
2021,Birmingham 094,E02001920,5933,3094,2794,2439,682,1757,50,12,38,305,124,181,300,118,69,68,52,16,1,1,0,0,0,0,49,2721,1137,427,406,459,292
2021,Birmingham 095,E02001921,6024,3337,3075,2650,685,1965,59,12,47,366,158,208,262,181,139,119,78,41,4,4,0,16,6,10,42,2506,1065,441,413,343,244
2021,Birmingham 096,E02001922,15230,1685,1474,1289,319,970,27,3,24,158,77,81,211,2691,1797,1557,1368,189,11,10,1,229,219,10,894,10854,324,9756,251,261,262
2021,Birmingham 097,E02001923,8518,4138,3771,2967,959,2008,145,57,88,659,331,328,367,242,179,162,124,38,2,0,2,15,10,5,63,4138,1326,836,999,497,480
2021,Birmingham 098,E02001924,5442,3017,2795,2329,714,1615,88,38,50,378,163,215,222,148,114,110,90,20,3,3,0,1,1,0,34,2277,875,439,450,284,229
2021,Birmingham 099,E02001925,5493,2796,2617,2243,549,1694,46,17,29,328,168,160,179,205,155,138,113,25,2,1,1,15,15,0,50,2492,1239,623,236,211,183
2021,Birmingham 100,E02001926,6547,3395,3166,2640,648,1992,83,24,59,443,209,234,229,348,242,215,169,46,0,0,0,27,24,3,106,2804,1053,834,282,374,261
2021,Birmingham 101,E02001927,5819,3237,2889,2526,738,1788,53,16,37,310,120,190,348,161,107,94,72,22,6,0,6,7,4,3,54,2421,1027,365,415,391,223
2021,Birmingham 102,E02001928,5380,2846,2558,2225,645,1580,45,24,21,288,101,187,288,120,92,88,72,16,1,1,0,3,1,2,28,2414,1227,262,295,413,217
2021,Birmingham 103,E02001929,7518,4213,3794,3261,1050,2211,77,33,44,456,226,230,419,188,132,120,93,27,6,5,1,6,6,0,56,3117,876,549,787,540,365
2021,Birmingham 104,E02001930,6232,3901,3684,3049,707,2342,83,23,60,552,305,247,217,131,89,86,64,22,0,0,0,3,3,0,42,2200,1100,332,317,212,239
2021,Birmingham 105,E02001931,6832,3753,3501,2879,802,2077,133,45,88,489,215,274,252,127,103,94,76,18,1,0,1,8,7,1,24,2952,1472,476,508,238,258
2021,Birmingham 106,E02001932,5567,3002,2703,2407,651,1756,45,13,32,251,98,153,299,160,106,98,78,20,2,2,0,6,6,0,54,2405,907,443,389,477,189
2021,Birmingham 107,E02001933,6067,3563,3306,2769,768,2001,56,16,40,481,232,249,257,126,90,83,65,18,0,0,0,7,6,1,36,2378,1049,407,355,347,220
2021,Birmingham 108,E02001934,5554,3113,2949,2419,741,1678,94,33,61,436,191,245,164,156,99,91,78,13,2,1,1,6,6,0,57,2285,1034,443,424,151,233
2021,Birmingham 109,E02001935,6346,3512,3269,2867,800,2067,68,16,52,334,136,198,243,93,61,58,45,13,0,0,0,3,3,0,32,2741,1571,397,320,256,197
2021,Birmingham 110,E02001936,5119,2875,2716,2295,585,1710,80,19,61,341,160,181,159,81,64,57,46,11,1,1,0,6,6,0,17,2163,1353,301,212,154,143
2021,Birmingham 111,E02001937,6352,3364,3054,2573,790,1783,73,18,55,408,179,229,310,122,98,92,75,17,2,0,2,4,3,1,24,2866,1036,471,587,440,332
2021,Birmingham 112,E02001938,6451,4257,4030,3535,803,2732,55,10,45,440,199,241,227,130,95,87,44,43,0,0,0,8,8,0,35,2064,1064,341,238,238,183
2021,Birmingham 113,E02001939,5199,2475,2278,2045,526,1519,40,10,30,193,85,108,197,92,65,63,43,20,1,1,0,1,1,0,27,2632,1583,247,265,351,186
2021,Birmingham 115,E02001941,4886,2607,2344,1964,555,1409,61,18,43,319,132,187,263,88,59,53,41,12,0,0,0,6,2,4,29,2191,884,333,433,338,203
2021,Birmingham 116,E02001942,5447,3162,2953,2604,639,1965,43,11,32,306,147,159,209,130,97,90,67,23,0,0,0,7,4,3,33,2155,1186,290,259,248,172
2021,Birmingham 117,E02001943,5128,2998,2805,2371,668,1703,58,19,39,376,165,211,193,75,53,52,40,12,0,0,0,1,1,0,22,2055,952,285,310,311,197
2021,Birmingham 118,E02001944,6479,3902,3692,3217,747,2470,80,21,59,395,174,221,210,91,61,59,45,14,0,0,0,2,2,0,30,2486,1172,374,343,373,224
2021,Birmingham 119,E02001945,5907,3347,3029,2667,811,1856,59,9,50,303,111,192,318,140,90,85,64,21,0,0,0,5,5,0,50,2420,848,388,488,413,283
2021,Birmingham 120,E02001946,6218,3603,3424,2961,734,2227,68,15,53,395,188,207,179,105,70,64,48,16,0,0,0,6,5,1,35,2510,1541,313,234,246,176
2021,Birmingham 121,E02001947,4657,2238,1927,1679,543,1136,34,14,20,214,91,123,311,109,75,69,42,27,5,4,1,1,1,0,34,2310,846,274,509,430,251
2021,Birmingham 122,E02001948,5908,3609,3408,2944,795,2149,57,14,43,407,146,261,201,91,71,71,57,14,0,0,0,0,0,0,20,2208,1212,235,278,267,216
2021,Birmingham 123,E02001949,4736,2880,2664,2357,652,1705,30,7,23,277,117,160,216,67,50,46,32,14,1,1,0,3,3,0,17,1789,860,222,260,257,190
2021,Birmingham 124,E02001950,6966,4144,3934,3467,837,2630,64,21,43,403,125,278,210,122,85,78,60,18,1,0,1,6,6,0,37,2700,1581,326,330,284,179
2021,Birmingham 125,E02001951,7122,3686,3298,2971,845,2126,26,4,22,301,136,165,388,163,116,109,79,30,0,0,0,7,6,1,47,3273,1257,440,562,671,343
2021,Birmingham 126,E02001952,6955,3642,3239,2846,871,1975,46,13,33,347,118,229,403,150,103,97,71,26,1,1,0,5,5,0,47,3163,1191,466,523,646,337
2021,Birmingham 127,E02001953,5787,3212,3018,2598,661,1937,69,20,49,351,148,203,194,103,67,64,50,14,0,0,0,3,3,0,36,2472,1536,298,257,240,141
2021,Birmingham 128,E02001954,5692,2881,2579,2241,676,1565,46,16,30,292,125,167,302,103,72,64,44,20,0,0,0,8,7,1,31,2708,1081,370,469,514,274
2021,Birmingham 129,E02001955,6329,3816,3551,3115,730,2385,62,19,43,374,132,242,265,111,76,69,48,21,0,0,0,7,4,3,35,2402,1223,291,350,348,190
2021,Birmingham 130,E02001956,5404,3341,3145,2762,685,2077,51,6,45,332,119,213,196,105,69,67,55,12,0,0,0,2,0,2,36,1958,1034,214,250,275,185
2021,Birmingham 131,E02001957,6337,3810,3623,3191,783,2408,41,12,29,391,163,228,187,133,103,100,69,31,0,0,0,3,0,3,30,2394,1436,282,293,193,190
2021,Coventry 001,E02001958,6427,3918,3701,3255,771,2484,64,13,51,382,155,227,217,172,123,121,86,35,0,0,0,2,2,0,49,2337,1074,319,334,376,234
2021,Coventry 002,E02001959,5463,3308,3106,2707,630,2077,77,24,53,322,131,191,202,137,97,86,58,28,2,1,1,9,4,5,40,2018,1118,263,275,182,180
2021,Coventry 004,E02001961,6091,3391,3102,2743,747,1996,47,14,33,312,120,192,289,191,148,146,86,60,0,0,0,2,2,0,43,2509,962,321,456,498,272
2021,Coventry 005,E02001962,5404,3248,3005,2626,646,1980,78,17,61,301,110,191,243,194,151,139,95,44,2,0,2,10,5,5,43,1962,625,358,433,272,274
2021,Coventry 006,E02001963,5047,2928,2800,2440,599,1841,50,9,41,310,134,176,128,144,110,106,62,44,0,0,0,4,0,4,34,1975,1171,182,217,267,138
2021,Coventry 007,E02001964,7821,4439,4109,3652,947,2705,88,24,64,369,146,223,330,305,224,210,149,61,1,1,0,13,6,7,81,3077,927,485,619,628,418
2021,Coventry 008,E02001965,6544,3898,3736,3301,803,2498,64,13,51,371,133,238,162,140,107,101,77,24,0,0,0,6,5,1,33,2506,1506,254,258,283,205
2021,Coventry 009,E02001966,5416,2846,2587,2107,577,1530,69,28,41,411,188,223,259,225,174,151,85,66,1,0,1,22,22,0,51,2345,471,563,648,352,311
2021,Coventry 010,E02001967,5759,3276,3161,2647,639,2008,105,21,84,409,156,253,115,96,66,64,54,10,2,1,1,0,0,0,30,2387,1744,216,162,167,98
2021,Coventry 011,E02001968,6009,3689,3458,2956,766,2190,87,26,61,415,181,234,231,169,118,111,81,30,0,0,0,7,7,0,51,2151,828,389,403,284,247
2021,Coventry 012,E02001969,5316,2992,2804,2420,621,1799,57,20,37,327,126,201,188,165,151,137,80,57,1,0,1,13,1,12,14,2159,944,282,338,367,228
2021,Coventry 013,E02001970,4695,2710,2560,2265,529,1736,44,11,33,251,85,166,150,87,66,64,42,22,1,1,0,1,1,0,21,1898,1217,178,179,183,141
2021,Coventry 014,E02001971,4925,3071,2947,2550,608,1942,43,9,34,354,161,193,124,103,77,75,59,16,0,0,0,2,1,1,26,1751,1038,246,175,172,120
2021,Coventry 015,E02001972,8506,4544,4037,3406,967,2439,119,40,79,512,241,271,507,432,322,291,184,107,12,4,8,19,14,5,110,3530,692,772,1007,544,515
2021,Coventry 016,E02001973,6633,3847,3520,3036,767,2269,76,19,57,408,157,251,327,287,232,217,110,107,11,1,10,4,4,0,55,2499,902,387,403,509,298
2021,Coventry 017,E02001974,7697,4868,4664,4034,868,3166,87,20,67,543,204,339,204,171,133,129,90,39,2,2,0,2,0,2,38,2658,1713,357,231,181,176
2021,Coventry 018,E02001975,5996,3883,3715,3251,783,2468,67,15,52,397,166,231,168,175,127,125,94,31,2,0,2,0,0,0,48,1938,1052,282,244,181,179
2021,Coventry 019,E02001976,5960,3411,3235,2860,649,2211,67,15,52,308,111,197,176,145,111,105,79,26,0,0,0,6,3,3,34,2404,1318,261,259,311,255
2021,Coventry 020,E02001977,8169,4312,3875,3374,784,2590,84,22,62,417,181,236,437,516,349,323,235,88,6,6,0,20,13,7,167,3341,829,896,559,545,512
2021,Coventry 021,E02001978,5326,3285,3119,2700,649,2051,54,19,35,365,138,227,166,146,104,99,75,24,0,0,0,5,5,0,42,1895,898,273,274,218,232
2021,Coventry 022,E02001979,4633,2796,2686,2342,554,1788,39,7,32,305,129,176,110,80,66,63,48,15,0,0,0,3,2,1,14,1757,1243,186,106,141,81
2021,Coventry 023,E02001980,4926,2670,2593,2256,511,1745,52,11,41,285,104,181,77,74,48,42,36,6,0,0,0,6,5,1,26,2182,1761,143,127,83,68
2021,Coventry 024,E02001981,10420,4083,3547,3053,946,2107,98,32,66,396,200,196,536,1286,745,690,543,147,4,4,0,51,43,8,541,5051,577,2296,1025,519,634
2021,Coventry 025,E02001982,6818,4270,4117,3621,733,2888,75,13,62,421,158,263,153,133,99,94,69,25,1,0,1,4,3,1,34,2415,1493,313,239,239,131
2021,Coventry 026,E02001983,6249,3794,3601,3142,684,2458,48,9,39,411,174,237,193,151,105,93,68,25,1,1,0,11,8,3,46,2304,1295,360,205,275,169
2021,Coventry 027,E02001984,8287,5110,4825,4214,986,3228,78,17,61,533,206,327,285,332,246,231,176,55,1,0,1,14,10,4,86,2845,1332,528,362,268,355
2021,Coventry 028,E02001985,8218,2707,2351,2114,478,1636,41,18,23,196,74,122,356,1414,943,886,720,166,7,7,0,50,41,9,471,4097,358,2912,318,243,266
2021,Coventry 029,E02001986,6363,3611,3329,2964,710,2254,42,7,35,323,107,216,282,136,101,92,66,26,2,0,2,7,7,0,35,2616,1174,308,348,538,248
2021,Coventry 030,E02001987,5207,2679,2520,2188,413,1775,36,11,25,296,124,172,159,400,330,303,226,77,2,1,1,25,21,4,70,2128,767,917,147,159,138
2021,Coventry 031,E02001988,10343,2741,2487,2211,444,1767,46,13,33,230,108,122,254,1881,1043,952,775,177,19,13,6,72,67,5,838,5721,656,4138,239,424,264
2021,Coventry 032,E02001989,5037,2972,2834,2505,548,1957,46,11,35,283,106,177,138,188,127,115,100,15,0,0,0,12,12,0,61,1877,898,491,230,133,125
2021,Coventry 033,E02001990,7541,4574,4401,3826,835,2991,101,21,80,474,192,282,173,142,111,108,86,22,0,0,0,3,1,2,31,2825,1992,278,224,193,138
2021,Coventry 034,E02001991,7276,3904,3774,3165,697,2468,120,21,99,489,248,241,130,211,156,133,109,24,1,1,0,22,18,4,55,3161,1986,684,192,154,145
2021,Coventry 035,E02001992,8115,4657,4327,3787,939,2848,98,20,78,442,176,266,330,254,189,181,137,44,0,0,0,8,8,0,65,3204,1315,542,525,528,294
2021,Coventry 036,E02001993,7397,3388,3141,2693,711,1982,95,21,74,353,152,201,247,446,306,253,215,38,14,13,1,39,34,5,140,3563,1092,1591,324,338,218
2021,Coventry 037,E02001994,6449,3791,3579,3076,677,2399,94,30,64,409,159,250,212,162,130,107,82,25,4,2,2,19,15,4,32,2496,1380,419,300,220,177
2021,Coventry 038,E02001995,7610,4653,4359,3884,753,3131,66,17,49,409,156,253,294,353,242,226,150,76,2,0,2,14,9,5,111,2604,1148,571,395,255,235
2021,Coventry 039,E02001996,5744,3192,2892,2600,651,1949,54,6,48,238,88,150,300,179,132,122,86,36,4,3,1,6,5,1,47,2373,788,344,406,562,273
2021,Coventry 040,E02001997,7015,4026,3854,3295,804,2491,111,20,91,448,162,286,172,125,91,88,74,14,1,1,0,2,1,1,34,2864,2026,325,200,174,139
2021,Coventry 041,E02001998,4896,2839,2750,2334,548,1786,66,15,51,350,155,195,89,88,60,54,45,9,2,2,0,4,4,0,28,1969,1319,291,158,100,101
2021,Coventry 042,E02001999,8240,2317,2227,1815,478,1337,112,30,82,300,153,147,90,695,443,358,315,43,5,5,0,80,77,3,252,5228,1195,3624,158,122,129
2021,Dudley 001,E02002000,6808,3841,3560,3067,884,2183,68,17,51,425,159,266,281,139,88,86,68,18,0,0,0,2,1,1,51,2828,1439,285,475,390,239
2021,Dudley 002,E02002001,5016,3007,2856,2430,633,1797,48,4,44,378,155,223,151,73,59,58,43,15,0,0,0,1,1,0,14,1936,1129,188,219,244,156
2021,Dudley 003,E02002002,5948,3024,2908,2507,661,1846,74,17,57,327,127,200,116,68,52,50,42,8,1,0,1,1,0,1,16,2856,2285,192,174,126,79
2021,Dudley 004,E02002003,7435,4257,4044,3493,969,2524,74,22,52,477,162,315,213,90,58,51,39,12,0,0,0,7,4,3,32,3088,1908,245,350,363,222
2021,Dudley 005,E02002004,6037,3467,3236,2792,809,1983,73,12,61,371,109,262,231,88,58,55,35,20,0,0,0,3,2,1,30,2482,1274,249,350,397,212
2021,Dudley 006,E02002005,7277,4072,3721,3227,934,2293,64,23,41,430,142,288,351,162,117,102,72,30,1,1,0,14,14,0,45,3043,1159,444,640,501,299
2021,Dudley 007,E02002006,5190,3030,2838,2443,663,1780,49,13,36,346,131,215,192,82,61,60,48,12,0,0,0,1,1,0,21,2078,1059,193,296,330,200
2021,Dudley 008,E02002007,7511,4221,4060,3518,1010,2508,90,15,75,452,149,303,161,96,63,57,47,10,0,0,0,6,6,0,33,3194,2235,237,271,289,162
2021,Dudley 009,E02002008,6735,4457,4286,3764,947,2817,90,20,70,432,158,274,171,124,90,89,77,12,0,0,0,1,1,0,34,2154,1320,274,218,174,168
2021,Dudley 010,E02002009,5305,2878,2588,2210,672,1538,72,32,40,306,139,167,290,112,86,80,60,20,1,0,1,5,4,1,26,2315,735,396,511,400,273
2021,Dudley 011,E02002010,6581,3652,3270,2813,731,2082,72,16,56,385,159,226,382,155,112,105,64,41,0,0,0,7,4,3,43,2774,1069,373,486,405,441
2021,Dudley 012,E02002011,4980,2825,2718,2346,634,1712,66,12,54,306,126,180,107,83,59,56,39,17,0,0,0,3,0,3,24,2072,1579,157,137,107,92
2021,Dudley 013,E02002012,6720,3572,3265,2868,800,2068,51,18,33,346,112,234,307,175,135,133,93,40,0,0,0,2,1,1,40,2973,1407,279,474,561,252
2021,Dudley 014,E02002013,5632,2951,2839,2403,673,1730,82,20,62,354,157,197,112,69,46,44,36,8,0,0,0,2,1,1,23,2612,1943,245,163,173,88
2021,Dudley 015,E02002014,6312,3536,3265,2732,752,1980,89,34,55,444,196,248,271,152,108,97,72,25,0,0,0,11,7,4,44,2624,862,425,624,352,361
2021,Dudley 016,E02002015,5708,3537,3389,2929,745,2184,66,19,47,394,137,257,148,66,42,40,33,7,1,0,1,1,0,1,24,2105,1289,208,287,199,122
2021,Dudley 017,E02002016,6198,3424,3133,2739,846,1893,55,15,40,339,124,215,291,102,67,67,53,14,0,0,0,0,0,0,35,2672,1183,278,497,482,232
2021,Dudley 018,E02002017,6442,3567,3301,2869,757,2112,66,21,45,366,157,209,266,113,84,82,67,15,0,0,0,2,1,1,29,2762,1363,273,497,372,257
2021,Dudley 019,E02002018,7496,4077,3924,3385,951,2434,94,21,73,445,180,265,153,138,97,94,87,7,0,0,0,3,1,2,41,3281,2466,266,227,168,154
2021,Dudley 020,E02002019,6054,3393,3148,2727,781,1946,61,18,43,360,138,222,245,112,78,77,55,22,0,0,0,1,1,0,34,2549,1211,287,459,368,224
2021,Dudley 021,E02002020,7970,4685,4515,3888,973,2915,73,13,60,554,226,328,170,110,85,78,66,12,1,1,0,6,5,1,25,3175,2280,266,234,232,163
2021,Dudley 022,E02002021,6238,3621,3209,2789,734,2055,62,17,45,358,118,240,412,125,84,82,60,22,1,1,0,1,1,0,41,2492,1051,246,458,443,294
2021,Dudley 023,E02002022,6937,4404,4136,3646,980,2666,53,6,47,437,161,276,268,108,69,68,49,19,1,1,0,0,0,0,39,2425,1214,276,396,342,197
2021,Dudley 024,E02002023,4484,2629,2529,2204,597,1607,32,6,26,293,103,190,100,73,54,52,37,15,0,0,0,2,1,1,19,1782,1227,142,168,161,84
2021,Dudley 025,E02002024,7057,4265,4055,3443,922,2521,74,20,54,538,207,331,210,111,74,70,57,13,1,0,1,3,2,1,37,2681,1522,263,363,345,188
2021,Dudley 026,E02002025,7055,4231,4005,3439,843,2596,73,22,51,493,195,298,226,151,113,102,78,24,2,1,1,9,9,0,38,2673,1351,338,413,335,236
2021,Dudley 027,E02002026,5669,3364,3229,2820,776,2044,56,11,45,353,144,209,135,77,43,43,37,6,0,0,0,0,0,0,34,2228,1540,200,212,166,110
2021,Dudley 028,E02002027,4574,2953,2862,2484,675,1809,53,13,40,325,153,172,91,86,64,61,55,6,1,1,0,2,2,0,22,1535,1132,143,125,67,68
2021,Dudley 029,E02002028,4842,2737,2613,2182,595,1587,54,6,48,377,144,233,124,64,42,40,34,6,0,0,0,2,2,0,22,2041,1512,117,155,172,85
2021,Dudley 030,E02002029,5115,2895,2765,2360,590,1770,65,9,56,340,146,194,130,78,57,53,44,9,0,0,0,4,4,0,21,2142,1459,214,174,131,164
2021,Dudley 031,E02002030,5501,3200,3010,2587,717,1870,51,11,40,372,186,186,190,78,60,59,52,7,0,0,0,1,0,1,18,2223,1237,274,280,285,147
2021,Dudley 032,E02002031,5108,2941,2776,2323,604,1719,74,21,53,379,184,195,165,96,73,71,54,17,1,1,0,1,1,0,23,2071,1073,242,351,214,191
2021,Dudley 033,E02002032,8106,4763,4496,3905,997,2908,91,20,71,500,169,331,267,146,110,100,86,14,1,0,1,9,7,2,36,3197,1601,378,527,452,239
2021,Dudley 034,E02002033,6369,3728,3569,3122,782,2340,65,9,56,382,162,220,159,96,69,69,63,6,0,0,0,0,0,0,27,2545,1718,265,227,182,153
2021,Dudley 035,E02002034,6812,4093,3866,3232,860,2372,75,21,54,559,257,302,227,90,62,61,49,12,0,0,0,1,0,1,28,2629,1559,285,278,315,192
2021,Dudley 036,E02002035,5077,2801,2714,2304,647,1657,84,22,62,326,137,189,87,52,31,31,26,5,0,0,0,0,0,0,21,2224,1624,208,167,118,107
2021,Dudley 037,E02002036,5312,2881,2588,2107,579,1528,53,15,38,428,179,249,293,68,50,46,32,14,2,2,0,2,2,0,18,2363,1074,302,426,353,208
2021,Dudley 038,E02002037,4902,2780,2625,2232,631,1601,45,12,33,348,157,191,155,84,35,31,23,8,1,1,0,3,2,1,49,2038,1379,177,171,208,103
2021,Dudley 039,E02002038,7942,4471,4206,3672,1010,2662,71,16,55,463,187,276,265,140,102,100,83,17,1,1,0,1,1,0,38,3331,2027,346,336,405,217
2021,Dudley 040,E02002039,5135,2887,2758,2259,528,1731,106,29,77,393,180,213,129,90,58,52,43,9,0,0,0,6,5,1,32,2158,1480,238,188,166,86
2021,Dudley 041,E02002040,5030,2628,2561,2107,592,1515,98,19,79,356,152,204,67,61,41,39,30,9,1,0,1,1,0,1,20,2341,1838,166,186,91,60
2021,Dudley 042,E02002041,5206,2597,2487,2062,577,1485,84,18,66,341,147,194,110,70,48,46,40,6,0,0,0,2,1,1,22,2539,1817,214,253,141,114
2021,Dudley 043,E02002042,6645,3793,3644,3123,822,2301,77,16,61,444,180,264,149,108,84,79,70,9,1,1,0,4,3,1,24,2744,2035,242,197,140,130
2021,Sandwell 001,E02002043,6805,3814,3550,3106,874,2232,66,24,42,378,124,254,264,164,87,83,66,17,0,0,0,4,4,0,77,2827,1202,354,495,555,221
2021,Sandwell 002,E02002044,6185,3740,3472,3040,809,2231,68,19,49,364,123,241,268,135,101,95,77,18,2,2,0,4,0,4,34,2310,931,402,433,336,208
2021,Sandwell 003,E02002045,6128,3527,3311,2949,788,2161,53,9,44,309,109,200,216,88,63,59,45,14,0,0,0,4,4,0,25,2513,1260,323,382,366,182
2021,Sandwell 004,E02002046,4152,2192,1965,1746,570,1176,37,8,29,182,50,132,227,70,47,45,29,16,1,0,1,1,1,0,23,1890,672,221,437,350,210
2021,Sandwell 005,E02002047,6152,3018,2739,2411,699,1712,56,12,44,272,102,170,279,77,56,53,38,15,1,0,1,2,2,0,21,3057,1485,313,440,434,385
2021,Sandwell 006,E02002048,5716,3298,3150,2695,661,2034,100,21,79,355,144,211,148,96,79,78,61,17,0,0,0,1,0,1,17,2322,1491,265,235,177,154
2021,Sandwell 007,E02002049,4976,2964,2712,2417,636,1781,39,7,32,256,94,162,252,82,59,54,48,6,0,0,0,5,5,0,23,1930,946,216,334,250,184
2021,Sandwell 009,E02002051,4504,2425,2175,1946,545,1401,34,8,26,195,70,125,250,107,69,66,44,22,2,2,0,1,0,1,38,1972,712,234,439,356,231
2021,Sandwell 010,E02002052,8803,4910,4488,3949,1141,2808,104,26,78,435,140,295,422,206,143,136,101,35,0,0,0,7,4,3,63,3687,1481,557,622,620,407
2021,Sandwell 011,E02002053,5067,2861,2686,2324,613,1711,56,13,43,306,132,174,175,125,95,87,68,19,0,0,0,8,4,4,30,2081,1133,329,266,184,169
2021,Sandwell 012,E02002054,4732,2647,2496,2188,532,1656,51,13,38,257,96,161,151,97,66,66,50,16,0,0,0,0,0,0,31,1988,1087,321,244,160,176
2021,Sandwell 013,E02002055,8635,4816,4459,3847,1046,2801,138,50,88,474,165,309,357,205,159,150,114,36,2,0,2,7,7,0,46,3614,1366,560,700,560,428
2021,Sandwell 014,E02002056,7463,4173,3774,3380,950,2430,71,29,42,323,115,208,399,192,109,101,78,23,1,0,1,7,4,3,83,3098,1136,355,658,586,363
2021,Sandwell 015,E02002057,8406,4641,4171,3603,984,2619,94,28,66,474,182,292,470,190,126,120,91,29,2,1,1,4,4,0,64,3575,1439,506,628,618,384
2021,Sandwell 016,E02002058,10589,6381,5911,5203,1299,3904,152,45,107,556,218,338,470,255,189,168,117,51,2,1,1,19,14,5,66,3953,1439,696,785,555,478
2021,Sandwell 017,E02002059,9410,5097,4651,4037,1085,2952,129,35,94,485,199,286,446,199,117,111,89,22,3,2,1,3,3,0,82,4114,1636,627,770,617,464
2021,Sandwell 018,E02002060,5487,2837,2538,2193,638,1555,80,25,55,265,108,157,299,167,99,93,62,31,1,0,1,5,5,0,68,2483,820,380,577,396,310
2021,Sandwell 019,E02002061,5477,2678,2427,2081,669,1412,82,35,47,264,119,145,251,180,96,92,64,28,1,0,1,3,1,2,84,2619,782,502,539,341,455
2021,Sandwell 020,E02002062,7050,3660,3211,2812,832,1980,98,33,65,301,132,169,449,190,146,135,110,25,2,1,1,9,3,6,44,3200,1027,533,628,475,537
2021,Sandwell 021,E02002063,7944,4819,4490,3899,958,2941,100,27,73,491,199,292,329,213,142,133,104,29,0,0,0,9,6,3,71,2912,1092,435,617,405,363
2021,Sandwell 022,E02002064,9662,5911,5506,4901,1264,3637,102,22,80,503,161,342,405,197,137,135,112,23,1,1,0,1,1,0,60,3554,1639,536,583,446,350
2021,Sandwell 023,E02002065,10566,5344,4789,4064,1343,2721,167,51,116,558,262,296,555,471,332,301,237,64,5,5,0,26,17,9,139,4751,1124,1041,1280,552,754
2021,Sandwell 024,E02002066,6257,3208,2870,2389,691,1698,77,24,53,404,160,244,338,201,140,139,86,53,0,0,0,1,1,0,61,2848,872,467,655,383,471
2021,Sandwell 025,E02002067,5021,2866,2710,2378,617,1761,50,11,39,282,95,187,156,69,49,47,39,8,0,0,0,2,1,1,20,2086,1190,247,271,203,175
2021,Sandwell 027,E02002069,5676,3046,2786,2465,593,1872,62,13,49,259,91,168,260,229,178,170,74,96,1,1,0,7,0,7,51,2401,1112,243,353,441,252
2021,Sandwell 028,E02002070,7720,3805,3427,2932,917,2015,98,28,70,397,185,212,378,293,202,190,146,44,1,1,0,11,7,4,91,3622,1118,663,851,477,513
2021,Sandwell 029,E02002071,5256,2893,2673,2349,641,1708,59,14,45,265,101,164,220,76,40,37,26,11,2,1,1,1,0,1,36,2287,1149,262,353,336,187
2021,Sandwell 030,E02002072,7158,4241,3905,3395,857,2538,85,22,63,425,172,253,336,157,111,104,70,34,1,1,0,6,5,1,46,2760,1307,383,368,391,311
2021,Sandwell 031,E02002073,6376,3392,3113,2708,801,1907,60,20,40,345,133,212,279,187,138,125,100,25,1,0,1,12,7,5,49,2797,1127,403,567,445,255
2021,Sandwell 032,E02002074,6515,3679,3424,2966,768,2198,89,30,59,369,141,228,255,132,97,95,72,23,1,0,1,1,1,0,35,2704,1284,379,417,395,229
2021,Sandwell 033,E02002075,7082,4026,3732,3271,829,2442,75,20,55,386,145,241,294,128,102,95,56,39,2,1,1,5,5,0,26,2928,1467,359,418,438,246
2021,Sandwell 034,E02002076,8496,5580,5164,4413,1035,3378,113,28,85,638,280,358,416,201,137,120,81,39,4,4,0,13,5,8,64,2715,1262,421,446,246,340
2021,Sandwell 035,E02002077,8674,4924,4566,3971,1050,2921,92,19,73,503,200,303,358,149,92,84,62,22,1,1,0,7,6,1,57,3601,1675,463,608,516,339
2021,Sandwell 036,E02002078,5291,3119,2962,2554,643,1911,66,16,50,342,144,198,157,136,94,88,69,19,1,1,0,5,3,2,42,2036,1271,256,207,170,132
2021,Sandwell 037,E02002079,6853,3888,3671,3196,828,2368,77,28,49,398,172,226,217,114,65,59,40,19,1,1,0,5,5,0,49,2851,1466,401,409,352,223
2021,Sandwell 038,E02002080,5786,3390,3140,2722,712,2010,62,12,50,356,127,229,250,92,64,56,38,18,2,2,0,6,6,0,28,2304,1160,261,384,346,153
2021,Solihull 001,E02002081,4599,2476,2364,2017,521,1496,64,14,50,283,123,160,112,64,45,39,29,10,2,2,0,4,2,2,19,2059,1414,180,198,157,110
2021,Solihull 002,E02002082,4403,2449,2218,2006,563,1443,35,11,24,177,65,112,231,69,45,43,33,10,0,0,0,2,0,2,24,1885,748,261,344,333,199
2021,Solihull 003,E02002083,5042,2969,2838,2466,637,1829,58,17,41,314,124,190,131,80,57,55,47,8,0,0,0,2,1,1,23,1993,1414,180,178,103,118
2021,Solihull 004,E02002084,5103,2861,2628,2347,638,1709,48,11,37,233,75,158,233,78,57,57,43,14,0,0,0,0,0,0,21,2164,943,229,412,360,220
2021,Solihull 005,E02002085,5073,2880,2644,2362,606,1756,40,11,29,242,78,164,236,99,69,64,44,20,0,0,0,5,4,1,30,2094,982,268,350,308,186
2021,Solihull 006,E02002086,4598,2460,2233,2031,572,1459,30,2,28,172,68,104,227,60,40,38,28,10,0,0,0,2,2,0,20,2078,927,201,331,401,218
2021,Solihull 007,E02002087,4742,2664,2405,2179,595,1584,28,4,24,198,72,126,259,72,47,43,29,14,0,0,0,4,4,0,25,2006,829,211,362,411,193
2021,Solihull 008,E02002088,7324,4001,3585,3238,913,2325,42,5,37,305,103,202,416,127,95,89,69,20,0,0,0,6,6,0,32,3196,1330,319,578,672,297
2021,Solihull 009,E02002089,6666,3909,3698,3163,750,2413,109,28,81,426,182,244,211,88,68,66,54,12,0,0,0,2,2,0,20,2669,1550,299,270,326,224
2021,Solihull 010,E02002090,4801,2991,2857,2468,583,1885,59,17,42,330,140,190,134,81,63,63,50,13,0,0,0,0,0,0,18,1729,970,229,270,142,118
2021,Solihull 011,E02002091,6242,3703,3534,3005,781,2224,80,18,62,449,183,266,169,115,86,86,67,19,0,0,0,0,0,0,29,2424,1594,230,272,172,156
2021,Solihull 012,E02002092,5912,3377,3213,2742,648,2094,60,10,50,411,173,238,164,94,67,67,50,17,0,0,0,0,0,0,27,2441,1427,273,268,285,188
2021,Solihull 013,E02002093,5585,3171,3002,2551,602,1949,82,21,61,369,168,201,169,93,76,71,58,13,0,0,0,5,5,0,17,2321,1417,260,222,253,169
2021,Solihull 014,E02002094,4993,2750,2653,2160,544,1616,107,18,89,386,165,221,97,84,63,61,57,4,1,1,0,1,1,0,21,2159,1571,253,163,88,84
2021,Solihull 015,E02002095,7079,4163,3982,3303,880,2423,163,30,133,516,222,294,181,111,82,80,62,18,0,0,0,2,2,0,29,2805,1867,312,266,194,166
2021,Solihull 016,E02002096,8448,4619,4442,3693,894,2799,159,34,125,590,255,335,177,121,85,75,65,10,0,0,0,10,9,1,36,3708,2609,367,362,210,160
2021,Solihull 017,E02002097,6110,3592,3472,2791,707,2084,145,27,118,536,244,292,120,70,53,46,40,6,0,0,0,7,6,1,17,2448,1693,236,218,177,124
2021,Solihull 018,E02002098,7773,4590,4421,3729,966,2763,127,23,104,565,220,345,169,124,102,100,86,14,0,0,0,2,2,0,22,3059,1977,367,327,223,165
2021,Solihull 019,E02002099,5704,3144,3046,2523,640,1883,155,26,129,368,190,178,98,75,60,56,50,6,0,0,0,4,4,0,15,2485,1775,261,278,55,116
2021,Solihull 021,E02002101,5188,3019,2870,2480,636,1844,47,12,35,343,128,215,149,53,38,37,35,2,0,0,0,1,0,1,15,2116,1458,156,206,172,124
2021,Solihull 022,E02002102,7026,4183,4021,3392,874,2518,121,28,93,508,204,304,162,89,67,65,55,10,0,0,0,2,2,0,22,2754,1817,327,277,180,153
2021,Solihull 023,E02002103,5114,2797,2698,2296,575,1721,67,16,51,335,143,192,99,56,41,40,29,11,0,0,0,1,0,1,15,2261,1675,164,179,158,85
2021,Solihull 024,E02002104,4879,2876,2787,2343,602,1741,93,19,74,351,183,168,89,66,46,41,33,8,0,0,0,5,5,0,20,1937,1434,234,164,37,68
2021,Solihull 025,E02002105,6791,3909,3788,3077,747,2330,154,36,118,557,260,297,121,128,110,103,87,16,0,0,0,7,5,2,18,2754,2032,291,238,102,91
2021,Solihull 026,E02002106,7986,4182,4062,3368,891,2477,149,26,123,545,277,268,120,118,83,70,55,15,0,0,0,13,10,3,35,3686,2777,342,265,173,129
2021,Solihull 027,E02002107,4491,2669,2579,2191,542,1649,82,18,64,306,132,174,90,71,52,51,45,6,0,0,0,1,0,1,19,1751,1305,168,140,60,78
2021,Solihull 028,E02002108,7849,4400,4256,3469,973,2496,207,41,166,580,274,306,144,133,89,85,68,17,1,1,0,3,1,2,44,3316,2445,372,272,119,108
2021,Solihull 029,E02002109,9633,6567,6365,5334,1163,4171,204,39,165,827,352,475,202,146,107,104,78,26,1,1,0,2,2,0,39,2920,1824,395,337,171,193
2021,Walsall 001,E02002110,5635,3499,3358,2878,763,2115,79,15,64,401,116,285,141,92,57,56,46,10,0,0,0,1,1,0,35,2044,1138,232,279,272,123
2021,Walsall 002,E02002111,5123,2765,2554,2158,610,1548,53,15,38,343,94,249,211,82,56,53,41,12,1,1,0,2,1,1,26,2276,1256,201,302,353,164
2021,Walsall 003,E02002112,4372,2487,2379,2051,535,1516,37,10,27,291,104,187,108,71,53,49,38,11,0,0,0,4,3,1,18,1814,1173,181,175,180,105
2021,Walsall 004,E02002113,5169,3031,2872,2449,677,1772,65,16,49,358,118,240,159,89,63,54,45,9,1,0,1,8,8,0,26,2049,1179,202,258,257,153
2021,Walsall 005,E02002114,5099,2769,2643,2252,576,1676,59,15,44,332,117,215,126,60,44,42,32,10,0,0,0,2,1,1,16,2270,1590,157,193,218,112
2021,Walsall 006,E02002115,5468,2903,2636,2253,630,1623,69,14,55,314,92,222,267,83,52,50,42,8,0,0,0,2,2,0,31,2482,1340,231,370,371,170
2021,Walsall 007,E02002116,5716,3187,3082,2618,623,1995,88,26,62,376,147,229,105,80,64,64,54,10,0,0,0,0,0,0,16,2449,1754,200,165,211,119
2021,Walsall 008,E02002117,5216,2962,2814,2437,640,1797,55,17,38,322,126,196,148,83,60,59,46,13,0,0,0,1,0,1,23,2171,1226,185,275,330,155
2021,Walsall 009,E02002118,5740,3180,2867,2502,719,1783,55,11,44,310,99,211,313,100,69,63,47,16,0,0,0,6,6,0,31,2460,1166,256,442,389,207
2021,Walsall 010,E02002119,4902,2873,2734,2350,635,1715,56,13,43,328,126,202,139,73,54,48,37,11,0,0,0,6,5,1,19,1956,1161,180,212,255,148
2021,Walsall 011,E02002120,4954,2901,2754,2369,638,1731,77,19,58,308,114,194,147,91,55,54,47,7,1,0,1,0,0,0,36,1962,1139,224,258,190,151
2021,Walsall 012,E02002121,5044,2661,2401,2059,616,1443,41,8,33,301,95,206,260,73,42,40,32,8,0,0,0,2,1,1,31,2310,950,272,439,418,231
2021,Walsall 013,E02002122,5051,2854,2593,2258,638,1620,50,13,37,285,108,177,261,116,77,71,49,22,0,0,0,6,6,0,39,2081,621,383,508,337,232
2021,Walsall 014,E02002123,5202,2956,2752,2366,608,1758,59,11,48,327,103,224,204,83,65,61,46,15,2,1,1,2,2,0,18,2163,1171,190,356,291,155
2021,Walsall 015,E02002124,5784,3103,2938,2505,715,1790,70,17,53,363,144,219,165,61,37,34,26,8,0,0,0,3,2,1,24,2620,1772,181,241,288,138
2021,Walsall 016,E02002125,5134,2970,2817,2449,650,1799,53,12,41,315,118,197,153,67,55,53,38,15,0,0,0,2,1,1,12,2097,1073,223,303,286,212
2021,Walsall 017,E02002126,4967,2628,2382,2121,612,1509,38,8,30,223,76,147,246,79,54,49,35,14,2,2,0,3,3,0,25,2260,855,212,495,467,231
2021,Walsall 018,E02002127,7134,3862,3503,3005,813,2192,74,20,54,424,174,250,359,228,140,129,87,42,0,0,0,11,5,6,88,3044,911,548,745,486,354
2021,Walsall 019,E02002128,4635,2459,2329,2057,520,1537,39,7,32,233,75,158,130,68,44,41,29,12,2,0,2,1,1,0,24,2108,1351,159,265,223,110
2021,Walsall 020,E02002129,5011,2786,2635,2302,573,1729,69,13,56,264,92,172,151,78,57,53,43,10,0,0,0,4,2,2,21,2147,1290,200,252,224,181
2021,Walsall 021,E02002130,5144,2794,2571,2208,671,1537,61,19,42,302,113,189,223,104,80,79,52,27,1,1,0,0,0,0,24,2246,849,337,476,369,215
2021,Walsall 022,E02002131,6525,3726,3591,3024,830,2194,128,34,94,439,179,260,135,107,76,76,60,16,0,0,0,0,0,0,31,2692,2008,249,175,151,109
2021,Walsall 023,E02002132,4938,2735,2512,2245,679,1566,49,7,42,218,77,141,223,97,65,62,48,14,0,0,0,3,3,0,32,2106,1021,244,341,325,175
2021,Walsall 024,E02002133,5718,3177,2922,2469,608,1861,85,21,64,368,160,208,255,98,73,70,44,26,1,0,1,2,0,2,25,2443,1281,288,315,375,184
2021,Walsall 025,E02002134,7101,4081,3739,3259,849,2410,77,19,58,403,151,252,342,160,117,110,85,25,0,0,0,7,5,2,43,2860,1171,378,575,436,300
2021,Walsall 026,E02002135,5983,3135,2807,2384,681,1703,81,27,54,342,150,192,328,191,149,137,96,41,0,0,0,12,7,5,42,2657,703,471,680,490,313
2021,Walsall 027,E02002136,6277,3692,3411,2985,767,2218,70,24,46,356,120,236,281,129,105,105,82,23,0,0,0,0,0,0,24,2456,1015,360,437,373,271
2021,Walsall 028,E02002137,5104,2866,2780,2260,599,1661,124,26,98,396,178,218,86,68,48,42,36,6,1,0,1,5,4,1,20,2170,1663,183,155,81,88
2021,Walsall 029,E02002138,5063,2852,2674,2150,587,1563,131,44,87,393,179,214,178,121,95,89,68,21,1,0,1,5,0,5,26,2090,982,398,377,167,166
2021,Walsall 030,E02002139,8425,4187,3691,3123,985,2138,136,39,97,432,207,225,496,377,260,235,171,64,3,0,3,22,12,10,117,3861,1028,795,870,656,512
2021,Walsall 031,E02002140,6361,3225,2930,2464,818,1646,83,39,44,383,186,197,295,202,152,140,101,39,0,0,0,12,3,9,50,2934,940,494,764,401,335
2021,Walsall 032,E02002141,5291,3201,3088,2609,636,1973,107,23,84,372,142,230,113,64,45,44,37,7,0,0,0,1,1,0,19,2026,1475,206,141,116,88
2021,Walsall 033,E02002142,5543,2989,2667,2301,742,1559,56,21,35,310,147,163,322,148,112,78,55,23,11,11,0,23,11,12,36,2406,777,412,568,396,253
2021,Walsall 034,E02002143,7361,3546,3128,2593,1112,1481,103,43,60,432,251,181,418,210,147,136,108,28,0,0,0,11,8,3,63,3605,803,748,1081,514,459
2021,Walsall 035,E02002144,5666,3189,3053,2430,605,1825,214,54,160,409,181,228,136,83,65,61,54,7,1,1,0,3,2,1,18,2394,1563,327,250,106,148
2021,Walsall 036,E02002145,6174,3586,3252,2873,812,2061,88,29,59,291,95,196,334,150,101,91,65,26,2,1,1,8,2,6,49,2438,843,321,539,442,293
2021,Walsall 037,E02002146,4973,2644,2457,2061,697,1364,97,32,65,299,124,175,187,136,95,86,61,25,0,0,0,9,9,0,41,2193,861,458,411,268,195
2021,Walsall 038,E02002147,6814,3860,3539,3119,803,2316,78,14,64,342,112,230,321,122,80,79,54,25,0,0,0,1,1,0,42,2832,1061,393,591,439,348
2021,Walsall 039,E02002148,9321,5691,5496,4716,1213,3503,133,30,103,647,246,401,195,186,137,130,89,41,1,0,1,6,5,1,49,3444,2273,403,331,234,203
2021,Wolverhampton 001,E02002149,8180,4582,4274,3752,968,2784,76,21,55,446,161,285,308,160,122,113,79,34,3,2,1,6,4,2,38,3438,1990,398,413,422,215
2021,Wolverhampton 002,E02002150,4580,2681,2483,2132,559,1573,64,15,49,287,105,182,198,115,76,75,50,25,0,0,0,1,0,1,39,1784,912,246,278,206,142
2021,Wolverhampton 003,E02002151,4416,2609,2356,2098,536,1562,26,11,15,232,100,132,253,81,60,55,39,16,2,2,0,3,3,0,21,1726,805,197,288,287,149
2021,Wolverhampton 004,E02002152,4677,2532,2268,1999,594,1405,50,8,42,219,88,131,264,97,61,60,47,13,0,0,0,1,0,1,36,2048,763,292,385,385,223
2021,Wolverhampton 005,E02002153,6109,3429,3218,2866,810,2056,39,6,33,313,104,209,211,103,77,72,60,12,0,0,0,5,5,0,26,2577,1454,250,321,368,184
2021,Wolverhampton 006,E02002154,5730,3705,3471,3056,649,2407,61,13,48,354,121,233,234,137,83,78,57,21,0,0,0,5,0,5,54,1888,824,317,326,242,179
2021,Wolverhampton 007,E02002155,4521,2451,2160,1920,676,1244,41,20,21,199,71,128,291,140,86,80,65,15,1,1,0,5,5,0,54,1930,643,323,448,325,191
2021,Wolverhampton 008,E02002156,6665,3987,3755,3283,878,2405,87,15,72,385,140,245,232,129,78,76,58,18,0,0,0,2,1,1,51,2549,1399,294,356,285,215
2021,Wolverhampton 009,E02002157,6374,3886,3705,3171,801,2370,101,23,78,433,210,223,181,106,69,68,51,17,0,0,0,1,0,1,37,2382,1463,329,251,177,162
2021,Wolverhampton 010,E02002158,6138,3400,3136,2762,782,1980,65,13,52,309,99,210,264,78,56,53,44,9,0,0,0,3,1,2,22,2660,1639,232,312,295,182
2021,Wolverhampton 011,E02002159,4533,2569,2282,2034,606,1428,43,10,33,205,80,125,287,168,114,110,70,40,1,0,1,3,0,3,54,1796,539,331,390,278,258
2021,Wolverhampton 012,E02002160,6089,3532,3338,2903,715,2188,88,18,70,347,126,221,194,85,55,54,44,10,0,0,0,1,0,1,30,2472,1278,304,379,249,262
2021,Wolverhampton 013,E02002161,5261,3055,2788,2317,560,1757,111,28,83,360,180,180,267,194,139,124,75,49,0,0,0,15,7,8,55,2012,523,430,493,280,286
2021,Wolverhampton 014,E02002162,6567,3408,3248,2653,684,1969,185,47,138,410,183,227,160,102,78,73,60,13,1,1,0,4,3,1,24,3057,2166,278,237,246,130
2021,Wolverhampton 015,E02002163,8948,5074,4452,3943,1020,2923,96,33,63,413,146,267,622,284,201,181,114,67,5,4,1,15,7,8,83,3590,1140,510,781,664,495
2021,Wolverhampton 016,E02002164,5288,2467,2058,1720,437,1283,64,26,38,274,126,148,409,509,327,296,205,91,5,5,0,26,14,12,182,2312,421,734,515,250,392
2021,Wolverhampton 017,E02002165,6559,3879,3411,2925,683,2242,61,24,37,425,198,227,468,220,128,116,72,44,3,1,2,9,3,6,92,2460,962,379,386,333,400
2021,Wolverhampton 018,E02002166,7253,3843,3418,3009,842,2167,72,16,56,337,101,236,425,167,122,112,75,37,1,0,1,9,3,6,45,3243,1314,468,592,558,311
2021,Wolverhampton 019,E02002167,5527,3145,2969,2474,650,1824,121,30,91,374,161,213,176,71,48,45,29,16,1,1,0,2,0,2,23,2311,1540,221,190,191,169
2021,Wolverhampton 020,E02002168,9262,4703,4044,3482,914,2568,98,36,62,464,179,285,659,698,446,422,319,103,5,5,0,19,11,8,252,3861,931,1114,718,549,549
2021,Wolverhampton 021,E02002169,7322,3991,3819,3220,786,2434,138,31,107,461,190,271,172,133,101,94,70,24,2,1,1,5,0,5,32,3198,2197,328,273,204,196
2021,Wolverhampton 022,E02002170,4985,2736,2534,2226,623,1603,60,8,52,248,81,167,202,105,68,64,53,11,2,1,1,2,1,1,37,2144,980,277,372,278,237
2021,Wolverhampton 023,E02002171,6030,3233,2944,2613,706,1907,56,10,46,275,91,184,289,129,90,84,64,20,0,0,0,6,6,0,39,2668,1268,289,487,395,229
2021,Wolverhampton 026,E02002174,6349,3732,3504,2952,735,2217,113,25,88,439,192,247,228,109,71,65,52,13,1,1,0,5,3,2,38,2508,1427,329,289,273,190
2021,Wolverhampton 027,E02002175,6079,3273,2933,2598,707,1891,69,14,55,266,114,152,340,159,104,99,66,33,0,0,0,5,5,0,55,2647,1050,331,528,399,339
2021,Wolverhampton 028,E02002176,6240,3571,3318,2882,802,2080,64,14,50,372,141,231,253,104,62,57,41,16,2,1,1,3,3,0,42,2565,1400,292,310,307,256
2021,Wolverhampton 029,E02002177,8788,5287,4757,4203,986,3217,114,29,85,440,159,281,530,251,191,173,121,52,3,1,2,15,13,2,60,3250,1161,446,705,520,418
2021,Wolverhampton 030,E02002178,6746,3795,3540,2998,740,2258,148,42,106,394,150,244,255,136,94,90,66,24,0,0,0,4,4,0,42,2815,1605,327,356,272,255
2021,Wolverhampton 031,E02002179,5325,3131,2992,2571,677,1894,86,21,65,335,139,196,139,52,37,36,29,7,0,0,0,1,1,0,15,2142,1360,274,218,143,147
2021,Wolverhampton 032,E02002180,5242,2908,2706,2358,613,1745,57,16,41,291,96,195,202,126,91,86,67,19,0,0,0,5,4,1,35,2208,1225,268,285,268,162
2021,Wolverhampton 033,E02002181,6442,3785,3494,3122,785,2337,70,11,59,302,89,213,291,137,98,93,70,23,1,0,1,4,4,0,39,2520,1039,317,504,420,240
2021,Wolverhampton 034,E02002182,5342,3044,2808,2442,654,1788,62,11,51,304,95,209,236,108,68,64,53,11,0,0,0,4,4,0,40,2190,1095,280,305,321,189
2021,Derby 014,E02002809,5696,3235,3123,2733,696,2037,43,8,35,347,148,199,112,95,73,70,53,17,0,0,0,3,0,3,22,2366,1496,184,246,302,138
2021,Derby 017,E02002812,6414,3627,3467,2943,734,2209,104,38,66,420,197,223,160,150,109,101,83,18,0,0,0,8,3,5,41,2637,1437,327,344,297,232
2021,Derby 018,E02002813,8589,4493,4047,3434,1074,2360,116,60,56,497,247,250,446,199,146,132,108,24,4,1,3,10,9,1,53,3897,830,635,1070,671,691
2021,Derby 019,E02002814,6085,3229,3134,2729,729,2000,65,10,55,340,166,174,95,100,81,72,58,14,1,0,1,8,6,2,19,2756,2132,188,179,152,105
2021,Derby 020,E02002815,6376,3308,3040,2455,788,1667,106,34,72,479,227,252,268,190,151,142,108,34,6,5,1,3,3,0,39,2878,596,520,820,380,562
2021,Derby 021,E02002816,7372,4531,4364,3704,962,2742,157,36,121,503,217,286,167,185,142,140,119,21,0,0,0,2,1,1,43,2656,1557,418,346,196,139
2021,Derby 022,E02002817,5153,2792,2674,2259,633,1626,64,14,50,351,161,190,118,102,80,74,64,10,1,1,0,5,4,1,22,2259,1437,257,255,180,130
2021,Derby 023,E02002818,6287,3303,2988,2529,753,1776,83,29,54,376,175,201,315,159,114,107,86,21,0,0,0,7,3,4,45,2825,928,447,600,437,413
2021,Derby 024,E02002819,6216,3782,3568,3247,686,2561,40,9,31,281,97,184,214,118,88,84,66,18,1,1,0,3,3,0,30,2316,1228,225,297,382,184
2021,Derby 025,E02002820,7758,4726,4424,3900,1029,2871,77,14,63,447,182,265,302,195,158,155,117,38,0,0,0,3,2,1,37,2837,1286,360,467,455,269
2021,Derby 026,E02002821,9139,5433,4958,4399,1222,3177,111,35,76,448,158,290,475,192,153,144,96,48,3,3,0,6,5,1,39,3514,1070,562,806,637,439
2021,Derby 027,E02002822,5489,3162,3014,2582,703,1879,81,17,64,351,159,192,148,110,80,79,68,11,0,0,0,1,1,0,30,2217,1239,238,315,235,190
2021,Derby 028,E02002823,6258,3364,3178,2853,806,2047,56,14,42,269,113,156,186,105,71,70,61,9,0,0,0,1,1,0,34,2789,1634,234,338,422,161
2021,Derby 029,E02002824,8251,4662,4355,3793,1020,2773,93,21,72,469,159,310,307,177,137,135,103,32,0,0,0,2,2,0,40,3412,1472,484,658,458,340
2021,Derby 030,E02002825,7019,4163,3991,3483,836,2647,91,10,81,417,186,231,172,123,93,87,71,16,0,0,0,6,5,1,30,2733,1776,311,225,281,140
2021,Derby 031,E02002826,5655,3559,3432,3019,729,2290,69,20,49,344,153,191,127,126,101,101,89,12,0,0,0,0,0,0,25,1970,1203,244,225,187,111
2021,Herefordshire 001,E02002905,5420,2970,2893,1906,627,1279,156,28,128,831,351,480,77,58,43,39,31,8,0,0,0,4,4,0,15,2392,1794,158,188,127,125
2021,Herefordshire 004,E02002908,7593,4145,4020,2690,791,1899,197,38,159,1133,465,668,125,80,67,63,53,10,0,0,0,4,3,1,13,3368,2520,232,308,144,164
2021,Herefordshire 005,E02002909,9217,5014,4836,3461,1003,2458,223,46,177,1152,459,693,178,94,73,62,52,10,1,0,1,10,5,5,21,4109,2921,272,319,340,257
2021,Telford and Wrekin 001,E02002928,5080,2594,2515,2189,591,1598,65,12,53,261,121,140,79,149,120,107,92,15,0,0,0,13,7,6,29,2337,1474,471,138,167,87
2021,Telford and Wrekin 002,E02002929,5731,2746,2681,2101,527,1574,153,27,126,427,198,229,65,177,132,117,99,18,0,0,0,15,10,5,45,2808,1598,793,176,136,105
2021,Telford and Wrekin 003,E02002930,5729,3116,3014,2630,679,1951,52,9,43,332,141,191,102,176,143,133,100,33,3,3,0,7,3,4,33,2437,1476,510,154,209,88
2021,Telford and Wrekin 004,E02002931,5468,3311,3242,2801,674,2127,78,9,69,363,144,219,69,80,56,55,44,11,0,0,0,1,1,0,24,2077,1422,230,176,141,108
2021,Telford and Wrekin 005,E02002932,6965,4147,3922,3521,886,2635,60,12,48,341,129,212,225,128,94,89,73,16,0,0,0,5,1,4,34,2690,1211,324,431,506,218
2021,Telford and Wrekin 006,E02002933,6714,3899,3744,3323,800,2523,70,14,56,351,137,214,155,125,96,92,70,22,0,0,0,4,2,2,29,2690,1844,224,240,255,127
2021,Telford and Wrekin 007,E02002934,5063,2963,2841,2478,572,1906,58,14,44,305,122,183,122,96,77,77,58,19,0,0,0,0,0,0,19,2004,1164,232,259,222,127
2021,Telford and Wrekin 008,E02002935,5560,3167,2991,2619,640,1979,49,7,42,323,114,209,176,77,50,49,37,12,0,0,0,1,1,0,27,2316,1407,179,264,274,192
2021,Telford and Wrekin 009,E02002936,8476,5595,5313,4732,908,3824,86,15,71,495,173,322,282,215,173,168,122,46,0,0,0,5,1,4,42,2666,1043,393,505,426,299
2021,Telford and Wrekin 010,E02002937,9141,5486,5322,4290,1002,3288,193,36,157,839,363,476,164,114,86,83,67,16,2,1,1,1,0,1,28,3541,2437,324,299,308,173
2021,Telford and Wrekin 011,E02002938,5754,3173,2968,2542,646,1896,60,23,37,366,166,200,205,104,76,72,55,17,2,2,0,2,0,2,28,2477,1067,330,461,363,256
2021,Telford and Wrekin 012,E02002939,6305,3510,3342,2927,688,2239,79,17,62,336,150,186,168,99,79,76,62,14,0,0,0,3,0,3,20,2696,1602,208,275,398,213
2021,Telford and Wrekin 013,E02002940,4894,2946,2812,2481,539,1942,38,5,33,293,101,192,134,68,48,48,36,12,0,0,0,0,0,0,20,1880,1150,132,177,274,147
2021,Telford and Wrekin 014,E02002941,8576,5009,4777,4215,991,3224,71,10,61,491,192,299,232,139,96,92,70,22,0,0,0,4,3,1,43,3428,1929,259,408,550,282
2021,Telford and Wrekin 015,E02002942,6294,4065,3942,3431,735,2696,79,13,66,432,173,259,123,143,90,85,62,23,3,1,2,2,1,1,53,2086,1212,339,227,180,128
2021,Telford and Wrekin 017,E02002944,6499,3717,3487,3130,788,2342,55,12,43,302,106,196,230,121,86,76,46,30,2,0,2,8,5,3,35,2661,1105,300,463,559,234
2021,Telford and Wrekin 018,E02002945,7483,4520,4283,3834,902,2932,67,13,54,382,132,250,237,131,92,81,53,28,1,1,0,10,3,7,39,2832,1330,325,464,436,277
2021,Telford and Wrekin 019,E02002946,6285,3709,3552,3136,781,2355,54,13,41,362,135,227,157,83,57,54,44,10,0,0,0,3,1,2,26,2493,1416,177,349,397,154
2021,Telford and Wrekin 020,E02002947,5385,2985,2725,2430,648,1782,32,10,22,263,110,153,260,97,67,61,47,14,2,1,1,4,0,4,30,2303,1022,264,367,430,220
2021,Telford and Wrekin 021,E02002948,5469,2980,2691,2384,621,1763,42,9,33,265,92,173,289,118,81,79,57,22,2,2,0,0,0,0,37,2371,780,309,533,495,254
2021,Telford and Wrekin 022,E02002949,4564,2515,2382,2005,515,1490,57,12,45,320,110,210,133,48,29,29,19,10,0,0,0,0,0,0,19,2001,1231,142,162,338,128
2021,Telford and Wrekin 023,E02002950,4494,2296,2098,1812,469,1343,39,7,32,247,105,142,198,69,47,45,32,13,0,0,0,2,2,0,22,2129,1047,193,348,352,189
2021,Derbyshire Dales 010,E02004077,7049,4033,3873,2865,761,2104,219,40,179,789,323,466,160,81,65,61,49,12,0,0,0,4,4,0,16,2935,1883,249,232,129,442
2021,Erewash 009,E02004086,5976,3402,3279,2798,737,2061,93,19,74,388,175,213,123,87,69,68,55,13,0,0,0,1,0,1,18,2487,1777,208,204,190,108
2021,Erewash 011,E02004088,6395,3818,3710,3228,781,2447,83,20,63,399,168,231,108,110,81,77,72,5,0,0,0,4,4,0,29,2467,1812,257,148,132,118
2021,Erewash 013,E02004090,5075,2854,2754,2325,625,1700,89,19,70,340,151,189,100,70,59,52,40,12,0,0,0,7,7,0,11,2151,1559,144,164,164,120
2021,Erewash 014,E02004091,7823,4994,4844,4296,1072,3224,60,11,49,488,212,276,150,111,86,85,71,14,0,0,0,1,0,1,25,2718,1862,222,209,236,189
2021,Erewash 015,E02004092,7701,4608,4429,3910,973,2937,66,10,56,453,182,271,179,101,85,85,70,15,0,0,0,0,0,0,16,2992,1947,237,287,334,187
2021,South Derbyshire 001,E02004118,6331,3982,3870,3171,738,2433,152,25,127,547,201,346,112,110,95,87,60,27,2,2,0,6,3,3,15,2239,1456,196,208,131,248
2021,South Derbyshire 002,E02004119,9424,6340,6189,5408,1174,4234,123,24,99,658,273,385,151,187,142,134,116,18,0,0,0,8,8,0,45,2897,1858,389,323,195,132
2021,South Derbyshire 003,E02004120,8759,5765,5568,4910,1090,3820,119,31,88,539,220,319,197,129,95,95,68,27,0,0,0,0,0,0,34,2865,1821,309,329,228,178
2021,South Derbyshire 004,E02004121,7505,4789,4664,4002,907,3095,134,26,108,528,247,281,125,139,120,112,96,16,1,1,0,7,6,1,19,2577,1796,253,261,155,112
2021,South Derbyshire 005,E02004122,5720,3259,3193,2617,610,2007,125,29,96,451,220,231,66,97,70,66,57,9,0,0,0,4,3,1,27,2364,1600,401,175,97,91
2021,South Derbyshire 006,E02004123,5659,3318,3227,2616,694,1922,97,23,74,514,232,282,91,65,48,43,35,8,0,0,0,5,3,2,17,2276,1665,186,198,144,83
2021,South Derbyshire 007,E02004124,6149,3559,3431,2947,756,2191,68,14,54,416,150,266,128,126,97,95,76,19,1,1,0,1,1,0,29,2464,1544,184,286,301,149
2021,South Derbyshire 008,E02004125,7140,4223,4028,3552,860,2692,64,11,53,412,147,265,195,133,110,105,76,29,1,1,0,4,4,0,23,2784,1689,206,320,402,167
2021,South Derbyshire 009,E02004126,6131,3526,3416,3037,748,2289,59,12,47,320,111,209,110,92,63,61,51,10,0,0,0,2,1,1,29,2513,1623,143,262,308,177
2021,South Derbyshire 011,E02004128,9532,5691,5519,4644,1135,3509,149,37,112,726,282,444,172,143,117,110,97,13,0,0,0,7,3,4,26,3698,2515,270,334,327,252
2021,Blaby 003,E02005335,6210,3564,3481,2810,715,2095,159,39,120,512,248,264,83,115,87,86,72,14,0,0,0,1,0,1,28,2531,1835,226,204,150,116
2021,Blaby 010,E02005342,6030,3647,3536,2961,799,2162,91,18,73,484,208,276,111,78,61,57,46,11,1,1,0,3,2,1,17,2305,1676,191,178,148,112
2021,Blaby 012,E02005344,7518,4646,4539,3788,885,2903,114,23,91,637,270,367,107,144,95,88,77,11,1,1,0,6,6,0,49,2728,1973,213,257,178,107
2021,Charnwood 005,E02005349,6495,3956,3847,3332,791,2541,82,20,62,433,167,266,109,101,81,78,71,7,2,2,0,1,1,0,20,2438,1662,191,196,236,153
2021,Charnwood 006,E02005350,5843,3477,3346,2925,717,2208,56,9,47,365,150,215,131,83,71,69,55,14,1,0,1,1,1,0,12,2283,1530,190,185,256,122
2021,Harborough 006,E02005372,8592,5287,5172,3910,1052,2858,260,54,206,1002,417,585,115,132,111,104,89,15,0,0,0,7,6,1,21,3173,2283,291,267,167,165
2021,Hinckley and Bosworth 001,E02005377,7417,4335,4215,3505,874,2631,122,26,96,588,255,333,120,99,72,69,54,15,1,0,1,2,2,0,27,2983,2164,258,238,199,124
2021,Hinckley and Bosworth 004,E02005380,7289,4161,4076,3267,882,2385,162,37,125,647,288,359,85,93,79,72,66,6,1,0,1,6,6,0,14,3035,2259,251,238,154,133
2021,Hinckley and Bosworth 005,E02005381,7277,4133,4026,3307,830,2477,136,31,105,583,247,336,107,128,96,86,70,16,0,0,0,10,7,3,32,3016,2233,236,237,176,134
2021,Hinckley and Bosworth 006,E02005382,8752,5258,5043,4339,1035,3304,99,24,75,605,267,338,215,109,88,84,75,9,0,0,0,4,4,0,21,3385,2133,275,344,397,236
2021,Hinckley and Bosworth 007,E02005383,7584,4595,4430,3771,929,2842,82,19,63,577,249,328,165,81,57,54,40,14,0,0,0,3,2,1,24,2908,1821,279,272,325,211
2021,Hinckley and Bosworth 008,E02005384,6179,3743,3646,2911,734,2177,139,24,115,596,242,354,97,104,87,79,69,10,0,0,0,8,8,0,17,2332,1683,208,197,144,100
2021,Hinckley and Bosworth 009,E02005385,5611,3271,3178,2692,649,2043,85,23,62,401,180,221,93,87,74,73,63,10,1,0,1,0,0,0,13,2253,1706,161,161,114,111
2021,Hinckley and Bosworth 010,E02005386,7615,4894,4655,3998,873,3125,89,20,69,568,227,341,239,95,74,71,54,17,1,0,1,2,0,2,21,2626,1501,241,258,373,253
2021,Hinckley and Bosworth 011,E02005387,8074,5283,5118,4486,1015,3471,101,24,77,531,212,319,165,125,104,104,85,19,0,0,0,0,0,0,21,2666,1655,252,292,281,186
2021,Hinckley and Bosworth 012,E02005388,5092,3209,3085,2680,648,2032,58,12,46,347,140,207,124,69,49,48,37,11,1,0,1,0,0,0,20,1814,1127,164,191,206,126
2021,Hinckley and Bosworth 013,E02005389,5058,2751,2651,2206,549,1657,67,19,48,378,166,212,100,81,63,61,56,5,1,0,1,1,1,0,18,2226,1577,174,178,217,80
2021,Hinckley and Bosworth 014,E02005390,8625,5335,5238,4454,1071,3383,126,14,112,658,296,362,97,143,111,103,91,12,2,0,2,6,5,1,32,3147,2467,242,176,121,141
2021,North West Leicestershire 001,E02005397,7745,4809,4665,3978,851,3127,121,24,97,566,247,319,144,100,76,73,57,16,0,0,0,3,3,0,24,2836,1914,274,258,229,161
2021,North West Leicestershire 002,E02005398,5883,3104,3011,2499,571,1928,88,20,68,424,191,233,93,160,116,103,88,15,1,1,0,12,12,0,44,2619,1442,808,149,124,96
2021,North West Leicestershire 003,E02005399,6708,4265,4151,3619,817,2802,82,20,62,450,198,252,114,105,71,69,60,9,0,0,0,2,1,1,34,2338,1538,262,240,174,124
2021,North West Leicestershire 004,E02005400,4880,2700,2619,2206,562,1644,67,19,48,346,140,206,81,48,43,39,33,6,4,2,2,0,0,0,5,2132,1519,146,210,167,90
2021,North West Leicestershire 005,E02005401,5391,3211,3123,2512,625,1887,142,42,100,469,217,252,88,99,80,78,63,15,0,0,0,2,1,1,19,2081,1468,205,182,133,93
2021,North West Leicestershire 006,E02005402,5584,3152,3047,2634,672,1962,90,16,74,323,160,163,105,89,72,71,60,11,0,0,0,1,1,0,17,2343,1686,218,179,168,92
2021,North West Leicestershire 007,E02005403,5607,3319,3215,2781,671,2110,73,22,51,361,136,225,104,58,37,35,31,4,0,0,0,2,2,0,21,2230,1590,133,164,220,123
2021,North West Leicestershire 008,E02005404,7126,4423,4276,3652,893,2759,86,18,68,538,221,317,147,125,94,91,76,15,1,1,0,2,1,1,31,2578,1648,214,295,271,150
2021,North West Leicestershire 009,E02005405,5857,3121,2963,2560,668,1892,70,16,54,333,124,209,158,84,63,60,47,13,0,0,0,3,3,0,21,2652,1558,223,313,366,192
2021,North West Leicestershire 010,E02005406,6320,4205,4023,3546,844,2702,70,14,56,407,171,236,182,89,73,71,51,20,0,0,0,2,0,2,16,2026,1037,204,314,277,194
2021,North West Leicestershire 011,E02005407,8886,6140,5978,5232,1115,4117,102,22,80,644,260,384,162,142,104,99,77,22,0,0,0,5,4,1,38,2604,1639,310,303,197,155
2021,North West Leicestershire 012,E02005408,6465,4013,3867,3232,784,2448,111,20,91,524,197,327,146,121,91,84,68,16,1,1,0,6,2,4,30,2331,1595,203,213,185,135
2021,North West Leicestershire 013,E02005409,9704,6196,6000,5134,1185,3949,154,44,110,712,278,434,196,116,99,92,81,11,3,3,0,4,3,1,17,3392,2190,321,352,327,202
2021,Shropshire 025,E02006008,8568,5491,5278,4493,982,3511,144,20,124,641,277,364,213,98,73,67,58,9,0,0,0,6,5,1,25,2979,2000,289,276,246,168
2021,Shropshire 027,E02006009,6961,4112,3987,3493,685,2808,100,19,81,394,201,193,125,252,225,221,59,162,3,3,0,1,1,0,27,2597,1667,375,197,192,166
2021,Shropshire 029,E02006010,9948,5520,5323,4063,1159,2904,199,44,155,1061,422,639,197,110,79,73,60,13,0,0,0,6,2,4,31,4318,3078,327,338,357,218
2021,Shropshire 031,E02006011,4829,2514,2401,1974,573,1401,77,13,64,350,148,202,113,57,45,40,33,7,0,0,0,5,1,4,12,2258,1697,159,164,144,94
2021,Shropshire 033,E02006012,5385,2900,2777,2242,685,1557,85,17,68,450,198,252,123,57,42,40,30,10,1,0,1,1,0,1,15,2428,1812,142,171,177,126
2021,Shropshire 034,E02006013,6790,3797,3655,2672,781,1891,210,34,176,773,301,472,142,87,64,57,51,6,1,0,1,6,3,3,23,2906,2047,228,288,163,180
2021,Shropshire 035,E02006014,8484,4584,4431,3148,888,2260,198,36,162,1085,438,647,153,97,81,74,62,12,0,0,0,7,4,3,16,3803,2691,236,423,284,169
2021,Shropshire 002,E02006016,6963,3909,3784,2752,750,2002,207,48,159,825,335,490,125,92,79,71,58,13,1,0,1,7,7,0,13,2962,2111,222,262,209,158
2021,Shropshire 005,E02006018,10284,5831,5601,4735,1288,3447,145,39,106,721,282,439,230,113,89,83,67,16,0,0,0,6,5,1,24,4340,2914,288,451,443,244
2021,Shropshire 009,E02006020,6583,3705,3587,2777,686,2091,157,28,129,653,265,388,118,67,50,50,38,12,0,0,0,0,0,0,17,2811,1467,197,236,201,710
2021,Shropshire 013,E02006022,5049,3072,2976,2359,601,1758,121,22,99,496,199,297,96,84,74,69,58,11,1,0,1,4,2,2,10,1893,1309,150,188,148,98
2021,Shropshire 024,E02006038,6959,4066,3928,3186,938,2248,131,27,104,611,254,357,138,114,100,93,85,8,0,0,0,7,6,1,14,2779,2019,218,226,196,120
2021,Shropshire 028,E02006040,6603,3831,3752,2604,764,1840,205,40,165,943,364,579,79,91,77,75,63,12,0,0,0,2,2,0,14,2681,1832,327,231,175,116
2021,Shropshire 036,E02006043,5708,3245,3140,2221,701,1520,151,38,113,768,292,476,105,55,41,41,35,6,0,0,0,0,0,0,14,2408,1717,136,254,172,129
2021,Shropshire 039,E02006046,7585,4174,4059,3023,946,2077,133,24,109,903,388,515,115,65,50,46,40,6,0,0,0,4,1,3,15,3346,2474,207,287,215,163
2021,Cannock Chase 001,E02006118,6315,3586,3476,2929,734,2195,94,23,71,453,179,274,110,106,86,84,71,13,0,0,0,2,2,0,20,2623,1977,187,188,156,115
2021,Cannock Chase 002,E02006119,6671,3845,3644,3184,849,2335,77,21,56,383,134,249,201,117,98,94,73,21,0,0,0,4,0,4,19,2709,1468,221,348,434,238
2021,Cannock Chase 003,E02006120,7485,4520,4308,3747,926,2821,57,11,46,504,185,319,212,132,107,102,78,24,0,0,0,5,4,1,25,2833,1740,230,343,335,185
2021,Cannock Chase 004,E02006121,4842,3015,2879,2432,661,1771,53,12,41,394,121,273,136,61,38,37,31,6,1,1,0,0,0,0,23,1766,1058,133,208,235,132
2021,Cannock Chase 005,E02006122,6576,4296,4131,3546,817,2729,69,9,60,516,153,363,165,119,87,84,64,20,0,0,0,3,3,0,32,2161,1251,173,287,274,176
2021,Cannock Chase 006,E02006123,5301,3400,3274,2775,707,2068,82,14,68,417,159,258,126,93,64,61,53,8,0,0,0,3,2,1,29,1808,1141,133,203,200,131
2021,Cannock Chase 007,E02006124,5828,3268,3066,2609,752,1857,60,14,46,397,110,287,202,78,56,53,43,10,0,0,0,3,1,2,22,2482,1176,190,424,492,200
2021,Cannock Chase 008,E02006125,6058,3474,3275,2808,773,2035,54,10,44,413,135,278,199,89,59,53,38,15,0,0,0,6,3,3,30,2495,1423,203,306,374,189
2021,Cannock Chase 009,E02006126,6926,4393,4250,3610,930,2680,75,16,59,565,174,391,143,95,65,63,52,11,1,1,0,1,1,0,30,2438,1539,209,235,307,148
2021,Cannock Chase 010,E02006127,5709,4091,3983,3458,889,2569,64,14,50,461,150,311,108,137,98,95,80,15,0,0,0,3,2,1,39,1481,890,175,170,135,111
2021,Cannock Chase 011,E02006128,7242,3923,3747,3087,872,2215,109,17,92,551,199,352,176,113,83,80,63,17,0,0,0,3,2,1,30,3206,2321,181,255,295,154
2021,Cannock Chase 012,E02006129,6753,4003,3771,3241,870,2371,79,12,67,451,137,314,232,104,83,79,63,16,1,0,1,3,2,1,21,2646,1353,229,359,446,259
2021,Cannock Chase 013,E02006130,6772,4214,4078,3458,845,2613,91,15,76,529,162,367,136,108,74,71,64,7,0,0,0,3,3,0,34,2450,1537,202,271,269,171
2021,East Staffordshire 001,E02006131,6533,3771,3665,2894,752,2142,142,16,126,629,232,397,106,107,80,72,62,10,1,1,0,7,6,1,27,2655,1901,261,218,156,119
2021,East Staffordshire 002,E02006132,5639,3569,3473,3096,811,2285,54,13,41,323,112,211,96,114,92,90,72,18,1,0,1,1,1,0,22,1956,1262,178,184,213,119
2021,East Staffordshire 003,E02006133,5820,3588,3482,3027,782,2245,79,25,54,376,146,230,106,152,115,107,83,24,1,0,1,7,3,4,37,2080,1330,184,194,259,113
2021,East Staffordshire 004,E02006134,8669,5035,4906,4162,1057,3105,145,30,115,599,287,312,129,132,110,106,91,15,1,1,0,3,2,1,22,3502,2557,291,300,224,130
2021,East Staffordshire 005,E02006135,6529,3722,3609,3129,831,2298,72,19,53,408,159,249,113,116,88,88,79,9,0,0,0,0,0,0,28,2691,2020,206,210,138,117
2021,East Staffordshire 006,E02006136,7847,4124,3955,2949,875,2074,195,45,150,811,312,499,169,105,79,79,69,10,0,0,0,0,0,0,26,3618,2185,262,227,154,790
2021,East Staffordshire 007,E02006137,7189,4219,4040,3563,894,2669,74,15,59,403,179,224,179,147,111,109,81,28,0,0,0,2,1,1,36,2823,1494,265,386,474,204
2021,East Staffordshire 008,E02006138,6099,3920,3691,3236,754,2482,82,27,55,373,187,186,229,148,111,106,81,25,0,0,0,5,5,0,37,2031,695,313,453,325,245
2021,East Staffordshire 009,E02006139,6476,4068,3821,3330,715,2615,82,23,59,409,184,225,247,107,87,80,49,31,0,0,0,7,0,7,20,2301,848,283,560,312,298
2021,East Staffordshire 010,E02006140,6727,3858,3692,3176,810,2366,99,27,72,417,146,271,166,150,98,89,71,18,1,0,1,8,5,3,52,2719,1648,238,331,309,193
2021,East Staffordshire 011,E02006141,9492,6236,5873,5198,1040,4158,128,42,86,547,264,283,363,211,174,162,97,65,0,0,0,12,8,4,37,3045,1035,490,686,361,473
2021,East Staffordshire 012,E02006142,4435,2576,2522,2159,526,1633,60,17,43,303,137,166,54,85,71,69,60,9,0,0,0,2,1,1,14,1774,1316,134,123,114,87
2021,East Staffordshire 013,E02006143,7516,4934,4773,4161,891,3270,108,27,81,504,196,308,161,148,118,116,92,24,1,0,1,1,1,0,30,2434,1447,289,356,171,171
2021,East Staffordshire 014,E02006144,6641,3801,3584,3211,798,2413,46,11,35,327,121,206,217,110,81,78,56,22,2,0,2,1,0,1,29,2730,1436,223,362,459,250
2021,East Staffordshire 015,E02006145,4900,2846,2764,2245,594,1651,107,18,89,412,172,240,82,80,56,53,48,5,0,0,0,3,2,1,24,1974,1501,167,150,85,71
2021,Lichfield 001,E02006146,7224,4423,4301,3624,939,2685,128,27,101,549,218,331,122,106,86,83,63,20,0,0,0,3,2,1,20,2695,1825,188,258,267,157
2021,Lichfield 002,E02006147,6919,4160,4038,3333,857,2476,132,25,107,573,273,300,122,132,110,110,90,20,0,0,0,0,0,0,22,2627,1881,277,207,161,101
2021,Lichfield 003,E02006148,6104,3440,3338,2655,731,1924,132,25,107,551,238,313,102,106,71,68,59,9,1,1,0,2,1,1,35,2558,1957,177,194,117,113
2021,Lichfield 004,E02006149,8780,4895,4593,3936,1039,2897,108,23,85,549,250,299,302,142,113,112,90,22,0,0,0,1,1,0,29,3743,2319,354,393,433,244
2021,Lichfield 005,E02006150,9776,5304,5129,4369,1094,3275,127,38,89,633,305,328,175,108,83,80,60,20,1,0,1,2,0,2,25,4364,3336,327,285,258,158
2021,Lichfield 006,E02006151,8075,4865,4703,3961,1005,2956,95,17,78,647,234,413,162,136,106,103,84,19,1,0,1,2,2,0,30,3074,2027,232,275,333,207
2021,Lichfield 007,E02006152,8514,5080,4930,4187,981,3206,131,34,97,612,294,318,150,145,113,105,90,15,0,0,0,8,7,1,32,3289,2289,312,300,234,154
2021,Lichfield 008,E02006153,7523,4834,4675,3857,821,3036,192,44,148,626,274,352,159,106,86,77,65,12,1,0,1,8,8,0,20,2583,1790,248,260,135,150
2021,Lichfield 009,E02006154,8334,4451,4322,3573,964,2609,117,29,88,632,246,386,129,116,82,80,72,8,0,0,0,2,1,1,34,3767,2940,221,227,234,145
2021,Lichfield 010,E02006155,4499,2708,2558,2174,587,1587,50,6,44,334,118,216,150,76,59,58,40,18,0,0,0,1,1,0,17,1715,934,173,237,260,111
2021,Lichfield 011,E02006156,6768,3722,3616,2729,791,1938,278,67,211,609,270,339,106,98,77,72,62,10,1,0,1,4,4,0,21,2948,2206,250,257,97,138
2021,Lichfield 012,E02006157,6093,3400,3227,2645,732,1913,108,25,83,474,207,267,173,92,59,55,46,9,0,0,0,4,2,2,33,2601,1394,198,216,228,565
2021,Newcastle-under-Lyme 016,E02006173,6016,3342,3297,2516,662,1854,178,48,130,603,275,328,45,80,64,62,52,10,1,1,0,1,1,0,16,2594,1918,221,193,134,128
2021,South Staffordshire 001,E02006174,9189,5276,5125,4207,1126,3081,204,49,155,714,268,446,151,178,130,127,108,19,0,0,0,3,3,0,48,3735,2764,259,305,251,156
2021,South Staffordshire 002,E02006175,5529,3522,3373,2770,731,2039,112,31,81,491,159,332,149,79,58,57,48,9,0,0,0,1,0,1,21,1928,1135,160,273,206,154
2021,South Staffordshire 003,E02006176,6223,3349,3249,2575,702,1873,140,26,114,534,225,309,100,78,70,64,55,9,0,0,0,6,6,0,8,2796,2101,181,237,166,111
2021,South Staffordshire 004,E02006177,8223,4767,4588,3850,1001,2849,105,15,90,633,226,407,179,106,72,70,53,17,0,0,0,2,1,1,34,3350,2410,255,285,253,147
2021,South Staffordshire 005,E02006178,6349,3596,3437,2915,791,2124,80,23,57,442,154,288,159,108,79,78,64,14,0,0,0,1,1,0,29,2645,1725,200,272,295,153
2021,South Staffordshire 006,E02006179,8616,3653,3506,2955,866,2089,97,24,73,454,172,282,147,92,67,65,56,9,0,0,0,2,2,0,25,4871,1718,246,164,220,2523
2021,South Staffordshire 007,E02006180,5717,3258,3113,2593,748,1845,108,19,89,412,149,263,145,86,59,58,48,10,0,0,0,1,1,0,27,2373,1473,190,247,305,158
2021,South Staffordshire 008,E02006181,4609,2489,2356,2010,550,1460,54,17,37,292,122,170,133,58,51,48,33,15,0,0,0,3,1,2,7,2062,1356,161,192,220,133
2021,South Staffordshire 009,E02006182,5922,3357,3269,2758,710,2048,113,22,91,398,170,228,88,103,70,68,57,11,0,0,0,2,1,1,33,2462,1865,218,168,124,87
2021,South Staffordshire 012,E02006185,5960,3239,3080,2613,734,1879,95,22,73,372,140,232,159,75,54,50,44,6,0,0,0,4,4,0,21,2646,1814,201,203,269,159
2021,South Staffordshire 013,E02006186,10684,6062,5861,4790,1301,3489,280,60,220,791,310,481,201,108,89,85,63,22,0,0,0,4,2,2,19,4514,3311,374,369,270,190
2021,South Staffordshire 014,E02006187,6139,3101,3010,2328,700,1628,155,27,128,527,225,302,91,73,63,62,53,9,0,0,0,1,1,0,10,2965,2261,208,197,137,162
2021,Stafford 002,E02006189,6141,3263,3183,2539,666,1873,141,30,111,503,211,292,80,96,72,72,57,15,0,0,0,0,0,0,24,2782,2107,186,190,193,106
2021,Stafford 003,E02006190,9122,5446,5233,4533,1107,3426,118,35,83,582,273,309,213,154,123,117,96,21,1,0,1,5,4,1,31,3522,2365,293,290,390,184
2021,Stafford 004,E02006191,6825,3967,3861,3201,805,2396,116,23,93,544,226,318,106,118,102,94,84,10,0,0,0,8,7,1,16,2740,2096,201,194,136,113
2021,Stafford 005,E02006192,7725,4587,4462,3534,860,2674,195,31,164,733,313,420,125,102,83,81,69,12,1,1,0,1,1,0,19,3036,2176,214,202,182,262
2021,Stafford 006,E02006193,6203,3818,3701,3193,705,2488,71,16,55,437,187,250,117,118,97,91,74,17,0,0,0,6,3,3,21,2267,1682,181,185,114,105
2021,Stafford 007,E02006194,6695,4119,3948,3529,881,2648,56,14,42,363,129,234,171,123,97,96,80,16,1,0,1,0,0,0,26,2453,1515,217,275,294,152
2021,Stafford 008,E02006195,7413,4067,3982,3242,815,2427,137,26,111,603,243,360,85,104,88,85,67,18,0,0,0,3,1,2,16,3242,2582,188,200,167,105
2021,Stafford 009,E02006196,5918,3500,3342,3036,679,2357,42,11,31,264,102,162,158,174,142,140,105,35,0,0,0,2,1,1,32,2244,896,229,255,322,542
2021,Stafford 010,E02006197,7803,5171,4905,4391,864,3527,65,19,46,449,181,268,266,148,127,123,88,35,0,0,0,4,4,0,21,2484,1244,229,311,424,276
2021,Stafford 011,E02006198,7391,4609,4497,3926,909,3017,91,18,73,480,205,275,112,142,114,107,90,17,1,1,0,6,3,3,28,2640,1794,306,220,170,150
2021,Stafford 012,E02006199,7128,4104,3989,3300,756,2544,153,23,130,536,254,282,115,126,107,104,87,17,0,0,0,3,0,3,19,2898,2166,246,187,177,122
2021,Stafford 013,E02006200,6149,3488,3280,2918,815,2103,50,13,37,312,129,183,208,126,102,99,75,24,1,1,0,2,0,2,24,2535,1267,242,370,429,227
2021,Stafford 014,E02006201,9953,5435,5324,4598,1163,3435,125,24,101,601,292,309,111,218,177,167,149,18,0,0,0,10,10,0,41,4300,3430,330,266,133,141
2021,Stafford 015,E02006202,7897,4474,4347,3417,894,2523,175,41,134,755,315,440,127,107,85,80,66,14,0,0,0,5,2,3,22,3316,2517,224,239,191,145
2021,Stafford 016,E02006203,6186,3552,3368,2942,782,2160,67,9,58,359,130,229,184,120,96,90,74,16,2,1,1,4,4,0,24,2514,1414,235,326,355,184
2021,Tamworth 001,E02006217,8377,4889,4715,4122,1051,3071,111,19,92,482,189,293,174,177,118,109,78,31,0,0,0,9,5,4,59,3311,2406,234,278,232,161
2021,Tamworth 002,E02006218,7038,4094,3856,3446,806,2640,52,17,35,358,149,209,238,128,105,101,62,39,1,1,0,3,1,2,23,2816,1643,189,311,455,218
2021,Tamworth 003,E02006219,6746,4150,3979,3498,828,2670,70,14,56,411,146,265,171,116,87,84,64,20,0,0,0,3,0,3,29,2480,1457,242,297,296,188
2021,Tamworth 004,E02006220,6104,3523,3364,2995,745,2250,48,12,36,321,120,201,159,116,87,86,63,23,0,0,0,1,1,0,29,2465,1657,172,231,283,122
2021,Tamworth 005,E02006221,4855,3157,3040,2642,611,2031,68,16,52,330,125,205,117,140,103,97,66,31,0,0,0,6,4,2,37,1558,957,156,185,144,116
2021,Tamworth 006,E02006222,5551,3335,3175,2828,706,2122,65,18,47,282,120,162,160,104,76,72,54,18,0,0,0,4,2,2,28,2112,1241,190,264,253,164
2021,Tamworth 007,E02006223,5102,2915,2681,2439,708,1731,28,6,22,214,91,123,234,130,89,88,54,34,0,0,0,1,0,1,41,2057,826,243,405,404,179
2021,Tamworth 008,E02006224,6101,3988,3867,3378,787,2591,76,13,63,413,155,258,121,133,99,97,77,20,0,0,0,2,0,2,34,1980,1207,194,265,191,123
2021,Tamworth 009,E02006225,6069,3681,3580,3112,773,2339,83,15,68,385,142,243,101,115,83,80,62,18,0,0,0,3,2,1,32,2273,1652,176,195,139,111
2021,Tamworth 010,E02006226,7847,5174,4947,4350,1018,3332,68,16,52,529,208,321,227,159,106,101,82,19,0,0,0,5,4,1,53,2514,1494,245,336,265,174
2021,North Warwickshire 001,E02006468,9101,5557,5386,4582,1122,3460,125,19,106,679,280,399,171,143,110,109,80,29,0,0,0,1,0,1,33,3401,2349,291,295,283,183
2021,North Warwickshire 002,E02006469,7073,4320,4138,3536,924,2612,68,20,48,534,226,308,182,98,69,64,48,16,0,0,0,5,5,0,29,2655,1605,242,288,327,193
2021,North Warwickshire 003,E02006470,9667,5527,5272,4549,1145,3404,105,20,85,618,242,376,255,158,130,125,81,44,0,0,0,5,3,2,28,3982,2450,309,414,527,282
2021,North Warwickshire 004,E02006471,5909,3565,3440,2803,715,2088,140,25,115,497,199,298,125,82,65,63,48,15,0,0,0,2,2,0,17,2262,1643,179,209,135,96
2021,North Warwickshire 005,E02006472,8077,4951,4735,3961,992,2969,139,30,109,635,247,388,216,109,88,83,70,13,1,1,0,4,3,1,21,3017,1860,271,337,336,213
2021,North Warwickshire 006,E02006473,8712,5326,5109,4388,1072,3316,117,27,90,604,226,378,217,126,90,84,62,22,0,0,0,6,4,2,36,3260,2359,263,223,234,181
2021,North Warwickshire 007,E02006474,5360,3180,3069,2376,590,1786,151,38,113,542,215,327,111,74,56,51,38,13,0,0,0,5,5,0,18,2106,1397,158,199,212,140
2021,Nuneaton and Bedworth 001,E02006475,7667,4684,4519,3944,915,3029,102,19,83,473,202,271,165,138,99,91,84,7,1,1,0,7,7,0,39,2845,1986,265,243,205,146
2021,Nuneaton and Bedworth 002,E02006476,7340,4583,4282,3793,932,2861,81,24,57,408,154,254,301,108,94,89,57,32,0,0,0,5,1,4,14,2649,1148,296,462,434,309
2021,Nuneaton and Bedworth 003,E02006477,7086,4349,4219,3625,827,2798,121,18,103,473,184,289,130,150,119,117,94,23,0,0,0,2,2,0,31,2587,1835,282,201,167,102
2021,Nuneaton and Bedworth 004,E02006478,6729,4562,4418,3930,883,3047,63,16,47,425,161,264,144,110,81,80,60,20,0,0,0,1,0,1,29,2057,1247,201,238,215,156
2021,Nuneaton and Bedworth 005,E02006479,7515,4523,4234,3819,970,2849,53,14,39,362,131,231,289,141,119,111,71,40,0,0,0,8,6,2,22,2851,1235,292,464,507,353
2021,Nuneaton and Bedworth 006,E02006480,6028,3604,3434,3109,780,2329,43,8,35,282,106,176,170,112,87,83,63,20,2,2,0,2,1,1,25,2312,1297,199,288,323,205
2021,Nuneaton and Bedworth 007,E02006481,5686,3313,3161,2813,733,2080,55,12,43,293,111,182,152,102,81,76,52,24,1,0,1,4,3,1,21,2271,1248,199,319,299,206
2021,Nuneaton and Bedworth 008,E02006482,5842,3689,3545,3138,696,2442,59,10,49,348,131,217,144,89,76,75,57,18,0,0,0,1,1,0,13,2064,1254,207,259,203,141
2021,Nuneaton and Bedworth 009,E02006483,6337,3508,3284,2947,760,2187,59,14,45,278,111,167,224,133,108,107,79,28,0,0,0,1,1,0,25,2696,1300,270,416,443,267
2021,Nuneaton and Bedworth 010,E02006484,6279,3853,3678,3268,797,2471,71,14,57,339,130,209,175,114,90,88,67,21,0,0,0,2,1,1,24,2312,1338,208,259,310,197
2021,Nuneaton and Bedworth 011,E02006485,5757,3211,3101,2649,646,2003,84,23,61,368,155,213,110,81,60,58,46,12,0,0,0,2,0,2,21,2465,1977,182,129,98,79
2021,Nuneaton and Bedworth 012,E02006486,5884,3417,3270,2883,726,2157,51,14,37,336,124,212,147,96,67,65,53,12,0,0,0,2,1,1,29,2371,1558,162,237,265,149
2021,Nuneaton and Bedworth 013,E02006487,5676,3032,2844,2491,692,1799,52,12,40,301,113,188,188,84,55,53,40,13,0,0,0,2,2,0,29,2560,1516,218,284,378,164
2021,Nuneaton and Bedworth 014,E02006488,5252,2571,2497,2117,543,1574,75,9,66,305,124,181,74,64,36,32,22,10,0,0,0,4,3,1,28,2617,2052,141,151,173,100
2021,Nuneaton and Bedworth 015,E02006489,6375,3925,3740,3247,818,2429,75,13,62,418,149,269,185,138,110,102,71,31,0,0,0,8,7,1,28,2312,1176,258,346,307,225
2021,Nuneaton and Bedworth 016,E02006490,6194,3706,3497,3102,783,2319,67,12,55,328,138,190,209,111,72,69,57,12,1,1,0,2,2,0,39,2377,1432,215,284,281,165
2021,Rugby 003,E02006494,6016,3823,3607,3254,673,2581,56,9,47,297,124,173,216,123,97,93,57,36,0,0,0,4,1,3,26,2070,1064,198,262,350,196
2021,Rugby 004,E02006495,6534,3826,3714,3050,703,2347,110,24,86,554,236,318,112,113,84,83,69,14,0,0,0,1,0,1,29,2595,1947,212,180,124,132
2021,Rugby 006,E02006497,6548,4545,4339,3870,817,3053,67,12,55,402,146,256,206,113,90,86,67,19,0,0,0,4,2,2,23,1890,929,205,271,296,189
2021,Rugby 007,E02006498,10665,7070,6833,5910,1381,4529,160,28,132,763,295,468,237,252,207,198,168,30,1,0,1,8,7,1,45,3343,1959,482,433,253,216
2021,Rugby 012,E02006503,8160,4774,4650,3721,877,2844,188,34,154,741,342,399,124,134,106,98,86,12,0,0,0,8,7,1,28,3252,2338,277,289,193,155
2021,Stratford-on-Avon 001,E02006504,5013,2922,2846,2102,602,1500,195,42,153,549,267,282,76,47,39,38,32,6,0,0,0,1,0,1,8,2044,1525,162,180,75,102
2021,Stratford-on-Avon 002,E02006505,5956,3204,3114,2353,698,1655,152,35,117,609,284,325,90,78,56,56,53,3,0,0,0,0,0,0,22,2674,2044,197,200,131,102
2021,Stratford-on-Avon 003,E02006506,4959,2851,2745,2292,632,1660,59,15,44,394,156,238,106,75,65,64,50,14,0,0,0,1,0,1,10,2033,1463,149,179,146,96
2021,Stratford-on-Avon 004,E02006507,9096,5985,5807,4865,1111,3754,122,28,94,820,337,483,178,131,98,92,76,16,0,0,0,6,5,1,33,2980,2101,277,281,194,127
2021,Stratford-on-Avon 005,E02006508,9132,5697,5559,4354,1048,3306,202,41,161,1003,446,557,138,136,110,99,83,16,0,0,0,11,9,2,26,3299,2363,282,310,171,173
2021,Stratford-on-Avon 006,E02006509,5000,2842,2743,2214,641,1573,85,17,68,444,178,266,99,63,51,48,40,8,0,0,0,3,3,0,12,2095,1589,124,128,166,88
2021,Stratford-on-Avon 007,E02006510,5839,3140,3063,2287,625,1662,133,33,100,643,302,341,77,58,41,36,33,3,0,0,0,5,4,1,17,2641,2033,196,196,104,112
2021,Stratford-on-Avon 008,E02006511,8741,5200,5086,4146,1104,3042,172,39,133,768,366,402,114,154,116,113,100,13,0,0,0,3,3,0,38,3387,2353,365,294,218,157
2021,Stratford-on-Avon 009,E02006512,10417,6437,6210,5221,1359,3862,153,36,117,836,381,455,227,132,106,104,76,28,1,0,1,1,1,0,26,3848,2409,327,386,397,329
2021,Stratford-on-Avon 010,E02006513,6885,4001,3850,3066,787,2279,102,27,75,682,365,317,151,100,88,87,77,10,0,0,0,1,0,1,12,2784,2017,253,253,139,122
2021,Stratford-on-Avon 011,E02006514,7661,4211,4064,3200,875,2325,137,32,105,727,392,335,147,105,87,79,70,9,1,0,1,7,7,0,18,3345,2455,264,228,228,170
2021,Stratford-on-Avon 013,E02006516,8113,5003,4873,3760,874,2886,163,41,122,950,449,501,130,88,73,66,53,13,2,1,1,5,5,0,15,3022,2140,251,318,172,141
2021,Warwick 001,E02006519,6713,3765,3665,3009,733,2276,120,25,95,536,270,266,100,146,115,105,80,25,0,0,0,10,9,1,31,2802,2046,368,179,80,129
2021,Warwick 002,E02006520,6999,4077,3953,3347,841,2506,74,16,58,532,266,266,124,121,107,103,90,13,0,0,0,4,4,0,14,2801,2032,346,205,112,106
2021,Warwick 003,E02006521,6129,3282,3168,2631,734,1897,71,15,56,466,218,248,114,122,84,77,58,19,0,0,0,7,7,0,38,2725,2048,253,177,152,95
2021,Warwick 004,E02006522,4881,2984,2904,2220,651,1569,152,24,128,532,267,265,80,69,58,56,50,6,0,0,0,2,1,1,11,1828,1344,170,185,44,85
2021,Warwick 005,E02006523,11074,5228,5090,4159,1078,3081,162,43,119,769,346,423,138,460,271,214,192,22,5,5,0,52,52,0,189,5386,2406,2327,297,215,141
2021,Warwick 006,E02006524,4444,2695,2534,2182,606,1576,45,16,29,307,143,164,161,63,45,41,35,6,0,0,0,4,3,1,18,1686,940,179,197,209,161
2021,Warwick 007,E02006525,11171,6324,6122,5150,994,4156,166,32,134,806,374,432,202,339,262,218,174,44,3,2,1,41,39,2,77,4508,2499,1243,307,246,213
2021,Warwick 008,E02006526,7199,4446,4261,3736,964,2772,68,15,53,457,219,238,185,100,81,78,64,14,1,0,1,2,1,1,19,2653,1790,206,242,275,140
2021,Warwick 009,E02006527,7954,4794,4604,3839,764,3075,116,28,88,649,304,345,190,229,190,177,139,38,1,1,0,12,12,0,39,2931,1634,687,226,223,161
2021,Warwick 010,E02006528,9554,5542,5299,4542,899,3643,108,25,83,649,286,363,243,370,302,254,213,41,3,3,0,45,42,3,68,3642,1367,1330,324,356,265
2021,Warwick 011,E02006529,10223,6759,6480,5690,1255,4435,115,23,92,675,311,364,279,176,143,131,107,24,3,1,2,9,8,1,33,3288,1903,421,379,347,238
2021,Warwick 012,E02006530,10666,6975,6738,5752,1223,4529,157,33,124,829,382,447,237,210,169,151,122,29,0,0,0,18,15,3,41,3481,2122,511,398,262,188
2021,Warwick 013,E02006531,8767,4524,4257,3718,844,2874,76,21,55,463,208,255,267,455,351,302,266,36,4,3,1,45,45,0,104,3788,975,1758,379,398,278
2021,Warwick 014,E02006532,9116,6041,5872,4893,1098,3795,141,32,109,838,399,439,169,167,131,119,93,26,2,2,0,10,8,2,36,2908,1862,365,332,183,166
2021,Warwick 015,E02006533,8361,5601,5388,4649,1050,3599,106,17,89,633,267,366,213,129,101,90,68,22,0,0,0,11,10,1,28,2631,1652,320,260,225,174
2021,Bromsgrove 001,E02006696,5768,3422,3342,2713,739,1974,170,31,139,459,208,251,80,99,86,78,66,12,0,0,0,8,5,3,13,2247,1581,299,183,80,104
2021,Bromsgrove 002,E02006697,6281,3620,3516,2621,740,1881,213,53,160,682,310,372,104,80,70,66,57,9,1,1,0,3,3,0,10,2581,1872,251,214,140,104
2021,Bromsgrove 003,E02006698,5311,3093,2970,2540,651,1889,61,14,47,369,156,213,123,84,69,67,58,9,0,0,0,2,2,0,15,2134,1531,182,174,125,122
2021,Bromsgrove 004,E02006699,4800,2674,2548,2107,588,1519,71,17,54,370,156,214,126,34,22,22,17,5,0,0,0,0,0,0,12,2092,1600,150,158,112,72
2021,Bromsgrove 005,E02006700,5332,2954,2873,2323,591,1732,109,31,78,441,200,241,81,68,53,52,49,3,0,0,0,1,0,1,15,2310,1710,163,140,185,112
2021,Bromsgrove 006,E02006701,5963,3685,3593,2912,707,2205,175,43,132,506,239,267,92,93,77,74,59,15,0,0,0,3,3,0,16,2185,1577,250,192,81,85
2021,Bromsgrove 007,E02006702,4838,2940,2803,2342,628,1714,64,14,50,397,166,231,137,53,36,35,25,10,0,0,0,1,1,0,17,1845,1195,143,191,191,125
2021,Bromsgrove 008,E02006703,6553,3962,3835,3180,796,2384,136,20,116,519,229,290,127,99,83,80,73,7,1,1,0,2,0,2,16,2492,1817,210,215,154,96
2021,Bromsgrove 009,E02006704,5710,3234,3130,2473,643,1830,155,38,117,502,200,302,104,105,86,79,63,16,0,0,0,7,5,2,19,2371,1764,197,166,147,97
2021,Bromsgrove 010,E02006705,5940,3709,3535,3019,844,2175,72,14,58,444,176,268,174,94,82,80,60,20,0,0,0,2,2,0,12,2137,1350,259,187,212,129
2021,Bromsgrove 011,E02006706,5864,3132,2981,2521,718,1803,72,13,59,388,177,211,151,70,53,53,43,10,0,0,0,0,0,0,17,2662,1789,354,161,224,134
2021,Bromsgrove 012,E02006707,5422,3426,3353,2869,727,2142,77,9,68,407,174,233,73,100,75,73,69,4,0,0,0,2,1,1,25,1896,1382,256,127,57,74
2021,Bromsgrove 013,E02006708,6309,4080,3872,3353,894,2459,81,21,60,438,182,256,208,116,78,75,60,15,0,0,0,3,1,2,38,2113,1136,264,268,276,169
2021,Bromsgrove 014,E02006709,7011,4149,4001,3261,775,2486,131,33,98,609,271,338,148,101,63,55,44,11,4,4,0,4,4,0,38,2761,1661,220,194,222,464
2021,Malvern Hills 001,E02006710,7114,3912,3787,2704,841,1863,162,47,115,921,378,543,125,81,50,49,43,6,0,0,0,1,0,1,31,3121,2278,241,291,186,125
2021,Malvern Hills 002,E02006711,7169,4047,3932,2913,858,2055,211,45,166,808,367,441,115,95,82,74,66,8,1,1,0,7,4,3,13,3027,2198,309,236,150,134
2021,Malvern Hills 003,E02006712,6460,3670,3563,2687,723,1964,150,30,120,726,350,376,107,76,64,60,55,5,0,0,0,4,4,0,12,2714,2027,198,219,166,104
2021,Redditch 001,E02006721,5439,3252,3151,2745,676,2069,40,11,29,366,153,213,101,106,82,78,60,18,1,1,0,3,3,0,24,2081,1498,163,177,147,96
2021,Redditch 002,E02006722,4214,2660,2479,2242,569,1673,34,9,25,203,77,126,181,80,60,56,42,14,1,1,0,3,3,0,20,1474,643,166,242,272,151
2021,Redditch 003,E02006723,7248,4698,4477,3896,914,2982,70,17,53,511,200,311,221,127,97,94,79,15,0,0,0,3,0,3,30,2423,1145,302,380,362,234
2021,Redditch 004,E02006724,5537,3446,3218,2799,653,2146,43,13,30,376,162,214,228,109,85,78,55,23,2,1,1,5,2,3,24,1982,725,264,433,312,248
2021,Redditch 005,E02006725,4481,2727,2566,2266,542,1724,36,6,30,264,116,148,161,56,40,40,32,8,0,0,0,0,0,0,16,1698,952,157,214,248,127
2021,Redditch 006,E02006726,5201,3299,3155,2757,628,2129,61,15,46,337,137,200,144,89,55,54,45,9,0,0,0,1,1,0,34,1813,1039,173,240,200,161
2021,Redditch 007,E02006727,4927,3017,2909,2526,610,1916,68,14,54,315,118,197,108,68,52,48,37,11,1,0,1,3,2,1,16,1842,1331,166,137,111,97
2021,Redditch 008,E02006728,6411,3998,3899,3286,811,2475,95,13,82,518,218,300,99,93,71,69,61,8,1,0,1,1,0,1,22,2320,1718,179,173,136,114
2021,Redditch 009,E02006729,6155,3866,3724,3280,760,2520,58,11,47,386,173,213,142,97,72,69,54,15,2,1,1,1,1,0,25,2192,1382,189,217,244,160
2021,Redditch 010,E02006730,5121,3266,3081,2763,648,2115,25,2,23,293,91,202,185,85,76,72,59,13,1,0,1,3,2,1,9,1770,780,228,320,260,182
2021,Redditch 011,E02006731,4640,2794,2707,2308,596,1712,51,13,38,348,148,200,87,68,55,51,38,13,1,0,1,3,1,2,13,1778,1188,135,167,206,82
2021,Redditch 012,E02006732,5824,3582,3469,2970,708,2262,71,11,60,428,169,259,113,101,74,69,59,10,0,0,0,5,3,2,27,2141,1528,174,162,163,114
2021,Redditch 013,E02006733,5053,3082,2974,2427,636,1791,101,18,83,446,202,244,108,83,70,65,56,9,0,0,0,5,5,0,13,1888,1340,154,140,120,134
2021,Worcester 001,E02006734,6772,4019,3898,3220,840,2380,117,23,94,561,236,325,121,129,94,86,69,17,1,1,0,7,5,2,35,2624,1983,238,180,116,107
2021,Worcester 002,E02006735,4190,2414,2196,1993,632,1361,35,11,24,168,55,113,218,60,45,43,37,6,1,1,0,1,0,1,15,1716,688,152,318,388,170
2021,Worcester 003,E02006736,5355,3825,3710,3303,723,2580,75,11,64,332,128,204,115,77,55,54,45,9,0,0,0,1,0,1,22,1453,856,186,193,108,110
2021,Worcester 004,E02006737,6893,4403,4223,3691,962,2729,61,14,47,471,210,261,180,127,96,87,76,11,0,0,0,9,7,2,31,2363,1512,257,234,215,145
2021,Worcester 005,E02006738,7114,4386,4104,3603,1005,2598,63,17,46,438,167,271,282,148,121,110,79,31,1,1,0,10,9,1,27,2580,1105,309,442,490,234
2021,Worcester 006,E02006739,5148,2139,2058,1725,460,1265,36,4,32,297,129,168,81,607,444,436,412,24,0,0,0,8,8,0,163,2402,1205,946,78,104,69
2021,Worcester 007,E02006740,6606,4056,3812,3259,726,2533,65,11,54,488,201,287,244,321,237,225,175,50,0,0,0,12,12,0,84,2229,1117,500,163,225,224
2021,Worcester 008,E02006741,4991,3420,3311,2938,695,2243,42,1,41,331,139,192,109,92,69,67,60,7,0,0,0,2,2,0,23,1479,905,195,182,94,103
2021,Wychavon 001,E02006748,7157,4416,4281,3397,832,2565,202,43,159,682,313,369,135,71,55,54,45,9,0,0,0,1,1,0,16,2670,1768,254,283,200,165
2021,Wychavon 002,E02006749,4265,2477,2354,2020,573,1447,46,9,37,288,125,163,123,58,41,39,29,10,0,0,0,2,0,2,17,1730,881,221,251,270,107
2021,Wychavon 003,E02006750,4633,2518,2419,2021,509,1512,74,14,60,324,133,191,99,42,31,30,26,4,0,0,0,1,0,1,11,2073,1551,112,164,171,75
2021,Wychavon 004,E02006751,4872,2651,2532,2150,622,1528,57,10,47,325,127,198,119,56,40,39,35,4,0,0,0,1,0,1,16,2165,1423,165,190,265,122
2021,Wychavon 005,E02006752,6838,4154,4030,3425,872,2553,103,16,87,502,228,274,124,123,103,99,82,17,1,0,1,3,2,1,20,2561,1840,241,214,149,117
2021,Wychavon 006,E02006753,6093,3603,3504,2784,740,2044,167,37,130,553,230,323,99,93,75,70,61,9,0,0,0,5,4,1,18,2397,1692,211,234,133,127
2021,Wychavon 007,E02006754,4907,2879,2833,2082,556,1526,158,33,125,593,229,364,46,65,55,51,42,9,1,0,1,3,2,1,10,1963,1465,177,163,72,86
2021,Wychavon 008,E02006755,5047,2789,2736,2006,554,1452,124,30,94,606,259,347,53,78,66,59,49,10,0,0,0,7,5,2,12,2180,1670,163,169,78,100
2021,Wyre Forest 001,E02006767,8021,4305,4161,3165,890,2275,208,50,158,788,333,455,144,128,84,81,68,13,0,0,0,3,1,2,44,3588,2480,328,296,289,195
2021,Wyre Forest 002,E02006768,5791,3290,3182,2698,807,1891,56,13,43,428,162,266,108,100,76,68,60,8,1,1,0,7,3,4,24,2401,1731,133,194,225,118
2021,Wyre Forest 003,E02006769,5928,3626,3514,2948,761,2187,68,17,51,498,206,292,112,87,60,57,50,7,0,0,0,3,1,2,27,2215,1618,187,162,131,117
2021,Wyre Forest 004,E02006770,6582,4001,3721,3210,859,2351,78,28,50,433,194,239,280,152,122,113,81,32,0,0,0,9,9,0,30,2429,1017,273,431,445,263
2021,Wyre Forest 005,E02006771,5784,2946,2831,2236,689,1547,99,21,78,496,219,277,115,62,44,42,37,5,0,0,0,2,1,1,18,2776,2043,199,192,198,144
2021,Wyre Forest 006,E02006772,5560,3061,2928,2453,693,1760,65,12,53,410,184,226,133,71,49,48,36,12,0,0,0,1,0,1,22,2428,1656,174,215,256,127
2021,Wyre Forest 007,E02006773,6859,3641,3432,2911,831,2080,48,10,38,473,203,270,209,96,68,66,45,21,0,0,0,2,1,1,28,3122,2094,231,291,342,164
2021,Wyre Forest 008,E02006774,6179,3858,3668,3138,879,2259,72,21,51,458,206,252,190,92,72,67,52,15,1,1,0,4,4,0,20,2229,1327,194,255,264,189
2021,Wyre Forest 009,E02006775,4723,2660,2480,2150,598,1552,38,8,30,292,116,176,180,61,42,41,31,10,1,1,0,0,0,0,19,2002,920,197,307,392,186
2021,Wyre Forest 010,E02006776,5369,3129,2986,2533,702,1831,62,14,48,391,193,198,143,83,56,56,47,9,0,0,0,0,0,0,27,2157,1547,147,182,170,111
2021,Wyre Forest 011,E02006777,6342,3200,3069,2376,744,1632,127,24,103,566,241,325,131,64,48,45,37,8,0,0,0,3,3,0,16,3078,2368,209,169,208,124
2021,Wyre Forest 012,E02006778,5907,3289,3180,2706,773,1933,46,8,38,428,154,274,109,85,65,60,49,11,1,1,0,4,4,0,20,2533,1777,140,263,213,140
2021,Wyre Forest 013,E02006779,6495,3575,3436,2825,764,2061,98,26,72,513,220,293,139,82,63,61,49,12,0,0,0,2,2,0,19,2838,1951,218,201,270,198
2021,Wyre Forest 014,E02006780,5021,2454,2324,1968,574,1394,34,8,26,322,142,180,130,40,31,31,24,7,0,0,0,0,0,0,9,2527,1773,136,230,246,142
2021,Coventry 043,E02006805,6894,4098,3834,3349,858,2491,75,17,58,410,164,246,264,229,190,181,114,67,4,0,4,5,4,1,39,2567,986,471,447,379,284
2021,Nuneaton and Bedworth 018,E02006806,6936,4159,3951,3440,804,2636,67,18,49,444,205,239,208,127,82,77,60,17,1,0,1,4,1,3,45,2650,1588,284,266,302,210
2021,Birmingham 132,E02006807,6440,3751,3599,2980,749,2231,106,24,82,513,224,289,152,149,125,118,96,22,1,0,1,6,5,1,24,2540,1372,417,387,179,185
2021,Solihull 030,E02006808,5340,3424,3307,2847,690,2157,59,10,49,401,168,233,117,98,71,70,57,13,1,1,0,0,0,0,27,1818,1137,233,206,108,134
2021,Birmingham 133,E02006809,8255,4775,4492,3700,931,2769,218,63,155,574,269,305,283,176,130,121,86,35,2,1,1,7,4,3,46,3304,1451,671,536,298,348
2021,Sandwell 039,E02006810,8781,4883,4533,3874,1002,2872,143,26,117,516,217,299,350,202,156,142,105,37,0,0,0,14,4,10,46,3696,2026,435,455,364,416
2021,Wolverhampton 035,E02006894,10869,5974,5343,4631,1196,3435,143,33,110,569,206,363,631,402,290,266,178,88,8,3,5,16,12,4,112,4493,1416,725,1095,596,661
2021,Birmingham 134,E02006895,7734,4203,3750,3340,615,2725,54,17,37,356,177,179,453,725,413,373,278,95,4,3,1,36,29,7,312,2806,443,1219,455,300,389
2021,Birmingham 135,E02006896,5401,3149,2846,2497,448,2049,70,17,53,279,135,144,303,462,294,269,182,87,0,0,0,25,19,6,168,1790,263,736,272,207,312
2021,Birmingham 136,E02006897,7108,3750,3279,2898,579,2319,75,24,51,306,140,166,471,607,399,364,251,113,8,5,3,27,16,11,208,2751,320,1238,457,357,379
2021,Birmingham 137,E02006898,6926,4877,4541,4086,584,3502,63,16,47,392,179,213,336,419,286,254,155,99,1,0,1,31,25,6,133,1630,332,510,285,237,266
2021,Birmingham 138,E02006899,5847,4010,3723,3349,337,3012,63,9,54,311,116,195,287,417,292,259,163,96,3,1,2,30,19,11,125,1420,156,732,143,129,260
2021,Birmingham 139,E02006900,11096,4919,4233,3410,1522,1888,157,74,83,666,391,275,686,467,301,277,215,62,1,1,0,23,17,6,166,5710,902,1447,1831,637,893
2021,South Derbyshire 012,E02006919,8223,5703,5511,4874,1087,3787,89,19,70,548,230,318,192,151,119,110,89,21,1,1,0,8,6,2,32,2369,1303,215,329,310,212
2021,South Derbyshire 013,E02006920,6384,4277,4129,3570,816,2754,68,7,61,491,193,298,148,105,85,81,70,11,1,0,1,3,2,1,20,2002,1063,187,314,263,175
2021,Sandwell 040,E02006943,5486,2827,2485,2126,681,1445,93,48,45,266,116,150,342,239,164,157,107,50,1,1,0,6,5,1,75,2420,492,577,607,300,444
2021,Sandwell 041,E02006944,5697,3131,2741,2292,801,1491,86,27,59,363,181,182,390,237,152,137,99,38,2,1,1,13,5,8,85,2329,373,601,759,260,336
2021,South Staffordshire 015,E02006982,10209,6027,5766,4850,1341,3509,168,43,125,748,319,429,261,126,105,95,74,21,0,0,0,10,5,5,21,4056,2891,330,354,291,190
2021,Birmingham 141,E02007038,10291,5675,5160,4416,1304,3112,105,42,63,639,253,386,515,229,163,151,108,43,3,2,1,9,5,4,66,4387,1725,706,833,639,484
2021,Birmingham 142,E02007039,5995,2696,2361,1845,731,1114,110,39,71,406,234,172,335,156,102,94,75,19,1,0,1,7,6,1,54,3143,641,711,971,324,496
2021,Birmingham 143,E02007040,5190,2348,2098,1650,681,969,81,32,49,367,223,144,250,182,117,102,88,14,3,3,0,12,8,4,65,2660,352,710,910,280,408
2021,Rugby 013,E02007048,6375,3875,3788,3057,681,2376,201,45,156,530,219,311,87,79,64,58,46,12,2,0,2,4,4,0,15,2421,1686,206,194,162,173
2021,Telford and Wrekin 024,E02007050,6317,4494,4316,3805,804,3001,58,11,47,453,171,282,178,134,86,85,71,14,0,0,0,1,0,1,48,1689,706,245,325,238,175
2021,Telford and Wrekin 025,E02007051,6430,4628,4488,3908,796,3112,101,16,85,479,176,303,140,124,96,90,70,20,0,0,0,6,6,0,28,1678,815,233,261,228,141
