area_code,local_area_name,employed_residents_16plus_pct,unemployment_rate_active_pct
E02001827,Hill Hook,54.58750963762529,4.902619207521827
E02001828,Four Oaks,52.9441884280594,4.8174286590978825
E02001829,Little Sutton,60.708782742681045,3.667481662591687
E02001830,Sutton Coldfield North,55.13420339817779,3.24114088159032
E02001831,Reddicap Heath,57.15828633145326,6.534536891679749
E02001832,Rectory Park,58.021877848678216,4.405506883604506
E02001833,Kingstanding North,58.98607936837731,5.145339124624123
E02001834,Old Oscott,56.77710843373494,8.080808080808081
E02001835,Sutton Coldfield South,60.79839172889144,4.229812259669758
E02001836,New Oscott,56.62020905923345,4.390133514369767
E02001837,Kingstanding South East,50.16864459712679,11.81379007465964
E02001838,Walmley,58.53312302839117,3.2838154808444098
E02001839,Queslett,56.26326963906582,6.600448574174944
E02001840,Perry Common College Road,47.9713932058864,11.291963377416073
E02001841,Wylde Green,52.930622009569376,3.5247093023255816
E02001842,Perry Beeches West,58.16342412451362,6.575
E02001843,Kingstanding South West,56.369126250235894,7.178371659415786
E02001844,Chester Road,55.41152011740247,5.248849853617733
E02001845,Perry Beeches East,61.95150115473441,6.369982547993019
E02001846,Short Heath,53.51377018043685,9.84
E02001847,Minworth,55.92479230432882,5.012996658002228
E02001848,Upper Witton,49.49758094529215,12.09517514871117
E02001849,Erdington Town,54.875982129101835,9.570957095709572
E02001850,Perry Barr,54.019001658874984,9.017018034036068
E02001851,Pype Hayes Park,55.87788368559193,6.603555760794274
E02001852,Stockland Green Marsh Hill,51.82403433476395,10.96774193548387
E02001855,Castle Vale,48.720268872802485,11.066540821142048
E02001856,Brookvale,52.716133424098025,11.678832116788321
E02001857,Gravelly Hill,49.65418126291206,12.253968253968255
E02001858,Handsworth East,49.796747967479675,13.079470198675496
E02001859,Birchfield East,43.71413667188315,14.139344262295081
E02001860,Handsworth West,45.08597570594731,13.889725821030432
E02001861,Birchfield West,42.80376084860173,15.492622560685389
E02001862,Middlemore,46.75808813739848,15.210043457267021
E02001863,Aston Park,39.28397861655597,18.923436977599465
E02001865,Handsworth South,41.83341088878548,17.692835889219502
E02001866,Lozells West,39.16748149182847,20.56657223796034
E02001867,Lozells East,40.09001768204469,17.33510109380179
E02001868,Hodge Hill,49.187161317215505,10.357052418333755
E02001869,Nechells,40.75268817204301,19.66935142009326
E02001870,Ward End,44.85013623978202,12.965313028764806
E02001871,Buckland End,48.62241703193488,10.900745840504877
E02001872,Shard End,51.836083022884516,9.591584158415841
E02001873,Winson Green,43.88361045130641,16.57258974937909
E02001874,Washwood Heath,39.12919749573136,16.31162507608034
E02001875,Hockley,47.81534661108538,16.455354734286484
E02001876,Birmingham Dartmouth Circus,30.33133849073128,29.749830966869506
E02001877,Saltley East,36.32620382019902,17.03239289446186
E02001878,Saltley West,41.051240640140946,16.661698956780924
E02001879,Summerfield,42.16490816725283,15.725071595938557
E02001880,Glebe Farm,48.9415749364945,12.534678436317781
E02001881,Belchers Lane,41.14839061647572,14.53257790368272
E02001882,Stechford,47.235955056179776,10.298719772403983
E02001883,Kitts Green,49.33500234705054,12.270450751252087
E02001884,Bordesley Green North,39.994212125596874,15.603053435114504
E02001886,Rotton Park,53.861410685508865,10.319917440660475
E02001888,Kent's Moat,47.99623706491063,11.42361111111111
E02001889,Little Bromwich,40.36470406428682,14.668409016661222
E02001890,Edgbaston North,54.404327884276135,10.884222693122712
E02001892,Yardley Fields,44.84400451071294,12.686020980727006
E02001893,Yardley,50.261703983716195,9.050249934227836
E02001895,Sheldon North,49.609375,10.352941176470589
E02001896,Small Heath Park,38.33240843507214,14.722222222222221
E02001897,Sparkbrook North,35.8397190293742,18.482207697893973
E02001898,Lyndon Green,56.88813813813814,6.1609907120743035
E02001899,Harborne West,56.25449834460918,4.729400292540224
E02001900,Five Ways South,45.66870710443332,15.22038567493113
E02001901,Harborne East,65.00587889476779,4.470842332613391
E02001902,Yardley South,58.466257668711656,7.535575679172057
E02001903,Sparkbrook South,36.91596782474756,18.140417457305503
E02001904,Hay Mills,47.650409398362406,13.056187073725235
E02001905,Edgbaston South,35.78970284097094,13.496448303078138
E02001906,Quinton Ridgacre,56.76274944567628,7.77707141343505
E02001907,Sheldon South,57.82063416942736,7.530747398297067
E02001908,Sparkhill North,39.27367453263868,14.252258280361325
E02001909,Balsall Heath East,38.58686616791355,14.794419970631424
E02001910,Balsall Heath West,38.47854116780254,15.935613682092555
E02001911,Quinton East,46.11528822055138,13.233127026230475
E02001913,Metchley,45.22140809174896,12.241112828438949
E02001914,Moor Green,50.385373722889405,9.351821992905514
E02001915,Acocks Green East,54.40713536201469,8.811115019345761
E02001916,Acocks Green West,47.91580685101114,12.200655407108647
E02001918,Moseley Village,54.633204633204635,8.814729574223245
E02001919,Moseley,51.36363636363637,8.72941907424666
E02001920,Woodgate Valley,48.25551997303219,10.865504358655043
E02001921,California,53.353253652058434,8.641273450824333
E02001922,Selly Oak,21.477347340774788,25.251371115173676
E02001923,Springfield,46.37238788447993,9.817351598173516
E02001924,Hall Green East,53.454612274898935,8.088467614533965
E02001925,Selly Oak Park,50.464227198252324,7.630789736754415
E02001926,Stirchley North,52.05437605009928,8.950040074806305
E02001927,Weoley Castle,51.48650970957209,11.830488522660389
E02001928,Woodgate,49.25650557620818,10.654079568442347
E02001929,Fox Hollies,52.22133546155892,10.793001590547602
E02001930,Kings Heath,60.542362002567394,6.423611111111111
E02001931,Wake Green East,52.75175644028103,7.11340206185567
E02001932,Bartley Green,50.45805640380816,11.16382036685642
E02001933,Kings Heath Park,55.97494643151475,7.942531851450258
E02001934,Hall Green Central,54.87936622254231,6.760477210156011
E02001935,Shenley Lane,52.47399936968169,7.6282940360610265
E02001936,Brandwood North,54.30748193006447,5.953991880920162
E02001937,Billesley Common,49.622166246851386,9.581181870338497
E02001938,Bournville East,63.943574639590764,5.972190563027126
E02001939,Bournville West,45.066358915176,8.72613946240748
E02001941,Yardley Wood West,49.18133442488743,10.834879406307978
E02001942,Cotteridge,55.994125206535706,7.351154313487242
E02001943,Brandwood East,55.73322932917317,6.996420436055971
E02001944,Brandwood End,57.92560580336472,6.010518407212622
E02001945,Allens Cross,52.801760622989676,10.55348437051907
E02001946,Northfield Victoria Common,56.191701511740106,5.771305285868393
E02001947,Druids Heath,42.9890487438265,14.69961653174265
E02001948,Highter's Heath,58.88625592417062,5.972972972972973
E02001949,Lifford,57.30574324324324,7.906345436036648
E02001950,Longbridge North,57.694516221648,5.789967182372246
E02001951,Frankley,47.93597304128054,11.301636788776305
E02001952,Turves Green,48.05176132278936,11.867088607594937
E02001953,King's Norton,53.309141178503545,6.93815987933635
E02001954,Hawkesley,46.57413914265636,11.159517426273458
E02001955,Longbridge South,57.30763153736767,7.639419404125286
E02001956,Rubery East,59.47446336047372,6.7324434126523505
E02001957,West Heath,58.79753826731892,5.503423788993152
E02001958,Longford,59.498988641667964,6.503667481662592
E02001959,Keresley,58.63078894380377,7.0246734397677795
E02001961,Bell Green,53.357412575931704,9.26856504745952
E02001962,Little Heath,58.40118430792006,8.30912260313771
E02001963,Whitmore Park,57.65801466217555,5.2734375
E02001964,Henley Green,55.402122490730086,8.663575042158516
E02001965,Walsgrave,58.72555012224939,4.829123328380386
E02001966,Foleshill West,50.97858197932053,10.09443178117877
E02001967,Brownshill Green,56.03403368640389,4.300118623962041
E02001968,Radford East,59.510733899151276,7.309486780715397
E02001969,Radford West,55.58690744920993,6.398479569211276
E02001970,Wyken Croft,55.931842385516504,6.1136932427601005
E02001971,Coundon,61.401015228426395,4.725897920604915
E02001972,Foleshill East,51.24617916764637,12.39951768488746
E02001973,Stoke Heath (CV2),56.56565656565657,9.240445089501693
E02001974,Sherbourne,62.322982980381965,4.80254018654495
E02001975,Ravensdale,64.07605070046698,5.322819122720552
E02001976,Clifford Park,56.14093959731544,5.905511811023622
E02001977,Naul's Mill,51.70767535806096,12.510356255178127
E02001978,Barras Heath,60.51445737889598,6.06237248615564
E02001979,Allesley Park,59.39995683142672,4.3115438108484
E02001980,Allesley Green,53.613479496548926,3.753644314868805
E02001981,Hillfields,41.190019193857964,20.05960141553362
E02001982,Eastern Green,61.8363156350836,4.2471042471042475
E02001983,Whoberley,59.305488878220515,6.05830164765526
E02001984,Copsewood,61.19222879208399,6.817346563763322
E02001985,Lower Stoke,40.082745193477734,20.067944673622907
E02001986,Tile Hill,53.905390539053904,8.460101414464905
E02001987,Chapelfields,54.734011907048206,7.437479701201688
E02001988,Central Coventry,34.12936285410422,23.62613587191692
E02001989,Earl Place,58.78499106611078,6.2974683544303796
E02001990,Binley,59.832913406709984,4.325699745547074
E02001991,Earlsdon,54.0131940626718,4.495747266099635
E02001992,Ernesford Grange,55.65003080714726,8.043168397475055
E02001993,Canley,46.59997296201163,10.093896713615024
E02001994,Cheylesmore Daventry Road,57.51279268103582,6.172527194535796
E02001995,Whitley,60.45992115637319,8.090291650019976
E02001996,Willenhall,52.646239554317546,10.293681400177988
E02001997,Stivichall,56.23663578047042,4.962659600096362
E02001998,Finham Park,57.3937908496732,3.9972668261018107
E02001999,Cannon Park,32.40291262135922,11.354581673306773
E02002000,Coseley Wallbrook,53.5840188014101,8.341708542713567
E02002001,Sedgley East,58.1140350877193,5.357142857142857
E02002002,Sedgley West,49.76462676529926,4.269081500646831
E02002003,West Coseley,55.1714862138534,5.636070853462158
E02002004,Woodsetton,54.563524929600796,7.341772151898734
E02002005,Dudley Priory,52.74151436031332,9.352857817666509
E02002006,Upper Gornal,55.85741811175337,6.844473007712082
E02002007,Lower Gornal,54.8928238583411,4.4938614778781565
E02002008,Dibdale,64.97401633259095,4.475005457323729
E02002009,Kates Hill,50.4052780395853,10.568561872909699
E02002010,New Dock,51.39036620574381,11.163645915418964
E02002011,Kingswinford North,55.76305220883534,4.504814305364512
E02002012,Russell's Hall,50.595238095238095,9.260741926874832
E02002013,Wall Heath,51.22514204545455,4.470198675496689
E02002014,Dixons Green,53.43789607097592,8.541214750542299
E02002015,Pensett,60.10861948142957,4.7737996114349155
E02002016,Brockmoor,51.62955792191029,9.245604083947816
E02002017,Netherton,52.54579323191555,8.016304347826088
E02002018,Kingswinford South,53.64194236926361,4.602609727164888
E02002019,Dudley Wood,53.28708292038322,7.960057061340941
E02002020,Wordsley,57.71643663739021,4.066736183524505
E02002021,Brierley Hill,52.78935556268035,12.09289909236519
E02002022,Hawbush,60.61698140406516,6.804078014184397
E02002023,Ashwood,57.60481712756467,4.404145077720207
E02002024,Quarry Bank,58.50928156440414,5.644424131627057
E02002025,Shell Corner,58.369950389794475,6.024646280237334
E02002026,Amblecote East,57.71741047803845,4.911362975879105
E02002027,Withymoor Village,63.9702667249672,3.718328397499177
E02002028,Wollaston,54.83271375464684,5.212424134237772
E02002029,Quinton West,55.17106549364614,5.079044735956946
E02002030,Amblecote West,55.80803490274496,6.345332519829164
E02002031,Cradley West,55.7752545027408,6.190319394138953
E02002032,Cradley East,56.82210708117444,6.172336524750459
E02002033,Hawne,57.120427068613594,4.864016736401673
E02002034,Stourbridge Town,57.66294773928362,6.096103275161368
E02002035,Halesowen East,54.06736261571795,3.7854889589905363
E02002036,Lye,49.661144578313255,10.545947778908104
E02002037,Norton North,54.263565891472865,7.122905027932961
E02002038,Halesowen Town,54.24326366154621,6.571242680546519
E02002039,Oldswinford,54.83933787731256,5.408128988915015
E02002040,Norton South,51.72962226640159,3.2354034957233173
E02002041,Pedmore Fields,48.69381482904341,4.949381327334083
E02002042,Hayley Green,56.10233258088788,4.434760317867213
E02002043,Wood Green,53.44599559147686,8.572146807440925
E02002044,Yew Tree,57.76879547291835,7.7935483870967746
E02002045,Woods,55.05874673629243,6.666666666666667
E02002046,Friar Park,48.458574181117534,11.052166224580018
E02002047,Wednesbury,45.43237971391417,9.693053311793214
E02002048,Great Barr,56.49055283414975,4.861520329994107
E02002049,Princes End,55.687299035369776,9.028233749179252
E02002051,Ocker Hill,49.822380106571934,11.374407582938389
E02002052,Stone Cross,52.60706577303192,9.480062548866302
E02002053,Hamstead East,54.88454706927176,6.865371734762224
E02002054,Hamstead West,54.142011834319526,6.63265306122449
E02002055,Wednesbury South,53.48002316155183,8.026289583748257
E02002056,Tibbington,52.030014739380945,11.042382588774341
E02002057,Tipton,51.11824886985487,11.053612088594495
E02002058,Great Bridge,57.60695060912268,8.077154912597951
E02002059,West Bromwich North,50.66950053134963,9.969788519637461
E02002060,Greets Green West,48.059048660470204,12.217043941411452
E02002061,Greets Green East,46.0653642505021,11.72148355493352
E02002062,West Bromwich East,47.61702127659574,12.805194805194805
E02002063,North Tividale,58.30815709969789,7.94912559618442
E02002064,Tividale,58.40405713102877,7.6129666011787815
E02002065,Smethwick North,48.46678023850085,11.934651762682718
E02002066,Oldbury,48.106121144318365,11.704312114989733
E02002067,Rowley West,54.94921330412269,5.996592844974447
E02002069,Whiteheath,52.219873150105705,9.49618320610687
E02002070,Smethwick South,47.00777202072539,11.444607125427037
E02002071,Rowley East,51.617199391171994,8.622431795217246
E02002072,Langley Green,56.10505727856943,8.685766257389723
E02002073,Warley East,50.98808030112924,9.164571109248394
E02002074,Warley West,54.044512663085186,7.609551298871687
E02002075,Blackheath,54.137249364586275,7.703418391911411
E02002076,Bearwood,62.394067796610166,8.303061754021796
E02002077,Old Hill,53.70071477980171,8.180563768972995
E02002078,Warley South,57.75845775845776,6.113671274961598
E02002079,Brandhall,54.51627024660733,6.646676661669165
E02002080,Cradley Heath,55.37504320774283,7.983917288914417
E02002081,Castle Bromwich West,52.38095238095238,5.15748031496063
E02002082,Smith's Wood North,51.396774926186694,10.127084988085782
E02002083,Castle Bromwich East,57.41769139230464,5.050836339783536
E02002084,Smith's Wood South,52.616108171663726,8.642395372575706
E02002085,Kingshurst,53.47920362704514,8.929170862705606
E02002086,Chelmsley Wood West,49.43453675511092,9.801587301587302
E02002087,Fordbridge,51.70814002530578,10.380116959064328
E02002088,Chelmsley Wood East,50.24576734025123,10.852713178294573
E02002089,Marston Green,56.495649564956494,5.779334500875657
E02002090,Lyndon North,60.820662362007916,4.947916666666667
E02002091,Elmdon Park,57.99423261775072,5.185961236249345
E02002092,Lyndon South,55.48037889039242,5.50273696341112
E02002093,Olton,55.111906893464635,5.698529411764706
E02002094,Ulverley Green,54.39615461646305,4.1637261820748055
E02002095,Elmdon Heath,57.40923859302161,4.913430042115115
E02002096,Lode Heath,53.58664772727273,4.493670886075949
E02002097,Meriden,57.69230769230769,3.7411250682687056
E02002098,Shirley East,58.18860156953557,4.051760712770471
E02002099,Central Solihull,54.453015427769984,3.510406958682821
E02002101,Solihull Lodge,56.05242868157286,5.338541666666667
E02002102,Blossomfield,58.183888414460576,4.307116104868914
E02002103,Shirley Heath,53.55885803676183,3.995793901156677
E02002104,Monkspath North,58.065177290428366,3.7049626104690687
E02002105,Balsall Common,57.39949933735827,3.4431508545949963
E02002106,Knowle,51.903330828950665,3.604651162790698
E02002107,Monkspath South,58.58383433533734,3.978102189781022
E02002108,Dorridge,55.357370365651676,4.14736377674829
E02002109,Dickens Heath,67.18571576871172,3.5900491583494714
E02002110,Brownhills West,60.60337178349601,4.901141743247006
E02002111,Brownhills,50.94671091157525,8.324552160168599
E02002112,Pelsall North,55.62671546203111,4.925723221266614
E02002113,Walsall Wood,56.78080866705359,5.92948717948718
E02002114,Pelsall South,52.696607177878015,5.019441498762814
E02002115,Little Bloxwich,49.158741770299926,9.97990622906899
E02002116,Aldridge North,55.03848845346396,3.7037037037037037
E02002117,Bloxwich Central,55.09969325153374,5.615763546798029
E02002118,Bloxwich North West,51.149825783972126,10.487804878048781
E02002119,Shelfield,56.87474500203999,5.363204344874406
E02002120,Ashmore,56.70165522809851,6.116310160427807
E02002121,Blakenall North,48.43378271213323,10.643745427944404
E02002122,Blakenall South,52.86081963967531,10.1010101010101
E02002123,New Invention,54.1522491349481,7.305034550839092
E02002124,Aldridge Central,51.434993084370674,5.9734513274336285
E02002125,Rushall,55.940786910790806,5.432993085281528
E02002126,Bloxwich South,49.043688343064225,10.011082379017362
E02002127,Walsall Ryecroft,51.06532099803756,10.929095354523227
E02002128,Short Heath East,51.19741100323625,6.094182825484765
E02002129,Short Heath West,53.721812013570144,6.005586592178771
E02002130,Leamore,51.5357698289269,8.52311939268461
E02002131,Aldridge South,56.1992337164751,4.330811374902165
E02002132,Bentley,52.18712029161604,9.004237288135593
E02002133,Walsall North East,52.37845400489682,8.549618320610687
E02002134,Willenhall Park,54.30221095620335,9.078047630275877
E02002135,Walsall West,49.40665218118001,11.124473842453398
E02002136,Willenhall Town,56.01401943603632,7.982203611619995
E02002137,Streetly North,55.407523510971785,3.6128152692569873
E02002138,Walsall East,54.69089472644677,6.86175580221998
E02002139,Walsall Central,46.896142433234424,13.431200701139351
E02002140,Pleck,48.45150133626788,10.06711409395973
E02002141,Streetly South,59.21375921375921,4.042879019908116
E02002142,Darlaston East,50.13530579108786,11.412177239400702
E02002143,Palfrey,44.49123760358647,12.806176783812566
E02002144,Walsall South East,55.03000352982704,4.706601466992665
E02002145,Darlaston Central,54.30839002267574,10.251605995717345
E02002146,The Delves,51.317112406997786,8.201438848920864
E02002147,Darlaston West,53.11124156149105,9.116022099447514
E02002148,Pheasey,60.433429889496836,4.15177811808746
E02002149,Bushbury,53.74083129584352,7.296499367355546
E02002150,Fordhouses,55.87336244541485,8.476394849785407
E02002151,Pendeford,54.710144927536234,10.185873605947956
E02002152,Bushbury Hill,49.79687834081676,11.411182959300113
E02002153,Ashmore Park,53.936814535930594,6.710079275198188
E02002154,Oxley Park,62.024432809773124,7.496095783446122
E02002155,Low Hill,49.67927449679274,13.315322269394056
E02002156,Wood End,57.50937734433609,6.875607385811468
E02002157,Tettenhall North,59.20928773140885,5.460921843687375
E02002158,Wednesfield North East,52.0039100684262,8.223116733755031
E02002159,Park Lane,52.8568277079197,12.458896602119108
E02002160,Wednesfield Town,55.723435703728036,6.192977605750622
E02002161,Whitmore Reans,55.63581068237978,9.910741766697445
E02002162,Tettenhall South,50.647175270290845,5.2421652421652425
E02002163,Heath Town,52.00044702726866,13.157894736842104
E02002164,Waterloo Road,45.102118003025716,19.858870967741936
E02002165,West Park,53.95639579204147,13.661868748475237
E02002166,East Park,48.807390045498416,11.72069825436409
E02002167,Castlecroft,54.58657499547675,6.187810945273632
E02002168,Wolverhampton Central,48.477650615417836,16.86724680614701
E02002169,Compton,53.53728489483748,4.946653734238604
E02002170,Bilston North West,52.19658976930793,8.412530799014432
E02002171,Bilston North East,50.3150912106136,9.75609756097561
E02002174,Bradmore,56.308080012600406,6.925279875032544
E02002175,Bilston Lunt,49.958874814936664,11.50932400932401
E02002176,Merryhill South,54.166666666666664,8.02721088435374
E02002177,Ettingshall,56.304050978607194,10.653665583243049
E02002178,Goldthorn Park,53.86895938333827,7.555329432714322
E02002179,Upper Penn,56.882629107981224,4.838202953188816
E02002180,Ettingshall Park,53.357497138496754,7.811470006591958
E02002181,Bradley,55.7590810307358,8.4140744518103
E02002182,Woodcross,53.83751403968551,8.756345177664974
E02002809,Spondon South,56.109550561797754,4.024024024024024
E02002812,Littleover East,55.75304022450889,5.321683876092137
E02002813,Rose Hill,48.81825590872046,10.635123614663257
E02002814,Mickleover South,52.83483976992605,3.4244517873235205
E02002815,Normanton North,50.04705144291091,8.776443682104059
E02002816,Littleover West,61.12316874660879,4.4529262086514
E02002817,Normanton West,53.44459538133126,4.8375950241879755
E02002818,Normanton South,49.339907746142835,10.398613518197573
E02002819,Wilmorton,58.815958815958815,6.256410256410256
E02002820,Alvaston,59.06161381799433,6.888843730948994
E02002821,Allenton,55.92515592515593,9.137777777777778
E02002822,Sunny Hill,56.367280014574604,5.440097799511002
E02002823,Boulton,51.917545541706616,6.341885269530124
E02002824,Sinfin,54.44188583202036,7.170903079148585
E02002825,Chellaston West,58.18492662772475,4.7130191320578625
E02002826,Chellaston East,62.47568523430592,4.12483039348711
E02002905,Wigmore,54.169741697416974,3.038309114927345
E02002908,Shobdon,53.825892269195315,3.2662721893491122
E02002909,Bromyard,53.26027991754367,3.89584964761159
E02002928,Newport North,51.87007874015748,3.937294932555596
E02002929,Edgmond,49.08392950619438,3.76325692781389
E02002930,Newport South,55.10560307208937,4.100850546780073
E02002931,Muxton,60.314557425018286,2.742553818932468
E02002932,Donnington,57.6597272074659,6.058479532163743
E02002933,Dothill,57.19392314566577,4.572564612326044
E02002934,Apley,57.6338139443018,4.609349460608041
E02002935,Wrockwardine Wood,54.694244604316545,6.2577065351418
E02002936,Hadley,64.7239263803681,5.576592082616179
E02002937,Ironbridge,59.162017284760964,3.4285714285714284
E02002938,Wellington East,52.90232881473757,7.110161733292646
E02002939,Wellington West,54.258524980174464,5.209199224161818
E02002940,St George's,58.43890478136494,5.109489051094891
E02002941,Oakengates,56.82136194029851,5.3418803418803416
E02002942,Priorslee,64.06101048617731,4.182509505703422
E02002944,Malinslee,54.97768887521157,6.904637832204273
E02002945,Hollinswood,58.465855940130965,5.934207697269405
E02002946,Dawley,57.42243436754177,4.825949367088608
E02002947,Brookside,51.847725162488395,9.409474367293965
E02002948,Woodside,50.685682940208444,10.5229180116204
E02002949,Madeley,52.82646801051709,5.93055013655872
E02002950,Sutton Hill,47.73030707610147,9.30232558139535
E02004077,Doveridge,55.86608029507732,4.278074866310161
E02004086,Borrowash,56.024096385542165,4.041272570937231
E02004088,Long Eaton West,59.28068803752932,3.4877800407331976
E02004090,Breaston,55.42857142857143,3.7961696306429547
E02004091,Long Eaton South,63.019302058034,3.4280117531831538
E02004092,Sawley,58.61576418646929,4.141006583138671
E02004118,Hatton,62.62833675564682,3.1036168132942326
E02004119,Hilton,67.1795415959253,3.0029109851386546
E02004120,Willington North,64.65349925790615,3.9192399049881237
E02004121,Aston-on-Trent,63.74417055296469,2.9220779220779223
E02004122,Willington South,57.04545454545455,2.7711561382598333
E02004123,Melbourne,57.87241562113448,3.1924327519952707
E02004124,Swadlincote North,57.37518295657831,4.260515603799186
E02004125,Swadlincote West,57.95518207282913,5.004591368227731
E02004126,Swadlincote Central,56.744413635622244,3.841901603095633
E02004128,Castle Gresley,59.12715065044062,3.393897840246829
E02005335,Kirby Muxloe,57.45571658615137,3.017124218537646
E02005342,Cosby,59.65174129353234,3.436241610738255
E02005344,Stoney Stanton,61.638733705772815,3.25678496868476
E02005349,Shepshed West,60.47729022324865,3.179689425684003
E02005350,Shepshed East,58.4802327571453,4.01685393258427
E02005372,Dunton Bassett,61.487430167597765,2.5096881343421296
E02005377,Markfield,57.79964945395712,3.315290933694181
E02005380,Market Bosworth,57.00370421182604,2.32722143864598
E02005381,Desford,56.64422151985708,3.2621450363764373
E02005382,Earl Shilton,58.626599634369285,4.397242407303894
E02005383,Barwell,59.16402953586498,4.041916167664671
E02005384,Stoke Golding,60.41430652209095,2.963348063426046
E02005385,Hinckley East,57.957583318481554,3.156640857653365
E02005386,Hinckley Central,62.10111621799081,5.211465223491682
E02005387,Hinckley West,64.67674015357939,3.4393491124260356
E02005388,Hinckley Clarendon Park,61.54752553024352,4.392922513727883
E02005389,Burbage St Catherines,53.65757216291024,4.166666666666667
E02005390,Burbage Sketchley,62.017391304347825,2.3548740416210294
E02005397,Castle Donington,61.213686249193024,3.422285597881442
E02005398,Kegworth,53.153153153153156,4.197303921568627
E02005399,Ashby de la Zouch North,62.939773404889685,3.3867276887871856
E02005400,Thringstone,54.549180327868854,3.1295487627365355
E02005401,Packington,59.41383787794472,3.2326283987915407
E02005402,Ashby de la Zouch South,55.856017191977074,3.7642702869484728
E02005403,Whitwick,57.99892990904227,3.7015102161681965
E02005404,Donisthope,61.3247263541959,3.9138082673702725
E02005405,Agar Nook,51.664674748164586,5.585023400936038
E02005406,Coalville,64.81012658227849,4.611085235211924
E02005407,Hugglescote,68.44474454197615,3.183699458771092
E02005408,Measham,61.22196442382057,4.2573778422835025
E02005409,Ibstock,62.85037098103874,3.3745247148288975
E02006008,Shifnal,62.45331465919701,4.258364644838075
E02006009,Cosford,60.508547622468036,3.483043079743355
E02006010,Much Wenlock,54.30237233614797,4.049733570159858
E02006011,Bridgnorth West,50.65230896665977,4.8619214313496695
E02006012,Bridgnorth East,52.34911792014856,4.66689212039229
E02006013,Alveley,54.77172312223858,4.248197734294542
E02006014,Highley,53.18246110325318,3.610339671010468
E02006016,Woore,55.47896021829671,3.449137715571107
E02006018,Market Drayton,55.32866588875924,4.27321668909825
E02006020,Hinstock,55.24836700592435,3.5790031813361614
E02006022,Shawbury,60.408001584472174,3.358681875792142
E02006038,Bayston Hill,57.881879580399485,3.6363636363636362
E02006040,Cressage,57.98879297289111,2.371239163691994
E02006043,Craven Arms,55.72880168185004,3.606060606060606
E02006046,Cleobury Mortimer,54.172709294660514,3.066761028544468
E02006118,Rugeley North,56.405384006334124,3.5211267605633805
E02006119,Rugeley Town,56.093539199520315,5.552751135790005
E02006120,Rugeley South,58.984635938543754,5.094582975064489
E02006121,Hednesford Pye Green,60.24370095002065,5.169050715214564
E02006122,Hednesford Central,64.14233576642336,4.462061155152888
E02006123,Wimblebury,62.969251084701,4.437446321213856
E02006124,Cannock North,53.56897735072066,6.694560669456067
E02006125,Cannock North East,55.034664905909544,6.427168116755543
E02006126,Hednesford South,62.301472711521804,3.854723707664884
E02006127,Hawks Green,71.48362235067438,3.4768211920529803
E02006128,Cannock West,52.88594310963822,5.10406342913776
E02006129,Cannock South,57.07093143787946,6.160214268322377
E02006130,Norton Canes,61.31128174837566,3.933364183248496
E02006131,Mayfield,57.32435328333078,3.4296028880866425
E02006132,Uttoxeter Heath,63.22042915410534,3.2039098560955743
E02006133,Uttoxeter Town,61.8041237113402,3.823529411764706
E02006134,Rolleston-on-Dove,57.86134502249394,2.922392103735243
E02006135,Burton Stretton,56.62429162199418,3.6737884314747262
E02006136,Abbots Bromley,51.40818147062571,4.611019153464176
E02006137,Burton Horninglow,57.74099318403116,4.924415941365094
E02006138,Burton Eton Park,62.33808821118216,6.538839724680432
E02006139,Burton Shobnall,60.34589252625077,6.395209580838324
E02006140,Burton Winshill,56.34012189683366,5.439121756487026
E02006141,Burton Central,63.7062789717657,6.2044361718628815
E02006142,Burton Brizlincote,58.46674182638106,2.5554302893649004
E02006143,Branston,65.07450771687067,3.7583628492719403
E02006144,Burton Stapenhill,55.187471766300256,6.289951419074406
E02006145,Barton-under-Needwood,57.55102040816327,3.622693096377307
E02006146,Armitage,60.7281284606866,3.135349966880106
E02006147,Alrewas,59.95085995085995,3.3550792171481825
E02006148,Burntwood North East,55.84862385321101,3.8635081782289906
E02006149,Lichfield Central,53.59908883826879,6.571371848322414
E02006150,Lichfield East,53.314238952536826,3.695491500369549
E02006151,Burntwood West,59.55417956656347,3.839232153569286
E02006152,Lichfield West,59.23185341789993,3.4832535885167464
E02006153,Whittington,63.28592316894856,3.623481781376518
E02006154,Burntwood Chase Terrace,52.843772498200146,3.5690825487190714
E02006155,Burntwood Chasetown,58.168481884863304,5.998563218390805
E02006156,Shenstone,54.565602836879435,3.324607329842932
E02006157,Fazeley,53.93074019366486,5.899198167239405
E02006173,Loggerheads,55.867686170212764,1.782583284628872
E02006174,Penkridge,57.18794210469039,3.6486982031536486
E02006175,Huntington,62.05462108880449,4.720910858094974
E02006176,Brewood,53.33440462799293,3.151444412022177
E02006177,Cheslyn Hay,56.670314970205524,4.371024009850195
E02006178,Great Wyrley,55.378799810993854,5.075593952483802
E02006179,Featherstone West,41.469359331476326,4.5927903871829105
E02006180,Featherstone East,55.48364526849746,5.143540669856459
E02006181,Bilbrook,52.2239097418095,5.496662740478995
E02006182,Codsall,56.38297872340426,3.4971098265895955
E02006185,Wombourne Inner,52.58389261744966,5.431502715751358
E02006186,Wombourne Outer,55.690752527143395,3.565640194489465
E02006187,Kinver,50.05701254275941,3.182104599873976
E02006189,Barlaston,53.00439667806546,3.0961595713009826
E02006190,Stone Town,58.71519403639553,4.357142857142857
E02006191,Little Stoke,58.065934065934066,2.9865361077111383
E02006192,Eccleshall,58.83495145631068,3.071017274472169
E02006193,Stafford Common,61.22843785265194,3.5060975609756095
E02006194,Doxey,60.41822255414488,4.644035832154644
E02006195,Weston,54.903547821394845,2.4214816590745625
E02006196,Stafford North East,58.871240283879686,5.171475231355471
E02006197,Central Stafford,64.4880174291939,5.3957510810302685
E02006198,Littleworth,62.386686510621026,2.946748053041465
E02006199,Rowley,57.4635241301908,3.1678486997635935
E02006200,Highfields,55.00081314034802,6.419479800774765
E02006201,Weeping Cross,55.26976790917311,2.6888377852467715
E02006202,Gnosall,56.122578194250984,3.2525649421523686
E02006203,Mosspit,55.997413514387326,5.664488017429194
E02006217,Coton Farm,57.69368509012773,4.599289380181603
E02006218,Central Tamworth,56.28019323671498,6.181904310753198
E02006219,Amington,60.272754224725766,4.688232536333802
E02006220,Bolehall,56.53669724770642,5.166254465512504
E02006221,Kettlebrook,64.73738414006179,4.670912951167728
E02006222,Belgrave,58.566024139794635,5.466705437627217
E02006223,Glascote Heath,54.29243433947472,9.0311986863711
E02006224,Wilnecote East,65.00573676446484,3.7612230041252124
E02006225,Dosthill,60.35590706870984,3.5036880927291887
E02006226,Wilnecote West,64.39403593730088,5.250328145509094
E02006468,Polesworth,60.388968245247774,3.5789473684210527
E02006469,Dordon,59.47971157924501,4.775916704391127
E02006470,Atherstone,55.880831695458774,4.978012313104661
E02006471,Kingsbury,59.316297173802674,3.893611187277214
E02006472,Hartshill,59.71276464033676,4.683794466403162
E02006473,Coleshill,59.676308539944905,4.640498899486427
E02006474,New Arley,58.30223880597015,3.9643515673017826
E02006475,Weddington,60.232163818964395,4.230609705516383
E02006476,Camp Hill,59.618528610354225,6.714986143679386
E02006477,Horeston Grange,61.21930567315834,3.578573016225828
E02006478,Galley Common,66.85986030613762,3.7029109589041096
E02006479,Nuneaton Town Centre,57.924151696606785,6.668096054888507
E02006480,Tomkinson Road,58.4107498341075,5.247578040904198
E02006481,Stockingford,57.0172353148083,5.065885797950219
E02006482,Bermuda,61.98219787743923,4.1556379036527265
E02006483,Caldwell,53.526905475777184,6.838780554792639
E02006484,Attleborough,60.00955566172957,5.016385177716158
E02006485,Whitestone,54.90706965433385,3.9793438639125154
E02006486,Bedworth Woodlands,56.71312032630863,5.009962994591517
E02006487,Bedworth Town,51.074700493305144,6.96405648267009
E02006488,Bulkington,48.22924600152323,3.870967741935484
E02006489,Bedworth Coalpit Field,60.3921568627451,5.242431700713758
E02006490,Bedworth Heath,57.620277688085245,6.497249148545978
E02006494,Rugby Town North,61.569148936170215,6.1327927014698425
E02006495,Wolston,58.1267217630854,3.5795887281035794
E02006497,New Bilton,67.63897373243739,4.916273078574496
E02006498,Cawston,66.01031411157993,3.8514067194755532
E02006503,Dunchurch,58.28431372549019,3.0969845150774247
E02006504,Earlswood,57.550369040494715,2.8292354328056586
E02006505,Henley-in-Arden,53.22364002686367,3.412553321145643
E02006506,Studley,56.664650131074815,3.9644565960355433
E02006507,Southam,64.91864555848724,3.4499672988881622
E02006508,Harbury,62.07840560665791,2.8115892336704955
E02006509,Alcester,55.88,3.820998278829604
E02006510,Wilmcote,53.159787634868984,2.9393370856785492
E02006511,Wellesbourne,59.512641574190596,2.838998879342548
E02006512,Stratford North,60.63165978688682,3.851423352108388
E02006513,Stratford South East,57.19680464778504,3.9746403316264325
E02006514,Stratford South West,54.183526954705655,3.822984244670992
E02006516,Kineton,60.96388512264267,2.848163425653113
E02006519,Kenilworth West,56.308654848800835,3.349526975198159
E02006520,Kenilworth East,58.008286898128304,3.287279656979514
E02006521,Kenilworth South,53.059226627508565,4.465334900117509
E02006522,Kingswood,60.684286006965785,2.9806747461513265
E02006523,Cubbington,48.41069171031244,5.748945147679325
E02006524,Lillington,58.033303330333034,6.490210297316897
E02006525,Leamington Central,57.14797242860979,4.187303016659163
E02006526,Warwick North,60.3139324906237,4.4874615046194455
E02006527,Leamington West,60.27156147850138,4.5590284690424046
E02006528,Leamington East,58.62465982834415,5.2604871447902575
E02006529,Warwick South West,64.78528807590727,4.498918529199711
E02006530,Warwick South East,64.75717232327021,3.8691718858733473
E02006531,Leamington Brunswick,52.560739135394094,7.451295440851577
E02006532,Bishops Tachbrook,65.85125054848618,3.3021907216494846
E02006533,Whitnash,65.6500418610214,4.205933682373473
E02006696,Hagley,59.431345353675454,2.6412950866231184
E02006697,Dodford,57.09281961471103,3.081081081081081
E02006698,Rubery West,57.220862361137264,4.343720491029273
E02006699,Hollywood,53.541666666666664,5.096011816838995
E02006700,Wythall,54.87621905476369,3.176704169424222
E02006701,Barnt Green,61.54620157638772,2.8586553732133404
E02006702,Catshill,58.6812732534105,5.145339124624123
E02006703,Marlbrook,59.789409430795054,3.5213001723713373
E02006704,Alvechurch,56.32224168126095,3.6837376460017968
E02006705,Bromsgrove Sidemoor,60.89225589225589,4.890875624506968
E02006706,Bromsgrove Central,51.739427012278306,5.246720799500312
E02006707,Bromsgrove Stoney Hill,63.22390261895979,2.779353374929098
E02006708,Bromsgrove Charford,62.6089713108258,5.862726406101048
E02006709,Stoke Heath (B60),57.966053344743976,4.376470588235295
E02006710,Tenbury Wells,53.93590104020242,3.906836964688204
E02006711,Abberley,55.99107267401311,3.0902945436986964
E02006712,Broadheath,56.14551083591331,3.176721836625734
E02006721,Riverside,59.44107372678801,3.7224538415723645
E02006722,Church Hill South,60.2515424774561,7.335766423357664
E02006723,Batchley,63.10706401766004,5.2020725388601035
E02006724,Redditch Town,59.653241827704534,7.0886075949367084
E02006725,Winyates Green,58.156661459495645,6.3600431189363995
E02006726,Southcrest,61.71890021149779,5.25383707201889
E02006727,Arrow Valley,60.097422366551655,4.019448946515397
E02006728,Webheath,61.924816721260335,2.957712050843315
E02006729,Matchborough,61.67343623070674,4.213979308604593
E02006730,Greenlands,61.6481156024214,5.789316621903909
E02006731,Oakenshaw,59.525862068965516,3.4940600978336827
E02006732,Crabbs Cross,60.83447802197802,3.8012489818083086
E02006733,Hunt End,60.24144072828023,3.8230647709320693
E02006734,Northwick,58.948611931482574,3.760848601735776
E02006735,Warndon West,53.48448687350835,9.417946645109135
E02006736,Warndon East,70.30812324929973,3.5110199897488465
E02006737,Barbourne,62.65776875090672,4.657836644591612
E02006738,King George's Field,59.38993533876862,6.815174239082488
E02006739,Henwick,48.6013986013986,8.885651857246904
E02006740,Worcester Town North,61.292764153799574,7.493717157870687
E02006741,Lyppard Grange,67.72189941895412,3.7585421412300684
E02006748,Hartlebury,60.584043593684505,3.3652774682415867
E02006749,Droitwich Spa West,56.15474794841735,5.522682445759369
E02006750,Droitwich Spa East,52.8815022663501,4.296875
E02006751,Droitwich Spa Central,52.791461412151065,4.987070557813078
E02006752,Droitwich Spa South,60.4416496051477,3.3668459200374095
E02006753,Fernhill Heath,58.739537173806006,3.1655844155844157
E02006754,Crowle,58.8546973711025,1.9021739130434783
E02006755,Inkberrow,55.51812958192986,2.2671782350889433
E02006767,Wolverley,52.92357561401322,4.240920369952628
E02006768,Franche,56.25971334829909,3.893805309734513
E02006769,Greenhill,60.29014844804318,3.7436035550767572
E02006770,Kidderminster Town,58.38650865998177,7.4644835058993495
E02006771,Bewdley East,49.7060857538036,4.42154255319149
E02006772,Habberley,53.5431654676259,4.948914431673052
E02006773,Comberton,51.02784662487243,6.341985549906342
E02006774,Foley Park,60.527593461725196,5.3164556962025316
E02006775,Birchen Coppice,53.398263815371585,7.313487688349872
E02006776,Spennells,56.65859564164649,5.292652552926525
E02006777,Bewdley West,49.14853358561968,4.5036764705882355
E02006778,Stourport Lickhill,54.93482309124767,3.8233550681683464
E02006779,Stourport Mitton,53.872209391839874,4.320481268799562
E02006780,Stourport Areley Kings,46.90300736904999,5.5733761026463515
E02006805,Holbrooks,58.3695967507978,7.002542177027964
E02006806,Ash Green,58.14590542099192,5.902939804013066
E02006807,Yardley Wood East,57.82608695652174,4.512820512820513
E02006808,Shirley West,63.258426966292134,4.088586030664395
E02006809,Handsworth Wood,55.99030890369473,6.645122197535851
E02006810,Charlemont,53.39938503587291,7.787610619469026
E02006894,Blakenhall,51.8262949673383,11.653074027603513
E02006895,Attwood Green,53.82725627101112,15.52353896103896
E02006896,Digbeth,58.137381966302534,13.043478260869565
E02006897,Five Ways North,51.74451322453574,15.584117512049575
E02006898,Ladywood Summer Hill,69.69390701703725,8.855740181268882
E02006899,Birmingham city centre,68.66769283393194,9.306528122882312
E02006900,Bordesley,40.86157173756308,15.818789454140363
E02006919,Swadlincote South,68.46649641250151,3.8264434574649813
E02006920,Swadlincote East,66.00877192982456,3.8338658146964857
E02006943,Smethwick East,48.2865475756471,13.600782778864971
E02006944,Smethwick South East,50.781112866420926,14.10332541567696
E02006982,Perton,57.50808110490743,4.583130180399805
E02007038,Birches Green,51.724808084734235,9.840785907859079
E02007039,Greet,41.08423686405338,13.639551192145863
E02007040,Sparkhill South,42.678227360308284,12.450592885375494
E02007048,Brinklow,60.423529411764704,2.579666160849772
E02007050,Telford Town Centre,69.68497704606617,4.8833189282627485
E02007051,Lawley,71.29082426127528,3.5353535353535355
