area_a,area_b,name_a,hle_average_a,hle_average_lci_a,hle_average_uci_a,se_average_a,student_dominated_a,visitor_hub_a,city_centre_caveat_a,hle_male_imputed_a,hle_female_imputed_a,name_b,hle_average_b,hle_average_lci_b,hle_average_uci_b,se_average_b,student_dominated_b,visitor_hub_b,city_centre_caveat_b,hle_male_imputed_b,hle_female_imputed_b,signed_gap_years,gap_years,se_gap_years,z,above_noise_cutoff,big_gap_pair,student_dominated_either,visitor_hub_either,city_centre_caveat_either,imputed_either
E02001836,E02001840,New Oscott,70.44999999999999,69.50892348876405,71.39107651123592,0.480141077161191,False,False,False,False,False,Perry Common College Road,54.6,53.74853068170367,55.45146931829632,0.43442312157975727,False,False,False,False,False,15.849999999999987,15.849999999999987,0.647502048290667,24.478687043295405,True,True,False,False,False,False
E02001929,E02002094,Fox Hollies,56.35,55.46611652351681,57.23388347648318,0.4509609573893798,False,False,False,False,False,Ulverley Green,72.0,70.83380962103094,73.16619037896906,0.5949950913107462,False,False,False,False,False,-15.649999999999999,15.649999999999999,0.7465821748296897,20.96219348334974,True,True,False,False,False,False
E02001947,E02006699,Druids Heath,54.2,53.04972829296727,55.35027170703274,0.5868733199146596,False,False,False,False,False,Hollywood,69.75,68.24916689801964,71.25083310198036,0.7657311744797766,False,False,False,False,False,-15.549999999999997,15.549999999999997,0.964761382517891,16.117975161295007,True,True,False,False,False,False
E02001951,E02006697,Frankley,55.8,54.82756748306116,56.77243251693884,0.49613903925451097,False,False,False,False,False,Dodford,70.95,69.98953136438507,71.91046863561493,0.49003501817088274,False,False,False,False,False,-15.150000000000006,15.150000000000006,0.697343721063097,21.725297787013705,True,True,False,False,False,False
E02001947,E02006700,Druids Heath,54.2,53.04972829296727,55.35027170703274,0.5868733199146596,False,False,False,False,False,Wythall,69.35,68.30567007128973,70.39432992871026,0.5328213921991168,False,False,False,False,False,-15.149999999999991,15.149999999999991,0.7926657111372104,19.11272278734601,True,True,False,False,False,False
E02001954,E02006704,Hawkesley,56.4,55.37469516727951,57.42530483272049,0.5231147105716787,False,False,False,False,False,Alvechurch,71.1,70.12371879051166,72.07628120948833,0.4981026579022114,False,False,False,False,False,-14.699999999999996,14.699999999999996,0.7223262823861102,20.350913926931295,True,True,False,False,False,False
E02001833,E02001840,Kingstanding North,69.15,68.01366818226366,70.28633181773635,0.5797611314981368,False,False,False,False,False,Perry Common College Road,54.6,53.74853068170367,55.45146931829632,0.43442312157975727,False,False,False,False,False,14.550000000000004,14.550000000000004,0.7244628480185167,20.083845624100405,True,True,False,False,False,False
E02002036,E02006696,Lye,58.9,57.7332738110422,60.0667261889578,0.5952684637539792,False,False,False,False,False,Hagley,73.25,72.17151726949385,74.32848273050615,0.5502462910745677,False,False,False,False,False,-14.350000000000001,14.350000000000001,0.8106266247671244,17.702354649555765,True,True,False,False,False,False
E02006735,E02006736,Warndon West,55.3,54.0252451216018,56.5747548783982,0.650385142039899,False,False,False,False,False,Warndon East,69.45,67.91112866034877,70.98887133965124,0.78513843859757,False,False,False,False,False,-14.150000000000006,14.150000000000006,1.0195308728771728,13.87893233685795,True,True,False,False,False,False
E02001996,E02006495,Willenhall,55.25,54.18875073616044,56.31124926383956,0.5414537060405901,False,False,False,False,False,Wolston,69.15,68.03280485142479,70.26719514857523,0.5699975247832757,False,False,False,False,False,-13.900000000000006,13.900000000000006,0.7861738319507657,17.680568132761884,True,True,False,False,False,False
E02001833,E02001837,Kingstanding North,69.15,68.01366818226366,70.28633181773635,0.5797611314981368,False,False,False,False,False,Kingstanding South East,55.3,54.41540969935229,56.184590300647706,0.4513215819631167,False,False,False,False,False,13.850000000000009,13.850000000000009,0.7347204501997274,18.850707090343008,True,True,False,False,False,False
E02001964,E02007048,Henley Green,55.900000000000006,54.99826556015643,56.80173443984358,0.46006859175692477,False,False,False,False,False,Brinklow,69.5,68.52371879051167,70.47628120948833,0.4981026579022114,False,False,False,False,False,-13.599999999999994,13.599999999999994,0.6780629520409203,20.057134752849986,True,True,False,False,False,False
E02001945,E02006697,Allens Cross,57.6,56.57225976044527,58.62774023955472,0.5243572650789409,False,False,False,False,False,Dodford,70.95,69.98953136438507,71.91046863561493,0.49003501817088274,False,False,False,False,False,-13.350000000000001,13.350000000000001,0.7176941273793482,18.60123901075709,True,True,False,False,False,False
E02002139,E02002144,Walsall Central,57.05,56.16540969935229,57.934590300647706,0.4513215819631167,False,True,False,False,False,Walsall South East,70.1,68.975,71.225,0.5739795918367347,False,False,False,False,False,-13.049999999999997,13.049999999999997,0.7301669276204962,17.87262543173241,True,True,False,True,False,False
E02001954,E02006700,Hawkesley,56.4,55.37469516727951,57.42530483272049,0.5231147105716787,False,False,False,False,False,Wythall,69.35,68.30567007128973,70.39432992871026,0.5328213921991168,False,False,False,False,False,-12.949999999999996,12.949999999999996,0.7466911251658855,17.34318189080259,True,True,False,False,False,False
E02001932,E02006697,Bartley Green,58.2,57.17469516727951,59.2253048327205,0.5231147105716805,False,False,False,False,False,Dodford,70.95,69.98953136438507,71.91046863561493,0.49003501817088274,False,False,False,False,False,-12.75,12.75,0.716786801950364,17.787715908422808,True,True,False,False,False,False
E02002937,E02002948,Ironbridge,68.0,67.13361382744182,68.86638617255818,0.4420337615092753,False,False,False,False,False,Woodside,55.400000000000006,54.26807685773283,56.53192314226718,0.5775118072791716,False,False,False,False,False,12.599999999999994,12.599999999999994,0.7272645556198198,17.32519466628137,True,True,False,False,False,False
E02001836,E02001846,New Oscott,70.44999999999999,69.50892348876405,71.39107651123592,0.480141077161191,False,False,False,False,False,Short Heath,57.9,56.980761184457485,58.81923881554251,0.4689993956849559,False,False,False,False,False,12.54999999999999,12.54999999999999,0.6711899039246364,18.69813584295086,True,True,False,False,False,False
E02001847,E02001855,Minworth,67.25,65.9752451216018,68.5247548783982,0.6503851420398972,False,False,False,False,False,Castle Vale,54.8,53.964461251646576,55.63553874835342,0.42629527977215387,False,False,False,False,False,12.450000000000003,12.450000000000003,0.777642911973276,16.00991895934345,True,True,False,False,False,False
E02004122,E02006144,Willington South,70.7,69.28401977414937,72.11598022585063,0.7224388907401182,False,False,False,False,False,Burton Stapenhill,58.3,57.29097819646947,59.30902180353053,0.5148070426176172,False,False,False,False,False,12.400000000000006,12.400000000000006,0.8870987780301074,13.978150243353351,True,True,False,False,False,False
E02006749,E02006752,Droitwich Spa West,59.9,58.609409050085965,61.19059094991403,0.6584647703643028,False,False,False,False,False,Droitwich Spa South,72.25,71.38361382744183,73.11638617255817,0.4420337615092681,False,False,False,False,False,-12.350000000000001,12.350000000000001,0.7930760998321325,15.572276106434277,True,True,False,False,False,False
E02002082,E02002083,Smith's Wood North,57.25,56.15170586817556,58.34829413182444,0.5603541488900197,False,False,False,True,False,Castle Bromwich East,69.55000000000001,68.3975569428384,70.70244305716162,0.5879811516130639,False,False,False,False,False,-12.300000000000011,12.300000000000011,0.8122306364761693,15.143481971282291,True,True,False,False,False,True
E02002088,E02006473,Chelmsley Wood East,55.55,54.70147186257614,56.39852813742385,0.43292251909380375,False,False,False,False,False,Coleshill,67.75,66.93605897019502,68.56394102980498,0.41527603561478554,False,False,False,False,False,-12.200000000000003,12.200000000000003,0.5998967355257548,20.336833454024074,True,True,False,False,False,False
E02001955,E02006701,Longbridge South,61.4,60.480761184457485,62.31923881554251,0.4689993956849559,False,False,False,False,False,Barnt Green,73.6,72.428462548614,74.771537451386,0.5977231894826537,False,False,False,False,False,-12.199999999999996,12.199999999999996,0.7597588067262993,16.05772765250092,True,True,False,False,False,False
E02002950,E02006013,Sutton Hill,57.25,55.83181453963172,58.668185460368285,0.7235640103919804,False,False,False,False,False,Alveley,69.4,68.48450832881998,70.31549167118003,0.4670875873367455,False,False,False,False,False,-12.150000000000006,12.150000000000006,0.8612291747140175,14.10774316143502,True,True,False,False,False,False
E02001920,E02002035,Woodgate Valley,58.5,57.36807685773282,59.631923142267176,0.5775118072791734,False,False,False,False,False,Halesowen East,70.6,69.50426964995944,71.69573035004055,0.5590460969594665,False,False,False,False,False,-12.099999999999994,12.099999999999994,0.8037738650095997,15.053985364223657,True,True,False,False,False,False
E02001905,E02001922,Edgbaston South,69.80000000000001,68.5437655473599,71.05623445264013,0.6409359452245483,True,False,False,False,False,Selly Oak,57.75,56.0496323926868,59.4503676073132,0.8675344935271414,True,False,False,False,False,12.050000000000011,12.050000000000011,1.078617162546693,11.171711723508174,True,True,True,False,False,False
E02001974,E02001977,Sherbourne,68.55000000000001,67.6468804065906,69.45311959340943,0.46077530275990525,False,False,False,False,False,Naul's Mill,56.650000000000006,55.65752833793604,57.64247166206397,0.506363092889777,False,False,False,False,False,11.900000000000006,11.900000000000006,0.6846294336897759,17.38166578066262,True,True,False,False,False,False
E02001951,E02006698,Frankley,55.8,54.82756748306116,56.77243251693884,0.49613903925451097,False,False,False,False,False,Rubery West,67.6,66.48616652950273,68.71383347049726,0.56828238290677,False,False,False,False,False,-11.799999999999997,11.799999999999997,0.7543863817663903,15.64185182183483,True,True,False,False,False,False
E02002016,E02002018,Brockmoor,56.650000000000006,55.65941936219206,57.64058063780795,0.5053982845958902,False,False,False,False,False,Kingswinford South,68.44999999999999,67.49279051404616,69.40720948595381,0.4883721867111354,False,False,False,False,False,-11.799999999999983,11.799999999999983,0.7028049649977471,16.789864311840496,True,True,False,False,False,False
E02006142,E02006144,Burton Brizlincote,70.05,69.09475134127285,71.00524865872714,0.4873717646567057,False,False,False,False,False,Burton Stapenhill,58.3,57.29097819646947,59.30902180353053,0.5148070426176172,False,False,False,False,False,11.75,11.75,0.7089129199790962,16.574673233979816,True,True,False,False,False,False
E02001872,E02002083,Shard End,57.85,56.84097819646947,58.85902180353053,0.5148070426176172,False,False,False,False,False,Castle Bromwich East,69.55000000000001,68.3975569428384,70.70244305716162,0.5879811516130639,False,False,False,False,False,-11.70000000000001,11.70000000000001,0.7815037592877734,14.971137196656422,True,True,False,False,False,False
E02001855,E02002081,Castle Vale,54.8,53.964461251646576,55.63553874835342,0.42629527977215387,False,False,False,False,False,Castle Bromwich West,66.44999999999999,65.06706833140605,67.83293166859393,0.7055773819356839,False,False,False,False,False,-11.649999999999991,11.649999999999991,0.8243586036763569,14.13219920074223,True,True,False,False,False,False
E02001988,E02001991,Central Coventry,58.15,56.978462548614,59.32153745138599,0.5977231894826519,True,True,False,False,False,Earlsdon,69.7,68.79688040659057,70.60311959340943,0.4607753027599125,False,False,False,False,False,-11.550000000000004,11.550000000000004,0.7547098057391353,15.303895500189448,True,True,True,True,False,False
E02001964,E02006488,Henley Green,55.900000000000006,54.99826556015643,56.80173443984358,0.46006859175692477,False,False,False,False,False,Bulkington,67.4,66.26284345844559,68.53715654155442,0.5801819089563358,False,False,False,False,False,-11.5,11.5,0.7404553711071437,15.530983295866934,True,True,False,False,False,False
E02001901,E02001911,Harborne East,70.6,69.45982457490085,71.74017542509914,0.5817221556628288,False,False,False,False,False,Quinton East,59.1,58.10752833793604,60.09247166206397,0.5063630928897788,False,False,False,False,False,11.499999999999993,11.499999999999993,0.7712355335628093,14.911138685317635,True,True,False,False,False,False
E02002083,E02002084,Castle Bromwich East,69.55000000000001,68.3975569428384,70.70244305716162,0.5879811516130639,False,False,False,False,False,Smith's Wood South,58.1,56.95081550654388,59.24918449345612,0.5863186191102646,False,False,False,False,False,11.45000000000001,11.45000000000001,0.8303561632020277,13.789263580397124,True,True,False,False,False,False
E02006704,E02006722,Alvechurch,71.1,70.12371879051166,72.07628120948833,0.4981026579022114,False,False,False,False,False,Church Hill South,59.65,58.33994274934261,60.960057250657385,0.6683965564578505,False,False,False,False,False,11.449999999999996,11.449999999999996,0.8335827580354335,13.735888716058694,True,True,False,False,False,False
E02001834,E02002141,Old Oscott,60.25,59.0270425191365,61.4729574808635,0.6239578983997446,False,False,False,False,False,Streetly South,71.65,70.74826556015644,72.55173443984357,0.4600685917569211,False,False,False,False,False,-11.400000000000006,11.400000000000006,0.7752332346440151,14.705251904267048,True,True,False,False,False,False
E02002036,E02002041,Lye,58.9,57.7332738110422,60.0667261889578,0.5952684637539792,False,False,False,False,False,Pedmore Fields,70.25,69.20686769774875,71.29313230225125,0.5322103582914549,False,False,False,False,False,-11.350000000000001,11.350000000000001,0.7984938380555866,14.214261224154718,True,True,False,False,False,False
E02006223,E02006224,Glascote Heath,55.1,54.038750736160445,56.16124926383956,0.5414537060405901,False,False,False,False,False,Wilnecote East,66.44999999999999,65.36804574958087,67.5319542504191,0.5520174747036307,False,False,False,False,False,-11.349999999999987,11.349999999999987,0.7732369676646761,14.678553243877053,True,True,False,False,False,False
E02002819,E02004121,Wilmorton,58.7,57.67469516727951,59.7253048327205,0.5231147105716805,False,False,False,False,False,Aston-on-Trent,69.95,69.0792962616366,70.8207037383634,0.4442366012058179,False,False,False,False,False,-11.25,11.25,0.6862908700160523,16.392466360126377,True,True,False,False,False,False
E02002950,E02006008,Sutton Hill,57.25,55.83181453963172,58.668185460368285,0.7235640103919804,False,False,False,False,False,Shifnal,68.5,67.7027390640449,69.2972609359551,0.4067657836505584,False,False,False,False,False,-11.25,11.25,0.8300622144655054,13.553200957646425,True,True,False,False,False,False
E02001841,E02001851,Wylde Green,71.30000000000001,70.01499027241037,72.58500972758965,0.6556172079538973,False,False,False,False,False,Pype Hayes Park,60.1,59.0885035837928,61.11149641620719,0.5160696001057113,False,False,False,False,False,11.20000000000001,11.20000000000001,0.8343630837462386,13.42341268229738,True,True,False,False,False,False
E02001899,E02001911,Harborne West,70.3,69.1850448439511,71.41495515604889,0.5688546714535169,False,False,False,False,False,Quinton East,59.1,58.10752833793604,60.09247166206397,0.5063630928897788,False,False,False,False,False,11.199999999999996,11.199999999999996,0.7615767978840947,14.706330380753718,True,True,False,False,False,False
E02001980,E02001986,Allesley Green,69.69999999999999,68.2592970465776,71.14070295342238,0.7350525272563204,False,False,False,False,False,Tile Hill,58.55,57.506867697748746,59.59313230225125,0.5322103582914549,False,False,False,False,False,11.149999999999991,11.149999999999991,0.9074966023620267,12.286547377674847,True,True,False,False,False,False
E02002931,E02002932,Muxton,69.95,68.85170586817556,71.04829413182445,0.5603541488900233,False,False,False,False,False,Donnington,58.85,57.89475134127286,59.805248658727145,0.4873717646567057,False,False,False,False,False,11.100000000000001,11.100000000000001,0.7426493177555971,14.946489190276166,True,True,False,False,False,False
E02001928,E02006697,Woodgate,59.95,58.81807685773283,61.08192314226718,0.5775118072791716,False,False,False,False,False,Dodford,70.95,69.98953136438507,71.91046863561493,0.49003501817088274,False,False,False,False,False,-11.0,11.0,0.7573996346583437,14.523376427243727,True,True,False,False,False,False
E02006504,E02006725,Earlswood,73.4,72.55073561242685,74.24926438757316,0.4332981569250803,False,False,False,False,False,Winyates Green,62.400000000000006,61.10940905008597,63.69059094991404,0.6584647703643028,False,False,False,False,False,11.0,11.0,0.78824053854492,13.955131031836844,True,True,False,False,False,False
E02004122,E02006141,Willington South,70.7,69.28401977414937,72.11598022585063,0.7224388907401182,False,False,False,False,False,Burton Central,59.8,58.91540969935229,60.684590300647706,0.4513215819631167,False,False,False,False,False,10.900000000000006,10.900000000000006,0.8518269314828587,12.796026513302774,True,True,False,False,False,False
E02006775,E02006776,Birchen Coppice,57.1,55.939989224187975,58.26001077581201,0.5918422325571525,False,False,False,False,False,Spennells,67.95,67.01158378104383,68.88841621895618,0.4787837851817234,False,False,False,False,False,-10.850000000000001,10.850000000000001,0.7612562913967761,14.252755770454248,True,True,False,False,False,False
E02001993,E02002105,Canley,61.75,60.55914946361855,62.940850536381454,0.6075768042762503,False,False,False,False,False,Balsall Common,72.6,71.75073561242684,73.44926438757315,0.4332981569250803,False,False,False,False,False,-10.849999999999994,10.849999999999994,0.7462552283831667,14.539261618987322,True,True,False,False,False,False
E02006201,E02006203,Weeping Cross,72.80000000000001,71.9996094703209,73.60039052967912,0.4083625151424011,False,False,False,False,False,Mosspit,62.05,60.89755694283839,63.20244305716161,0.5879811516130656,False,False,False,False,False,10.750000000000014,10.750000000000014,0.7158783265511358,15.01651831225279,True,True,False,False,False,False
E02002937,E02002950,Ironbridge,68.0,67.13361382744182,68.86638617255818,0.4420337615092753,False,False,False,False,False,Sutton Hill,57.25,55.83181453963172,58.668185460368285,0.7235640103919804,False,False,False,False,False,10.75,10.75,0.8479025436030752,12.678343851073938,True,True,False,False,False,False
E02001929,E02006807,Fox Hollies,56.35,55.46611652351681,57.23388347648318,0.4509609573893798,False,False,False,False,False,Yardley Wood East,67.05000000000001,66.02225976044528,68.07774023955474,0.5243572650789445,False,False,False,False,False,-10.70000000000001,10.70000000000001,0.6916041689656133,15.47127747364984,True,True,False,False,False,False
E02001928,E02002035,Woodgate,59.95,58.81807685773283,61.08192314226718,0.5775118072791716,False,False,False,False,False,Halesowen East,70.6,69.50426964995944,71.69573035004055,0.5590460969594665,False,False,False,False,False,-10.649999999999991,10.649999999999991,0.8037738650095985,13.249995382560506,True,True,False,False,False,False
E02002082,E02006473,Smith's Wood North,57.25,56.15170586817556,58.34829413182444,0.5603541488900197,False,False,False,True,False,Coleshill,67.75,66.93605897019502,68.56394102980498,0.41527603561478554,False,False,False,False,False,-10.5,10.5,0.6974603629842996,15.054618953645633,True,True,False,False,False,True
E02006494,E02007048,Rugby Town North,59.1,57.91440942986206,60.28559057013794,0.6048931480295612,False,False,False,False,False,Brinklow,69.5,68.52371879051167,70.47628120948833,0.4981026579022114,False,False,False,False,False,-10.399999999999999,10.399999999999999,0.7835827833371277,13.272369201003125,True,True,False,False,False,False
E02002086,E02006473,Chelmsley Wood West,57.4,56.33875073616044,58.46124926383956,0.5414537060405918,False,False,False,False,False,Coleshill,67.75,66.93605897019502,68.56394102980498,0.41527603561478554,False,False,False,False,False,-10.350000000000001,10.350000000000001,0.6823681568926149,15.16776522388162,True,True,False,False,False,False
E02002144,E02002146,Walsall South East,70.1,68.975,71.225,0.5739795918367347,False,False,False,False,False,The Delves,59.75,58.493765547359885,61.00623445264012,0.6409359452245502,False,False,False,False,False,10.349999999999994,10.349999999999994,0.8603786711244952,12.029586910229634,True,True,False,False,False,False
E02001992,E02006495,Ernesford Grange,58.85,57.96540969935229,59.73459030064771,0.4513215819631167,False,False,False,False,False,Wolston,69.15,68.03280485142479,70.26719514857523,0.5699975247832757,False,False,False,False,False,-10.300000000000004,10.300000000000004,0.727040816326533,14.16701754385961,True,True,False,False,False,False
E02002022,E02002027,Hawbush,60.650000000000006,59.76611652351682,61.53388347648319,0.4509609573893798,False,False,False,False,False,Withymoor Village,70.94999999999999,69.83280485142477,72.06719514857521,0.5699975247832757,False,False,False,False,False,-10.299999999999983,10.299999999999983,0.7268170081585922,14.17137998200575,True,True,False,False,False,False
E02001941,E02006807,Yardley Wood West,56.8,55.68504484395111,57.91495515604888,0.5688546714535132,False,False,False,False,False,Yardley Wood East,67.05000000000001,66.02225976044528,68.07774023955474,0.5243572650789445,False,False,False,False,False,-10.250000000000014,10.250000000000014,0.7736576624551423,13.248753935264387,True,True,False,False,False,False
E02002008,E02002012,Dibdale,66.9,66.01329260745159,67.78670739254842,0.45240173089204916,False,False,False,False,False,Russell's Hall,56.65,55.730081525351295,57.5699184746487,0.4693461605350528,False,False,False,False,False,10.250000000000007,10.250000000000007,0.651884303019422,15.72364904711415,True,True,False,False,False,False
E02006141,E02006142,Burton Central,59.8,58.91540969935229,60.684590300647706,0.4513215819631167,False,False,False,False,False,Burton Brizlincote,70.05,69.09475134127285,71.00524865872714,0.4873717646567057,False,False,False,False,False,-10.25,10.25,0.6642457431781416,15.431036036389157,True,True,False,False,False,False
E02006736,E02006738,Warndon East,69.45,67.91112866034877,70.98887133965124,0.78513843859757,False,False,False,False,False,King George's Field,59.2,58.24475134127286,60.155248658727146,0.4873717646567057,False,False,False,False,False,10.25,10.25,0.9241069227897937,11.091790081018107,True,True,False,False,False,False
E02002021,E02002026,Brierley Hill,56.75,55.77756748306116,57.72243251693884,0.49613903925450914,False,False,False,False,False,Amblecote East,66.95,65.99475134127286,67.90524865872715,0.4873717646567057,False,False,False,False,False,-10.200000000000003,10.200000000000003,0.6954747898069193,14.666239739375413,True,True,False,False,False,False
E02006153,E02006218,Whittington,70.5,69.5496711095626,71.4503288904374,0.4848616787945942,False,False,False,False,False,Central Tamworth,60.3,59.32756748306116,61.27243251693884,0.49613903925451097,False,False,False,False,False,10.200000000000003,10.200000000000003,0.6937180939228135,14.703378922007627,True,True,False,False,False,False
E02001941,E02002101,Yardley Wood West,56.8,55.68504484395111,57.91495515604888,0.5688546714535132,False,False,False,False,False,Solihull Lodge,66.94999999999999,65.82499999999999,68.07499999999999,0.5739795918367347,False,False,False,False,False,-10.149999999999991,10.149999999999991,0.8081139827274053,12.560109361978222,True,True,False,False,False,False
E02002073,E02002078,Warley East,57.8,56.82371879051166,58.77628120948833,0.4981026579022114,False,False,False,False,False,Warley South,67.9,66.76284345844559,69.03715654155442,0.5801819089563358,False,False,False,False,False,-10.100000000000009,10.100000000000009,0.7646681013939743,13.208344877454564,True,True,False,False,False,False
E02006477,E02006479,Horeston Grange,69.65,68.7654096993523,70.53459030064771,0.45132158196311306,False,False,False,False,False,Nuneaton Town Centre,59.55,58.630081525351294,60.4699184746487,0.4693461605350528,False,False,False,False,False,10.100000000000009,10.100000000000009,0.6511351539847028,15.511372620863424,True,True,False,False,False,False
E02002932,E02002942,Donnington,58.85,57.89475134127286,59.805248658727145,0.4873717646567057,False,False,False,False,False,Priorslee,68.95,67.99540584539817,69.90459415460184,0.4870378339805283,False,False,False,False,False,-10.100000000000001,10.100000000000001,0.6890116753096684,14.658677584034656,True,True,False,False,False,False
E02001969,E02001974,Radford West,58.55,57.5246951672795,59.57530483272049,0.5231147105716805,False,False,False,False,False,Sherbourne,68.55000000000001,67.6468804065906,69.45311959340943,0.46077530275990525,False,False,False,False,False,-10.000000000000014,10.000000000000014,0.6971103786703906,14.344930596318433,True,True,False,False,False,False
E02006475,E02006476,Weddington,68.80000000000001,67.96896149307028,69.63103850692974,0.42399923822945396,False,False,False,False,False,Camp Hill,58.8,57.86158378104383,59.73841621895617,0.4787837851817197,False,False,False,False,False,10.000000000000014,10.000000000000014,0.6395383233021242,15.63627954047707,True,True,False,False,False,False
E02002036,E02002042,Lye,58.9,57.7332738110422,60.0667261889578,0.5952684637539792,False,False,False,False,False,Hayley Green,68.9,67.71230264797803,70.08769735202198,0.6059680367459034,False,False,False,False,False,-10.000000000000007,10.000000000000007,0.8494361691720614,11.77251494923618,True,True,False,False,False,False
E02006771,E02006775,Bewdley East,67.1,65.84376554735988,68.35623445264011,0.6409359452245483,False,False,False,False,False,Birchen Coppice,57.1,55.939989224187975,58.26001077581201,0.5918422325571525,False,False,False,False,False,9.999999999999993,9.999999999999993,0.8723967641613074,11.462674336732155,True,True,False,False,False,False
E02006522,E02006526,Kingswood,75.69999999999999,74.58280485142477,76.81719514857521,0.5699975247832757,False,False,False,False,False,Warwick North,65.7,64.62151726949385,66.77848273050616,0.5502462910745677,False,False,False,False,False,9.999999999999986,9.999999999999986,0.7922551098606931,12.622196910485494,True,True,False,False,False,False
E02001982,E02001986,Eastern Green,68.5,67.55892348876407,69.44107651123593,0.480141077161191,False,False,False,False,False,Tile Hill,58.55,57.506867697748746,59.59313230225125,0.5322103582914549,False,False,False,False,False,9.950000000000003,9.950000000000003,0.716786801950362,13.881393983435881,True,True,False,False,False,False
E02002168,E02002169,Wolverhampton Central,57.9,57.05147186257614,58.748528137423854,0.43292251909380375,False,True,False,False,False,Compton,67.80000000000001,66.86158378104383,68.73841621895619,0.4787837851817234,False,False,False,False,False,-9.900000000000013,9.900000000000013,0.6454888229020418,15.33721367240842,True,True,False,True,False,False
E02002817,E02002818,Normanton West,67.25,66.254384612413,68.245615387587,0.5079670344831604,False,False,False,False,False,Normanton South,57.35,56.43076118445748,58.26923881554251,0.4689993956849559,False,False,False,True,False,9.899999999999999,9.899999999999999,0.6913688894320239,14.319417826470447,True,True,False,False,False,True
E02002016,E02002020,Brockmoor,56.650000000000006,55.65941936219206,57.64058063780795,0.5053982845958902,False,False,False,False,False,Wordsley,66.55,65.62804555427071,67.47195444572928,0.47038492129045106,False,False,False,False,False,-9.899999999999991,9.899999999999991,0.6904269695267503,14.338953194116819,True,True,False,False,False,False
E02006530,E02006531,Warwick South East,71.1,70.28682720163546,71.91317279836453,0.4148840807982313,False,False,False,False,False,Leamington Brunswick,61.2,60.26158378104383,62.13841621895617,0.4787837851817197,False,False,False,False,False,9.899999999999991,9.899999999999991,0.6335319356218189,15.626678693447438,True,True,False,False,False,False
E02002088,E02002089,Chelmsley Wood East,55.55,54.70147186257614,56.39852813742385,0.43292251909380375,False,False,False,False,False,Marston Green,65.4,64.28616652950274,66.51383347049727,0.56828238290677,False,False,False,False,False,-9.850000000000009,9.850000000000009,0.7143995900479798,13.787801864973735,True,True,False,False,False,False
E02001990,E02001992,Binley,68.7,67.8996094703209,69.50039052967911,0.4083625151424011,False,False,False,False,False,Ernesford Grange,58.85,57.96540969935229,59.73459030064771,0.4513215819631167,False,False,False,False,False,9.850000000000001,9.850000000000001,0.608646953593886,16.183437609994712,True,True,False,False,False,False
E02002020,E02002021,Wordsley,66.55,65.62804555427071,67.47195444572928,0.47038492129045106,False,False,False,False,False,Brierley Hill,56.75,55.77756748306116,57.72243251693884,0.49613903925450914,False,False,False,False,False,9.799999999999997,9.799999999999997,0.6836782287376213,14.334228571378121,True,True,False,False,False,False
E02006120,E02006148,Rugeley South,61.8,60.82756748306116,62.77243251693884,0.49613903925451097,False,False,False,False,False,Burntwood North East,71.55,70.54097819646947,72.55902180353053,0.5148070426176172,False,False,False,False,False,-9.75,9.75,0.7149686967980391,13.636960672075595,True,True,False,False,False,False
E02006767,E02006770,Wolverley,68.6,67.60941936219204,69.59058063780795,0.5053982845958938,False,False,False,False,False,Kidderminster Town,58.85,57.82225976044528,59.877740239554726,0.5243572650789409,False,False,False,False,False,9.749999999999993,9.749999999999993,0.7282705318173589,13.38788207682852,True,True,False,False,False,False
E02002087,E02002089,Fordbridge,55.7,54.56862915010153,56.83137084989848,0.577230025458405,False,False,False,False,False,Marston Green,65.4,64.28616652950274,66.51383347049727,0.56828238290677,False,False,False,False,False,-9.700000000000003,9.700000000000003,0.8100243014952746,11.974949371388199,True,True,False,False,False,False
E02006199,E02006200,Rowley,69.0,68.13217225211451,69.86782774788549,0.44276925912524756,False,False,False,False,False,Highfields,59.3,58.07908845529252,60.520911544707474,0.6229140534221819,False,False,False,False,False,9.700000000000003,9.700000000000003,0.7642424581094494,12.692307129854383,True,True,False,False,False,False
E02001888,E02001898,Kent's Moat,57.15,56.14097819646947,58.15902180353053,0.5148070426176172,False,False,False,False,False,Lyndon Green,66.85,65.64324816138527,68.05675183861472,0.6156897135789394,False,False,False,False,False,-9.699999999999996,9.699999999999996,0.8025584804458885,12.086346648048417,True,True,False,False,False,False
E02006748,E02006749,Hartlebury,69.6,68.61988521080436,70.58011478919563,0.5000585659161424,False,False,False,False,False,Droitwich Spa West,59.9,58.609409050085965,61.19059094991403,0.6584647703643028,False,False,False,False,False,9.699999999999996,9.699999999999996,0.8268218811551996,11.731668236026334,True,True,False,False,False,False
E02001993,E02006519,Canley,61.75,60.55914946361855,62.940850536381454,0.6075768042762503,False,False,False,False,False,Kenilworth West,71.4,70.151751226718,72.648248773282,0.6368616190214288,False,False,False,False,False,-9.650000000000006,9.650000000000006,0.8801944642390888,10.963486356781676,True,True,False,False,False,False
E02002084,E02006473,Smith's Wood South,58.1,56.95081550654388,59.24918449345612,0.5863186191102646,False,False,False,False,False,Coleshill,67.75,66.93605897019502,68.56394102980498,0.41527603561478554,False,False,False,False,False,-9.649999999999999,9.649999999999999,0.7184870972197762,13.430999717797555,True,True,False,False,False,False
E02001901,E02001913,Harborne East,70.6,69.45982457490085,71.74017542509914,0.5817221556628288,False,False,False,False,False,Metchley,60.95,59.81807685773283,62.08192314226718,0.5775118072791716,False,False,False,False,False,9.649999999999991,9.649999999999991,0.819707602707126,11.772490541908331,True,True,False,False,False,False
E02006134,E02006139,Rolleston-on-Dove,70.1,69.23217225211451,70.96782774788548,0.44276925912524756,False,False,False,False,False,Burton Shobnall,60.5,59.52756748306116,61.47243251693884,0.49613903925450914,False,False,False,False,False,9.599999999999994,9.599999999999994,0.6649801223335235,14.43652175092397,True,True,False,False,False,False
