metric,value,unit
area_count,660.0,count
pair_count,1885.0,count
median_gap_years,2.8500000000000014,years
p90_gap_years,8.049999999999997,years
median_z,3.77989537762385,dimensionless
observed_above_noise_count,1316.0,count
observed_above_noise_share,0.6981432360742705,dimensionless
noise_expected_share,0.04987623342175066,dimensionless
noise_share_reference_lower,0.0350132625994695,dimensionless
noise_share_reference_upper,0.06631299734748011,dimensionless
noise_median_gap_years,0.5025943552501073,years
noise_median_reference_lower,0.4639641918433494,dimensionless
noise_median_reference_upper,0.54220426446065,dimensionless
noise_runs,10000.0,count
noise_seed,20261008.0,seed
moran_i,0.5764898710961035,dimensionless
moran_permutation_mean,-0.0005138469085120691,dimensionless
moran_positive_permutation_reference,0.001,dimensionless
moran_permutations,999.0,count
moran_seed,20261009.0,seed
gap_quantile,0.95,dimensionless
gap_threshold_years,9.589999999999995,years
z_cutoff,1.96,dimensionless
big_gap_pair_count,95.0,count
largest_gap_years,15.849999999999987,years
birmingham_big_gap_pair_count,30.0,count
same_sex_direction_count,1302.0,count
sex_check_pair_count,1316.0,count
