area_code,local_area_name,fuel_poor_households_pct
E02001827,Hill Hook,7.129865405602037
E02001828,Four Oaks,8.432996013492794
E02001829,Little Sutton,7.096774193548387
E02001830,Sutton Coldfield North,7.271851673489044
E02001831,Reddicap Heath,9.017094017094017
E02001832,Rectory Park,6.825174825174825
E02001833,Kingstanding North,10.058430717863105
E02001834,Old Oscott,13.155802861685215
E02001835,Sutton Coldfield South,10.279388508170795
E02001836,New Oscott,8.700155359917142
E02001837,Kingstanding South East,15.605020127871182
E02001838,Walmley,5.353901996370236
E02001839,Queslett,10.956107519564478
E02001840,Perry Common College Road,12.518891687657431
E02001841,Wylde Green,7.099636950383219
E02001842,Perry Beeches West,10.993975903614459
E02001843,Kingstanding South West,11.370558375634518
E02001844,Chester Road,11.911477543935778
E02001845,Perry Beeches East,10.40197461212976
E02001846,Short Heath,14.360617535683076
E02001847,Minworth,8.0993080993081
E02001848,Upper Witton,12.805329385640267
E02001849,Erdington Town,15.205585725368502
E02001850,Perry Barr,12.985781990521327
E02001851,Pype Hayes Park,8.664169787765294
E02001852,Stockland Green Marsh Hill,15.491056361795478
E02001855,Castle Vale,12.591074681238617
E02001856,Brookvale,17.012779552715656
E02001857,Gravelly Hill,17.014667817083694
E02001858,Handsworth East,16.621983914209114
E02001859,Birchfield East,20.670572916666668
E02001860,Handsworth West,22.57162823200559
E02001861,Birchfield West,20.612582781456954
E02001862,Middlemore,20.112392783200235
E02001863,Aston Park,19.25925925925926
E02001865,Handsworth South,21.497175141242938
E02001866,Lozells West,19.84993178717599
E02001867,Lozells East,16.154131159688774
E02001868,Hodge Hill,12.95959228248999
E02001869,Nechells,14.556716995741386
E02001870,Ward End,16.77762982689747
E02001871,Buckland End,11.293800539083557
E02001872,Shard End,10.577223088923557
E02001873,Winson Green,20.706337687469762
E02001874,Washwood Heath,17.89924973204716
E02001875,Hockley,14.510948905109489
E02001876,North Central,13.149606299212598
E02001877,Saltley East,20.01808863430811
E02001878,Saltley West,15.574348132487668
E02001879,Summerfield,21.82788944723618
E02001880,Glebe Farm,15.242881072026801
E02001881,Belchers Lane,20.786516853932586
E02001882,Stechford,13.995142683667273
E02001883,Kitts Green,12.040222281026727
E02001884,Bordesley Green North,20.130118637581326
E02001886,Rotton Park,18.985946541747037
E02001888,Kent's Moat,11.031356252361164
E02001889,Little Bromwich,20.57946314443971
E02001890,Edgbaston North,16.942869603139993
E02001892,Yardley Fields,17.676348547717843
E02001893,Yardley,12.265293761356753
E02001895,Sheldon North,11.02661596958175
E02001896,Small Heath Park,19.903453397697735
E02001897,Sparkbrook North,15.013315579227696
E02001898,Lyndon Green,9.771158735924447
E02001899,Harborne West,10.450597176981542
E02001900,Five Ways South,14.635854341736694
E02001901,Harborne East,14.647887323943662
E02001902,Yardley South,12.062256809338521
E02001903,Sparkbrook South,20.08050089445438
E02001904,Hay Mills,18.218327856882073
E02001905,Edgbaston South,13.788150807899461
E02001906,Quinton Ridgacre,10.877626699629172
E02001907,Sheldon South,11.140235910878113
E02001908,Sparkhill North,21.30304329189884
E02001909,Balsall Heath East,20.82490901738779
E02001910,Balsall Heath West,19.279574293900943
E02001911,Quinton East,13.621533442088092
E02001913,Metchley,17.493946731234868
E02001914,Moor Green,15.311203319502075
E02001915,Acocks Green East,13.522504892367905
E02001916,Acocks Green West,18.83357041251778
E02001918,Moseley Village,15.051944914230491
E02001919,Moseley,14.714494875549049
E02001920,Woodgate Valley,11.755996446550192
E02001921,California,14.122252333634448
E02001922,Selly Oak,27.16950527169505
E02001923,Springfield,15.579606949587012
E02001924,Hall Green East,13.333333333333334
E02001925,Selly Oak Park,14.51776649746193
E02001926,Stirchley North,18.28624650729587
E02001927,Weoley Castle,13.750396951413148
E02001928,Woodgate,11.04
E02001929,Fox Hollies,16.027784924105994
E02001930,Kings Heath,14.50313339301701
E02001931,Wake Green East,10.703456640388113
E02001932,Bartley Green,11.381353289678827
E02001933,Kings Heath Park,12.458219386204801
E02001934,Hall Green Central,12.149141181399246
E02001935,Shenley Lane,10.798946444249342
E02001936,Brandwood North,10.033821871476889
E02001937,Billesley Common,12.978222483814008
E02001938,Bournville East,14.931506849315069
E02001939,Bournville West,12.565769111730114
E02001941,Yardley Wood West,13.96584440227704
E02001942,Cotteridge,12.300828553218611
E02001943,Brandwood East,11.143481427530954
E02001944,Brandwood End,8.996345234748384
E02001945,Allens Cross,15.486307837582626
E02001946,Northfield Victoria Common,9.826762246117084
E02001947,Druids Heath,13.127690100430415
E02001948,Highter's Heath,10.761485210824418
E02001949,Lifford,10.74800290486565
E02001950,Longbridge North,11.382536382536383
E02001951,Frankley,11.222493887530563
E02001952,Turves Green,11.679174484052533
E02001953,King's Norton,9.293193717277488
E02001954,Hawkesley,11.987104337631887
E02001955,Longbridge South,8.86041439476554
E02001956,Rubery East,8.891882788817783
E02001957,West Heath,10.028818443804035
E02001958,Longford,10.809281267685343
E02001959,Keresley,9.009679821295608
E02001961,Bell Green,13.529411764705882
E02001962,Little Heath,14.919663351185921
E02001963,Whitmore Park,9.613928841786525
E02001964,Henley Green,11.515291936978684
E02001965,Walsgrave,8.7624466571835
E02001966,Foleshill West,21.144809910294747
E02001967,Brownshill Green,9.136546184738956
E02001968,Radford East,13.211920529801324
E02001969,Radford West,15.351660121385219
E02001970,Wyken Croft,10.90496024233245
E02001971,Coundon,10.935085007727976
E02001972,Foleshill East,22.248464808691544
E02001973,Stoke Heath,16.180517336268576
E02001974,Sherbourne,9.424338110274471
E02001975,Ravensdale,10.895325872284397
E02001976,Clifford Park,10.893512851897185
E02001977,Naul's Mill,18.80597014925373
E02001978,Barras Heath,15.046210720887245
E02001979,Allesley Park,8.244153785176378
E02001980,Allesley Green,7.204180664427025
E02001981,Hillfields,22.825131810193323
E02001982,Eastern Green,8.293204922418406
E02001983,Whoberley,10.802833530106257
E02001984,Copsewood,14.03296170625303
E02001985,Lower Stoke,28.197130380536493
E02001986,Tile Hill,11.701288456481725
E02001987,Chapelfields,22.840359364201795
E02001988,Central Coventry,18.59240786921585
E02001989,Earl Place,12.898330804248863
E02001990,Binley,7.771753162922799
E02001991,Earlsdon,12.767644726407614
E02001992,Ernesford Grange,11.611864796504944
E02001993,Canley,11.996522747029847
E02001994,Cheylesmore Daventry Road,11.513545347467609
E02001995,Whitley,14.217098943323727
E02001996,Willenhall,11.768099221228727
E02001997,Stivichall,8.940118077031206
E02001998,Finham Park,9.435483870967742
E02001999,Cannon Park,11.703511053315994
E02002000,Coseley Wallbrook,10.975932293044169
E02002001,Sedgley East,11.933085501858736
E02002002,Sedgley West,7.631412286257125
E02002003,West Coseley,9.55845459106874
E02002004,Woodsetton,11.097410604192355
E02002005,Dudley Priory,16.131599893871055
E02002006,Upper Gornal,10.371106693174287
E02002007,Lower Gornal,10.053165780570323
E02002008,Dibdale,6.079664570230608
E02002009,Kates Hill,17.448200654307524
E02002010,New Dock,15.333686440677965
E02002011,Kingswinford North,7.8684891023273
E02002012,Russell's Hall,14.259160913436006
E02002013,Wall Heath,8.78447395301328
E02002014,Dixons Green,15.24704455895726
E02002015,Pensett,9.75609756097561
E02002016,Brockmoor,15.302285218397454
E02002017,Netherton,13.687464867903316
E02002018,Kingswinford South,8.717020175892396
E02002019,Dudley Wood,14.037806011775643
E02002020,Wordsley,8.501932257331212
E02002021,Brierley Hill,13.829513262941026
E02002022,Hawbush,12.94481691593605
E02002023,Ashwood,9.398186314921682
E02002024,Quarry Bank,11.624834874504623
E02002025,Shell Corner,14.008902854150302
E02002026,Amblecote East,8.96021397525911
E02002027,Withymoor Village,4.138225255972697
E02002028,Wollaston,9.824689554419285
E02002029,Quinton West,9.606824925816024
E02002030,Amblecote West,10.105196047178833
E02002031,Cradley West,12.504693954187006
E02002032,Cradley East,13.083690503045341
E02002033,Hawne,11.052937754508434
E02002034,Stourbridge Town,12.848335388409371
E02002035,Halesowen East,8.19609345078514
E02002036,Lye,15.351170568561873
E02002037,Norton North,10.464676992822064
E02002038,Halesowen Town,12.06369982547993
E02002039,Oldswinford,10.267534345625451
E02002040,Norton South,7.608695652173913
E02002041,Pedmore Fields,9.011627906976743
E02002042,Hayley Green,8.598452278589853
E02002043,Wood Green,15.505952380952381
E02002044,Yew Tree,9.381107491856678
E02002045,Woods,13.337356668678334
E02002046,Friar Park,18.287575616565846
E02002047,Wednesbury,12.873134328358208
E02002048,Great Barr,8.943661971830986
E02002049,Princes End,10.441458733205375
E02002051,Ocker Hill,16.046213093709884
E02002052,Stone Cross,13.727272727272727
E02002053,Hamstead East,10.900832702498107
E02002054,Hamstead West,10.170195101701951
E02002055,Wednesbury South,11.047180667433832
E02002056,Tibbington,13.855721393034825
E02002057,Tipton,11.392688943709352
E02002058,Great Bridge,9.54124903623747
E02002059,West Bromwich North,13.957894736842105
E02002060,Greets Green West,15.390226112326769
E02002061,Greets Green East,16.15841584158416
E02002062,West Bromwich East,15.728476821192054
E02002063,North Tividale,10.999755560987534
E02002064,Tividale,12.721834496510468
E02002065,Smethwick North,17.039944585546063
E02002066,Oldbury,16.237623762376238
E02002067,Rowley West,9.835438193647148
E02002069,Whiteheath,11.607414159829839
E02002070,Smethwick South,20.834447713292324
E02002071,Rowley East,13.76887952230418
E02002072,Langley Green,11.85264281900694
E02002073,Warley East,17.303297420829253
E02002074,Warley West,14.580175810851774
E02002075,Blackheath,12.689295039164492
E02002076,Bearwood,18.969159273341784
E02002077,Old Hill,12.632922160782647
E02002078,Warley South,12.084257206208425
E02002079,Brandhall,11.639923850965461
E02002080,Cradley Heath,13.329180940516974
E02002081,Castle Bromwich West,7.586206896551724
E02002082,Smith's Wood North,12.417491749174918
E02002083,Castle Bromwich East,9.015091342335186
E02002084,Smith's Wood South,10.820244328097731
E02002085,Kingshurst,10.501623962468424
E02002086,Chelmsley Wood West,11.745454545454546
E02002087,Fordbridge,13.07609860664523
E02002088,Chelmsley Wood East,12.557924003707136
E02002089,Marston Green,8.63905325443787
E02002090,Lyndon North,10.272277227722773
E02002091,Elmdon Park,9.30802204531537
E02002092,Lyndon South,11.012937835279267
E02002093,Olton,10.586319218241043
E02002094,Ulverley Green,7.128554265118142
E02002095,Elmdon Heath,7.7431289640591965
E02002096,Lode Heath,8.82088208820882
E02002097,Meriden,11.059765865680838
E02002098,Shirley East,9.344181459566075
E02002099,Central Solihull,7.1722717913520935
E02002101,Solihull Lodge,9.304669129996642
E02002102,Blossomfield,9.197278911564625
E02002103,Shirley Heath,8.830188679245284
E02002104,Monkspath North,4.030632809351068
E02002105,Balsall Common,6.810966810966811
E02002106,Knowle,7.015065913370998
E02002107,Monkspath South,4.047720494247976
E02002108,Dorridge,6.246985045827303
E02002109,Dickens Heath,5.791872388909988
E02002110,Brownhills West,9.146548792927575
E02002111,Brownhills,11.53578874218207
E02002112,Pelsall North,9.043704024231934
E02002113,Walsall Wood,11.206281227694504
E02002114,Pelsall South,9.484609878310666
E02002115,Little Bloxwich,12.402838796890842
E02002116,Aldridge North,8.28656322218554
E02002117,Bloxwich Central,8.911917098445596
E02002118,Bloxwich North West,11.49461684610513
E02002119,Shelfield,9.933254809579898
E02002120,Ashmore,7.494908350305499
E02002121,Blakenall North,14.78978978978979
E02002122,Blakenall South,13.762528912875867
E02002123,New Invention,11.035714285714286
E02002124,Aldridge Central,9.649385675756667
E02002125,Rushall,10.709269662921349
E02002126,Bloxwich South,15.379213483146067
E02002127,Walsall Ryecroft,15.676429567642957
E02002128,Short Heath East,10.146650812524772
E02002129,Short Heath West,10.142215568862275
E02002130,Leamore,14.619666048237477
E02002131,Aldridge South,8.255498644169931
E02002132,Bentley,11.521252796420582
E02002133,Walsall North East,11.831340465701699
E02002134,Willenhall Park,13.924387646432375
E02002135,Walsall West,15.670170827858081
E02002136,Willenhall Town,13.100177830468287
E02002137,Streetly North,7.4710496824803885
E02002138,Walsall East,14.267569856054191
E02002139,Walsall Central,16.774337268879485
E02002140,Pleck,18.164125851443398
E02002141,Streetly South,7.768777614138439
E02002142,Darlaston East,14.835747085835393
E02002143,Palfrey,21.542227662178703
E02002144,Walsall South East,7.345511076564322
E02002145,Darlaston Central,13.060029282576867
E02002146,The Delves,15.873015873015873
E02002147,Darlaston West,13.090306545153272
E02002148,Pheasey,8.140724074452853
E02002149,Bushbury,11.051091604771552
E02002150,Fordhouses,11.62988115449915
E02002151,Pendeford,10.280373831775702
E02002152,Bushbury Hill,15.11240632805995
E02002153,Ashmore Park,10.866456963111238
E02002154,Oxley Park,11.730205278592376
E02002155,Low Hill,17.369930356411306
E02002156,Wood End,11.82209469153515
E02002157,Tettenhall North,10.923863978332832
E02002158,Wednesfield North East,10.615339749198016
E02002159,Park Lane,19.02712010331468
E02002160,Wednesfield Town,11.209150326797385
E02002161,Whitmore Reans,16.710575837410612
E02002162,Tettenhall South,8.368915456874467
E02002163,Heath Town,15.16023795816542
E02002164,Waterloo Road,22.54782254782255
E02002165,West Park,20.236842105263158
E02002166,East Park,14.652567975830816
E02002167,Castlecroft,9.471294193966916
E02002168,Wolverhampton Central,19.805060141020324
E02002169,Compton,9.38676707907477
E02002170,Bilston North West,12.509897070467142
E02002171,Bilston North East,12.064676616915422
E02002174,Bradmore,12.559467174119886
E02002175,Bilston Lunt,16.409933983024207
E02002176,Merryhill South,11.616454229432213
E02002177,Ettingshall,13.238720610040247
E02002178,Goldthorn Park,12.067156348373556
E02002179,Upper Penn,10.18074511250461
E02002180,Ettingshall Park,11.951309479896716
E02002181,Bradley,10.606920022688598
E02002182,Woodcross,10.447185813415574
E02002809,Spondon South,9.633312616532008
E02002812,Littleover East,10.211706102117061
E02002813,Rose Hill,19.436485195797516
E02002814,Mickleover South,7.822041291072987
E02002815,Normanton North,20.451127819548873
E02002816,Littleover West,5.89543937708565
E02002817,Normanton West,8.303817394726485
E02002818,Normanton South,16.936528497409327
E02002819,Wilmorton,10.371352785145888
E02002820,Alvaston,15.414389799635702
E02002821,Allenton,17.006661115736886
E02002822,Sunny Hill,8.881239242685027
E02002823,Boulton,9.457142857142857
E02002824,Sinfin,9.790044821891955
E02002825,Chellaston West,7.395993836671803
E02002826,Chellaston East,5.618340329350985
E02002905,Wigmore,15.695067264573991
E02002908,Shobdon,15.5029296875
E02002909,Bromyard,14.671662394005127
E02002928,Newport North,9.890936442271531
E02002929,Edgmond,13.436893203883495
E02002930,Newport South,10.198388096714197
E02002931,Muxton,7.8431372549019605
E02002932,Donnington,12.025827280064568
E02002933,Dothill,7.607497243660419
E02002934,Apley,7.600149756645451
E02002935,Wrockwardine Wood,11.381842456608812
E02002936,Hadley,11.019283746556473
E02002937,Ironbridge,11.68639053254438
E02002938,Wellington East,13.275226282266175
E02002939,Wellington West,11.24520021941854
E02002940,St George's,12.420382165605096
E02002941,Oakengates,10.893336084175779
E02002942,Priorslee,4.282518376478108
E02002944,Malinslee,13.87140902872777
E02002945,Hollinswood,11.823289070480081
E02002946,Dawley,10.702524698133919
E02002947,Brookside,12.295367467781261
E02002948,Woodside,13.934993084370678
E02002949,Madeley,12.673415823022122
E02002950,Sutton Hill,14.965986394557824
E02004077,Doveridge,13.792126876239026
E02004086,Borrowash,9.442955019362525
E02004088,Long Eaton West,7.01652652942882
E02004090,Breaston,8.977807666442501
E02004091,Long Eaton South,8.90888638920135
E02004092,Sawley,9.229732764428475
E02004118,Hatton,8.398320335932814
E02004119,Hilton,6.397241907680521
E02004120,Willington North,6.613645876935957
E02004121,Aston-on-Trent,7.754010695187166
E02004122,Willington South,9.03448275862069
E02004123,Melbourne,11.955514365152919
E02004124,Swadlincote North,9.502794939688144
E02004125,Swadlincote West,9.352517985611511
E02004126,Swadlincote Central,9.36891854323047
E02004128,Castle Gresley,10.812898242904035
E02005335,Kirby Muxloe,6.963958460598656
E02005342,Cosby,9.257589419897807
E02005344,Stoney Stanton,8.247174801635008
E02005349,Shepshed West,8.002192381474377
E02005350,Shepshed East,7.852760736196319
E02005372,Dunton Bassett,11.244343891402714
E02005377,Markfield,9.377254147631643
E02005380,Market Bosworth,11.482889733840304
E02005381,Desford,9.56986510562484
E02005382,Earl Shilton,9.072498987444309
E02005383,Barwell,9.12037037037037
E02005384,Stoke Golding,8.794282162834058
E02005385,Hinckley East,6.204379562043796
E02005386,Hinckley Central,14.132340052585452
E02005387,Hinckley West,7.001951008020811
E02005388,Hinckley Clarendon Park,9.3109243697479
E02005389,Burbage St Catherines,8.828640945429267
E02005390,Burbage Sketchley,6.107660455486543
E02005397,Castle Donington,10.986238532110091
E02005398,Kegworth,13.021167415009621
E02005399,Ashby de la Zouch North,7.672436063032808
E02005400,Thringstone,10.018214936247723
E02005401,Packington,10.04534356470178
E02005402,Ashby de la Zouch South,8.137254901960784
E02005403,Whitwick,8.561536040289582
E02005404,Donisthope,10.150856558424955
E02005405,Agar Nook,11.159465340379235
E02005406,Coalville,13.361344537815127
E02005407,Hugglescote,6.29774932892835
E02005408,Measham,10.653016048699502
E02005409,Ibstock,9.208341022328844
E02006008,Shifnal,9.303810943155206
E02006009,Cosford,14.500875656742556
E02006010,Much Wenlock,15.579575102497204
E02006011,Bridgnorth West,8.958485069191552
E02006012,Bridgnorth East,11.86161449752883
E02006013,Alveley,18.14957138634348
E02006014,Highley,15.57109557109557
E02006016,Woore,14.841089670828604
E02006018,Market Drayton,10.907811400422238
E02006020,Hinstock,15.449852507374631
E02006022,Shawbury,16.411464468001572
E02006038,Bayston Hill,11.164529914529915
E02006040,Cressage,17.34786557674841
E02006043,Craven Arms,18.300227938782157
E02006046,Cleobury Mortimer,13.716704007966143
E02006118,Rugeley North,7.90273556231003
E02006119,Rugeley Town,12.459978655282818
E02006120,Rugeley South,10.355828220858896
E02006121,Hednesford Pye Green,9.538228614685844
E02006122,Hednesford Central,9.431910845338408
E02006123,Wimblebury,9.884974838245867
E02006124,Cannock North,14.474899907607021
E02006125,Cannock North East,12.55800464037123
E02006126,Hednesford South,9.280303030303031
E02006127,Hawks Green,4.835924006908463
E02006128,Cannock West,9.64329643296433
E02006129,Cannock South,14.12118177265899
E02006130,Norton Canes,9.195088676671213
E02006131,Mayfield,13.836477987421384
E02006132,Uttoxeter Heath,9.400589584015723
E02006133,Uttoxeter Town,9.33791380387258
E02006134,Rolleston-on-Dove,8.957446808510639
E02006135,Burton Stretton,6.381782400899635
E02006136,Abbots Bromley,14.054514480408859
E02006137,Burton Horninglow,13.446442137249937
E02006138,Burton Eton Park,14.984326018808778
E02006139,Burton Shobnall,18.778935185185187
E02006140,Burton Winshill,11.583333333333334
E02006141,Burton Central,20.19723865877712
E02006142,Burton Brizlincote,6.513409961685824
E02006143,Branston,6.532791052364006
E02006144,Burton Stapenhill,14.025500910746812
E02006145,Barton-under-Needwood,10.828267477203648
E02006146,Armitage,10.124968120377455
E02006147,Alrewas,8.990318118948824
E02006148,Burntwood North East,8.831003811944091
E02006149,Lichfield Central,10.780952380952382
E02006150,Lichfield East,6.717958341152186
E02006151,Burntwood West,9.080615942028986
E02006152,Lichfield West,8.08294540837918
E02006153,Whittington,9.920938536087732
E02006154,Burntwood Chase Terrace,9.022897302199048
E02006155,Burntwood Chasetown,11.855670103092784
E02006156,Shenstone,8.802177858439201
E02006157,Fazeley,13.303994583615436
E02006173,Loggerheads,12.01923076923077
E02006174,Penkridge,9.914495114006515
E02006175,Huntington,10.062240663900415
E02006176,Brewood,14.61352657004831
E02006177,Cheslyn Hay,8.66986082591832
E02006178,Great Wyrley,10.853404698186143
E02006179,Featherstone West,7.772543741588156
E02006180,Featherstone East,9.923928077455049
E02006181,Bilbrook,11.26497005988024
E02006182,Codsall,7.945928123969667
E02006185,Wombourne Inner,10.507355148604022
E02006186,Wombourne Outer,9.416469732775859
E02006187,Kinver,10.03076923076923
E02006189,Barlaston,12.935016938712657
E02006190,Stone Town,10.88345864661654
E02006191,Little Stoke,8.121546961325967
E02006192,Eccleshall,12.744140625
E02006193,Stafford Common,8.668639053254438
E02006194,Doxey,10.668789808917197
E02006195,Weston,10.82294264339152
E02006196,Stafford North East,14.388961892247043
E02006197,Central Stafford,16.942800788954635
E02006198,Littleworth,7.786458333333333
E02006199,Rowley,8.983957219251337
E02006200,Highfields,11.329639889196676
E02006201,Weeping Cross,7.635746606334842
E02006202,Gnosall,12.894799335074804
E02006203,Mosspit,10.146149522203485
E02006217,Coton Farm,8.161393856029344
E02006218,Central Tamworth,11.989676208352886
E02006219,Amington,8.250918338513705
E02006220,Bolehall,11.482820976491862
E02006221,Kettlebrook,7.972665148063781
E02006222,Belgrave,11.916208791208792
E02006223,Glascote Heath,13.08108108108108
E02006224,Wilnecote East,6.12635609444799
E02006225,Dosthill,6.759758806728023
E02006226,Wilnecote West,8.82423086095874
E02006468,Polesworth,10.331632653061224
E02006469,Dordon,13.55525965379494
E02006470,Atherstone,11.928794274178749
E02006471,Kingsbury,11.08560183666776
E02006472,Hartshill,12.415560214302353
E02006473,Coleshill,9.108199492814878
E02006474,New Arley,16.876574307304786
E02006475,Weddington,7.510729613733906
E02006476,Camp Hill,10.721200387221684
E02006477,Horeston Grange,6.260387811634349
E02006478,Galley Common,7.010135135135135
E02006479,Nuneaton Town Centre,18.19887429643527
E02006480,Tomkinson Road,13.166517724158474
E02006481,Stockingford,12.816455696202532
E02006482,Bermuda,10.208596713021493
E02006483,Caldwell,14.371437143714372
E02006484,Attleborough,11.91827468785471
E02006485,Whitestone,5.928449744463373
E02006486,Bedworth Woodlands,9.187169106197446
E02006487,Bedworth Town,12.700408676516819
E02006488,Bulkington,9.274469541409994
E02006489,Bedworth Coalpit Field,11.43837575064341
E02006490,Bedworth Heath,9.454881429011396
E02006494,Town North,14.896107696810068
E02006495,Wolston,9.896133871898442
E02006497,New Bilton,14.790102863497358
E02006498,Cawston,7.418717442069338
E02006503,Dunchurch,10.161768056504899
E02006504,Earlswood,12.706071572175311
E02006505,Henley-in-Arden,12.578055307760927
E02006506,Studley,10.985813022917425
E02006507,Southam,9.293456443195504
E02006508,Harbury,13.165438165438166
E02006509,Alcester,11.32785763175907
E02006510,Wilmcote,11.578266494178525
E02006511,Wellesbourne,10.606060606060606
E02006512,Stratford North,10.217135162430568
E02006513,Stratford South East,6.571654790182106
E02006514,Stratford South West,9.902560616360752
E02006516,Kineton,13.974300137677833
E02006519,Kenilworth West,9.845509295627128
E02006520,Kenilworth East,6.5119957817031375
E02006521,Kenilworth South,8.550074738415546
E02006522,Kingswood,13.445707565660525
E02006523,Cubbington,10.02865329512894
E02006524,Lillington,10.620186461289014
E02006525,Leamington Central,11.355132585000813
E02006526,Warwick North,9.391175745624846
E02006527,Leamington West,11.63536417773706
E02006528,Leamington East,14.180442142999402
E02006529,Warwick South West,9.612748457847841
E02006530,Warwick South East,6.393244873341375
E02006531,Leamington Brunswick,15.841584158415841
E02006532,Bishops Tachbrook,7.267206477732794
E02006533,Whitnash,7.382704691812328
E02006696,Hagley,6.505700871898055
E02006697,Dodford,13.097454996896337
E02006698,Rubery West,9.425205283827205
E02006699,Hollywood,7.851239669421488
E02006700,Wythall,7.7781912914030515
E02006701,Barnt Green,5.897858319604613
E02006702,Catshill,9.553903345724907
E02006703,Marlbrook,6.359583952451708
E02006704,Alvechurch,10.333333333333334
E02006705,Bromsgrove Sidemoor,10.894704808277542
E02006706,Bromsgrove Central,8.90652557319224
E02006707,Bromsgrove Stoney Hill,6.422676713311805
E02006708,Bromsgrove Charford,11.135857461024498
E02006709,Stoke Heath,8.32608064984044
E02006710,Tenbury Wells,15.414812876210416
E02006711,Abberley,14.266230223677033
E02006712,Broadheath,12.031438935912938
E02006721,Riverside,5.616815988973122
E02006722,Church Hill South,11.808422791081751
E02006723,Batchley,8.932570291117193
E02006724,Redditch Town,17.82892476812092
E02006725,Winyates Green,9.803921568627452
E02006726,Southcrest,11.848341232227488
E02006727,Arrow Valley,8.240277242972661
E02006728,Webheath,6.604050484297035
E02006729,Matchborough,8.66540164452878
E02006730,Greenlands,10.839807621161672
E02006731,Oakenshaw,9.646539027982326
E02006732,Crabbs Cross,7.3991031390134525
E02006733,Hunt End,9.582401193139448
E02006734,Northwick,9.634641407307171
E02006735,Warndon West,12.480252764612954
E02006736,Warndon East,4.872231686541737
E02006737,Barbourne,10.681114551083592
E02006738,King George's Field,14.477073673364245
E02006739,Henwick,9.741730856366107
E02006740,Worcester Town North,16.637390213299874
E02006741,Lyppard Grange,4.3359375
E02006748,Hartlebury,11.067297581493165
E02006749,Droitwich Spa West,11.306209850107066
E02006750,Droitwich Spa East,9.20863309352518
E02006751,Droitwich Spa Central,11.025358324145534
E02006752,Droitwich Spa South,4.633740288568258
E02006753,Fernhill Heath,10.82008107265357
E02006754,Crowle,13.973799126637555
E02006755,Inkberrow,13.286713286713287
E02006767,Wolverley,12.476415094339623
E02006768,Franche,9.670188920909382
E02006769,Greenhill,9.996875976257419
E02006770,Kidderminster Town,13.262733232476046
E02006771,Bewdley East,11.321928460342146
E02006772,Habberley,10.111621799080762
E02006773,Comberton,12.503163756011137
E02006774,Foley Park,14.600781686208823
E02006775,Birchen Coppice,13.47544727826418
E02006776,Spennells,6.767676767676767
E02006777,Bewdley West,11.827033218785797
E02006778,Stourport Lickhill,9.388924252068746
E02006779,Stourport Mitton,9.002111932418163
E02006780,Stourport Areley Kings,10.098870056497175
E02006805,Holbrooks,13.882488479262673
E02006806,Ash Green,9.669421487603305
E02006807,Yardley Wood East,11.223842739378567
E02006808,Shirley West,10.118406889128094
E02006809,Handsworth Wood,11.791590493601463
E02006810,Charlemont,10.554442217768871
E02006894,Blakenhall,19.32075471698113
E02006895,Attwood Green,9.499654138805626
E02006896,Digbeth,10.601894286587228
E02006897,Five Ways North,12.084870848708487
E02006898,Ladywood Summer Hill,10.81447963800905
E02006899,Birmingham city centre,10.774731823599524
E02006900,Bordesley,19.83062808750882
E02006919,Swadlincote South,9.244406922752216
E02006920,Swadlincote East,8.408577878103838
E02006943,Smethwick East,13.619810633648944
E02006944,Smethwick South East,21.28267973856209
E02006982,Perton,7.255747126436781
E02007038,Birches Green,12.545520757465404
E02007039,Greet,20.219298245614034
E02007040,Sparkhill South,22.360534808667587
E02007048,Brinklow,13.969658659924146
E02007050,Town Centre,6.800709639266706
E02007051,Lawley,5.130460275579009
