area_code,Number of households,Number of households in fuel poverty,lsoa_count
E02001827,2749.0,196.0,4
E02001828,3261.0,275.0,4
E02001829,3720.0,264.0,5
E02001830,4153.0,302.0,6
E02001831,4680.0,422.0,6
E02001832,3575.0,244.0,5
E02001833,2396.0,241.0,4
E02001834,2516.0,331.0,4
E02001835,3794.0,390.0,5
E02001836,3862.0,336.0,6
E02001837,4223.0,659.0,7
E02001838,3306.0,177.0,5
E02001839,2939.0,322.0,4
E02001840,3970.0,497.0,6
E02001841,2479.0,176.0,4
E02001842,3320.0,365.0,5
E02001843,2955.0,336.0,4
E02001844,4609.0,549.0,6
E02001845,2836.0,295.0,4
E02001846,3433.0,493.0,5
E02001847,2457.0,199.0,4
E02001848,2702.0,346.0,4
E02001849,3867.0,588.0,5
E02001850,3165.0,411.0,5
E02001851,4005.0,347.0,5
E02001852,2963.0,459.0,4
E02001855,4392.0,553.0,6
E02001856,3756.0,639.0,5
E02001857,5795.0,986.0,8
E02001858,3357.0,558.0,5
E02001859,3072.0,635.0,6
E02001860,2862.0,646.0,5
E02001861,3624.0,747.0,6
E02001862,3381.0,680.0,6
E02001863,2565.0,494.0,5
E02001865,3540.0,761.0,7
E02001866,2932.0,582.0,5
E02001867,2699.0,436.0,5
E02001868,2747.0,356.0,5
E02001869,2583.0,376.0,4
E02001870,3755.0,630.0,6
E02001871,3710.0,419.0,5
E02001872,3205.0,339.0,4
E02001873,4134.0,856.0,5
E02001874,2799.0,501.0,5
E02001875,3425.0,497.0,5
E02001876,3810.0,501.0,6
E02001877,3317.0,664.0,6
E02001878,2838.0,442.0,5
E02001879,3184.0,695.0,5
E02001880,3582.0,546.0,6
E02001881,3026.0,629.0,5
E02001882,3294.0,461.0,5
E02001883,3779.0,455.0,5
E02001884,2613.0,526.0,4
E02001886,3629.0,689.0,5
E02001888,2647.0,292.0,4
E02001889,2347.0,483.0,4
E02001890,4586.0,777.0,6
E02001892,3615.0,639.0,6
E02001893,3302.0,405.0,5
E02001895,3682.0,406.0,5
E02001896,2693.0,536.0,5
E02001897,3004.0,451.0,5
E02001898,2753.0,269.0,4
E02001899,3684.0,385.0,5
E02001900,2856.0,418.0,4
E02001901,3905.0,572.0,5
E02001902,2570.0,310.0,4
E02001903,2236.0,449.0,4
E02001904,2739.0,499.0,4
E02001905,2785.0,384.0,5
E02001906,4045.0,440.0,6
E02001907,4578.0,510.0,6
E02001908,2333.0,497.0,4
E02001909,2473.0,515.0,5
E02001910,2443.0,471.0,4
E02001911,3678.0,501.0,5
E02001913,3304.0,578.0,4
E02001914,2410.0,369.0,4
E02001915,5110.0,691.0,7
E02001916,3515.0,662.0,5
E02001918,4139.0,623.0,6
E02001919,2732.0,402.0,4
E02001920,3377.0,397.0,5
E02001921,3321.0,469.0,5
E02001922,3699.0,1005.0,6
E02001923,3511.0,547.0,6
E02001924,2610.0,348.0,4
E02001925,2955.0,429.0,4
E02001926,3221.0,589.0,5
E02001927,3149.0,433.0,5
E02001928,3125.0,345.0,5
E02001929,3887.0,623.0,6
E02001930,3351.0,486.0,5
E02001931,3298.0,353.0,5
E02001932,3207.0,365.0,4
E02001933,3291.0,410.0,5
E02001934,2387.0,290.0,4
E02001935,3417.0,369.0,5
E02001936,2661.0,267.0,4
E02001937,3398.0,441.0,5
E02001938,3650.0,545.0,5
E02001939,3231.0,406.0,4
E02001941,2635.0,368.0,4
E02001942,3138.0,386.0,4
E02001943,2746.0,306.0,4
E02001944,3557.0,320.0,4
E02001945,3177.0,492.0,5
E02001946,3348.0,329.0,5
E02001947,2788.0,366.0,4
E02001948,3178.0,342.0,5
E02001949,2754.0,296.0,4
E02001950,3848.0,438.0,5
E02001951,4090.0,459.0,6
E02001952,4264.0,498.0,5
E02001953,3056.0,284.0,5
E02001954,3412.0,409.0,5
E02001955,3668.0,325.0,5
E02001956,2969.0,264.0,4
E02001957,3470.0,348.0,5
E02001958,3534.0,382.0,4
E02001959,2686.0,242.0,4
E02001961,3400.0,460.0,5
E02001962,2614.0,390.0,4
E02001963,2642.0,254.0,4
E02001964,4316.0,497.0,6
E02001965,3515.0,308.0,5
E02001966,2341.0,495.0,4
E02001967,2988.0,273.0,4
E02001968,3020.0,399.0,4
E02001969,2801.0,430.0,4
E02001970,2641.0,288.0,4
E02001971,2588.0,283.0,4
E02001972,4234.0,942.0,7
E02001973,3634.0,588.0,5
E02001974,4117.0,388.0,6
E02001975,3038.0,331.0,5
E02001976,3268.0,356.0,5
E02001977,4355.0,819.0,6
E02001978,2705.0,407.0,4
E02001979,2523.0,208.0,4
E02001980,2679.0,193.0,4
E02001981,4552.0,1039.0,6
E02001982,3738.0,310.0,5
E02001983,3388.0,366.0,5
E02001984,4126.0,579.0,6
E02001985,3206.0,904.0,5
E02001986,3803.0,445.0,5
E02001987,2894.0,661.0,4
E02001988,3609.0,671.0,5
E02001989,2636.0,340.0,4
E02001990,3873.0,301.0,6
E02001991,3783.0,483.0,6
E02001992,4349.0,505.0,7
E02001993,3451.0,414.0,5
E02001994,3396.0,391.0,5
E02001995,4164.0,592.0,5
E02001996,3467.0,408.0,4
E02001997,3557.0,318.0,5
E02001998,2480.0,234.0,4
E02001999,2307.0,270.0,4
E02002000,3781.0,415.0,5
E02002001,2690.0,321.0,4
E02002002,3158.0,241.0,5
E02002003,3986.0,381.0,6
E02002004,3244.0,360.0,5
E02002005,3769.0,608.0,6
E02002006,3018.0,313.0,4
E02002007,4138.0,416.0,6
E02002008,3339.0,203.0,5
E02002009,2751.0,480.0,4
E02002010,3776.0,579.0,5
E02002011,2707.0,213.0,4
E02002012,3766.0,537.0,5
E02002013,2937.0,258.0,5
E02002014,3299.0,503.0,4
E02002015,3075.0,300.0,4
E02002016,3457.0,529.0,5
E02002017,3558.0,487.0,5
E02002018,3866.0,337.0,6
E02002019,3227.0,453.0,5
E02002020,4399.0,374.0,6
E02002021,3883.0,537.0,4
E02002022,3878.0,502.0,5
E02002023,2426.0,228.0,4
E02002024,3785.0,440.0,5
E02002025,3819.0,535.0,5
E02002026,2991.0,268.0,5
E02002027,2344.0,97.0,4
E02002028,2738.0,269.0,4
E02002029,2696.0,259.0,4
E02002030,3137.0,317.0,4
E02002031,2663.0,333.0,4
E02002032,4433.0,580.0,6
E02002033,3438.0,380.0,5
E02002034,4055.0,521.0,5
E02002035,2611.0,214.0,4
E02002036,2990.0,459.0,4
E02002037,2647.0,277.0,4
E02002038,4584.0,553.0,6
E02002039,2766.0,284.0,4
E02002040,2668.0,203.0,4
E02002041,2752.0,248.0,4
E02002042,3489.0,300.0,5
E02002043,3360.0,521.0,5
E02002044,3070.0,288.0,4
E02002045,3314.0,442.0,5
E02002046,2149.0,393.0,4
E02002047,3216.0,414.0,4
E02002048,2840.0,254.0,4
E02002049,2605.0,272.0,4
E02002051,2337.0,375.0,4
E02002052,4400.0,604.0,6
E02002053,2642.0,288.0,4
E02002054,2409.0,245.0,4
E02002055,4345.0,480.0,6
E02002056,4020.0,557.0,6
E02002057,4459.0,508.0,6
E02002058,5188.0,495.0,6
E02002059,4750.0,663.0,6
E02002060,2742.0,422.0,4
E02002061,2525.0,408.0,4
E02002062,3624.0,570.0,4
E02002063,4091.0,450.0,5
E02002064,5015.0,638.0,7
E02002065,4331.0,738.0,7
E02002066,3030.0,492.0,4
E02002067,2613.0,257.0,4
E02002069,3291.0,382.0,4
E02002070,3739.0,779.0,5
E02002071,2847.0,392.0,4
E02002072,3746.0,444.0,5
E02002073,3063.0,530.0,5
E02002074,3299.0,481.0,5
E02002075,3830.0,486.0,5
E02002076,4734.0,898.0,7
E02002077,4702.0,594.0,6
E02002078,2706.0,327.0,4
E02002079,3677.0,428.0,5
E02002080,3211.0,428.0,4
E02002081,2465.0,187.0,4
E02002082,2424.0,301.0,4
E02002083,2518.0,227.0,4
E02002084,2865.0,310.0,4
E02002085,2771.0,291.0,4
E02002086,2750.0,323.0,4
E02002087,2799.0,366.0,4
E02002088,4316.0,542.0,6
E02002089,3380.0,292.0,5
E02002090,2424.0,249.0,4
E02002091,3266.0,304.0,5
E02002092,3169.0,349.0,5
E02002093,3070.0,325.0,4
E02002094,2497.0,178.0,4
E02002095,3784.0,293.0,5
E02002096,4444.0,392.0,6
E02002097,3246.0,359.0,4
E02002098,4056.0,379.0,6
E02002099,2914.0,209.0,4
E02002101,2977.0,277.0,4
E02002102,3675.0,338.0,5
E02002103,2650.0,234.0,4
E02002104,2481.0,100.0,4
E02002105,3465.0,236.0,5
E02002106,4248.0,298.0,6
E02002107,2347.0,95.0,4
E02002108,4146.0,259.0,6
E02002109,5266.0,305.0,6
E02002110,2941.0,269.0,4
E02002111,2878.0,332.0,4
E02002112,2311.0,209.0,4
E02002113,2802.0,314.0,4
E02002114,2794.0,265.0,4
E02002115,2959.0,367.0,4
E02002116,3029.0,251.0,5
E02002117,2895.0,258.0,4
E02002118,3158.0,363.0,5
E02002119,2547.0,253.0,4
E02002120,2455.0,184.0,4
E02002121,2664.0,394.0,4
E02002122,2594.0,357.0,4
E02002123,2800.0,309.0,4
E02002124,3337.0,322.0,4
E02002125,2848.0,305.0,4
E02002126,2848.0,438.0,4
E02002127,3585.0,562.0,4
E02002128,2523.0,256.0,4
E02002129,2672.0,271.0,4
E02002130,2695.0,394.0,4
E02002131,3319.0,274.0,5
E02002132,2682.0,309.0,4
E02002133,3178.0,376.0,4
E02002134,3756.0,523.0,5
E02002135,3044.0,477.0,4
E02002136,3374.0,442.0,4
E02002137,2677.0,200.0,4
E02002138,2362.0,337.0,4
E02002139,4489.0,753.0,6
E02002140,3083.0,560.0,5
E02002141,2716.0,211.0,4
E02002142,2831.0,420.0,4
E02002143,3268.0,704.0,6
E02002144,2573.0,189.0,4
E02002145,3415.0,446.0,4
E02002146,2268.0,360.0,4
E02002147,3621.0,474.0,5
E02002148,4889.0,398.0,7
E02002149,4443.0,491.0,7
E02002150,2356.0,274.0,4
E02002151,2568.0,264.0,4
E02002152,2402.0,363.0,4
E02002153,3497.0,380.0,5
E02002154,3069.0,360.0,5
E02002155,2441.0,424.0,4
E02002156,3485.0,412.0,5
E02002157,3323.0,363.0,5
E02002158,3429.0,364.0,5
E02002159,2323.0,442.0,4
E02002160,3060.0,343.0,4
E02002161,2657.0,444.0,4
E02002162,3513.0,294.0,5
E02002163,5211.0,790.0,6
E02002164,2457.0,554.0,4
E02002165,3800.0,769.0,5
E02002166,3972.0,582.0,6
E02002167,3083.0,292.0,4
E02002168,4822.0,955.0,7
E02002169,3718.0,349.0,6
E02002170,2526.0,316.0,4
E02002171,3216.0,388.0,5
E02002174,3153.0,396.0,5
E02002175,3181.0,522.0,4
E02002176,3452.0,401.0,5
E02002177,4721.0,625.0,5
E02002178,2859.0,345.0,5
E02002179,2711.0,276.0,4
E02002180,2711.0,324.0,4
E02002181,3526.0,374.0,4
E02002182,2594.0,271.0,4
E02002809,3218.0,310.0,4
E02002812,3212.0,328.0,4
E02002813,4188.0,814.0,6
E02002814,3439.0,269.0,5
E02002815,2660.0,544.0,4
E02002816,3596.0,212.0,5
E02002817,2541.0,211.0,4
E02002818,3088.0,523.0,4
E02002819,3770.0,391.0,5
E02002820,4392.0,677.0,6
E02002821,4804.0,817.0,6
E02002822,2905.0,258.0,4
E02002823,3500.0,331.0,5
E02002824,4239.0,415.0,6
E02002825,3894.0,288.0,6
E02002826,3097.0,174.0,4
E02002905,2899.0,455.0,4
E02002908,4096.0,635.0,6
E02002909,5071.0,744.0,7
E02002928,2659.0,263.0,4
E02002929,2575.0,346.0,4
E02002930,3226.0,329.0,4
E02002931,2805.0,220.0,4
E02002932,3717.0,447.0,5
E02002933,3628.0,276.0,6
E02002934,2671.0,203.0,4
E02002935,2996.0,341.0,5
E02002936,4356.0,480.0,7
E02002937,4732.0,553.0,6
E02002938,2983.0,396.0,4
E02002939,3646.0,410.0,4
E02002940,2826.0,351.0,4
E02002941,4847.0,528.0,6
E02002942,3129.0,134.0,4
E02002944,3655.0,507.0,5
E02002945,3916.0,463.0,6
E02002946,3644.0,390.0,5
E02002947,2871.0,353.0,5
E02002948,2892.0,403.0,5
E02002949,2667.0,338.0,4
E02002950,2499.0,374.0,4
E02004077,3531.0,487.0,4
E02004086,3357.0,317.0,5
E02004088,3449.0,242.0,5
E02004090,2974.0,267.0,4
E02004091,4445.0,396.0,6
E02004092,4453.0,411.0,6
E02004118,3334.0,280.0,4
E02004119,5221.0,334.0,7
E02004120,4778.0,316.0,6
E02004121,4114.0,319.0,5
E02004122,2900.0,262.0,4
E02004123,3237.0,387.0,4
E02004124,3399.0,323.0,5
E02004125,4031.0,377.0,6
E02004126,3597.0,337.0,4
E02004128,5179.0,560.0,6
E02005335,3274.0,228.0,5
E02005342,3327.0,308.0,5
E02005344,4159.0,343.0,5
E02005349,3649.0,292.0,4
E02005350,3260.0,256.0,4
E02005372,4420.0,497.0,4
E02005377,4159.0,390.0,6
E02005380,3945.0,453.0,5
E02005381,3929.0,376.0,5
E02005382,4938.0,448.0,6
E02005383,4320.0,394.0,6
E02005384,3218.0,283.0,4
E02005385,3014.0,187.0,4
E02005386,4564.0,645.0,5
E02005387,4613.0,323.0,6
E02005388,2975.0,277.0,4
E02005389,2877.0,254.0,4
E02005390,4830.0,295.0,6
E02005397,4360.0,479.0,6
E02005398,3118.0,406.0,4
E02005399,3871.0,297.0,5
E02005400,2745.0,275.0,4
E02005401,2867.0,288.0,4
E02005402,3060.0,249.0,4
E02005403,3177.0,272.0,4
E02005404,3911.0,397.0,5
E02005405,3217.0,359.0,5
E02005406,3570.0,477.0,4
E02005407,4843.0,305.0,5
E02005408,3614.0,385.0,4
E02005409,5419.0,499.0,6
E02006008,4697.0,437.0,6
E02006009,2855.0,414.0,4
E02006010,5366.0,836.0,7
E02006011,2746.0,246.0,4
E02006012,3035.0,360.0,4
E02006013,3383.0,614.0,5
E02006014,4290.0,668.0,5
E02006016,3524.0,523.0,5
E02006018,5684.0,620.0,7
E02006020,2712.0,419.0,5
E02006022,2547.0,418.0,4
E02006038,3744.0,418.0,5
E02006040,3303.0,573.0,4
E02006043,3071.0,562.0,4
E02006046,4017.0,551.0,6
E02006118,3290.0,260.0,5
E02006119,3748.0,467.0,5
E02006120,4075.0,422.0,5
E02006121,2642.0,252.0,4
E02006122,3679.0,347.0,5
E02006123,2782.0,275.0,4
E02006124,3247.0,470.0,5
E02006125,3448.0,433.0,5
E02006126,3696.0,343.0,5
E02006127,2895.0,140.0,4
E02006128,4065.0,392.0,5
E02006129,3994.0,564.0,5
E02006130,3665.0,337.0,4
E02006131,3339.0,462.0,5
E02006132,3053.0,287.0,4
E02006133,3202.0,299.0,4
E02006134,4700.0,421.0,6
E02006135,3557.0,227.0,5
E02006136,3522.0,495.0,6
E02006137,3949.0,531.0,5
E02006138,3190.0,478.0,4
E02006139,3456.0,649.0,4
E02006140,3600.0,417.0,5
E02006141,5070.0,1024.0,7
E02006142,2349.0,153.0,3
E02006143,3934.0,257.0,5
E02006144,3843.0,539.0,5
E02006145,2632.0,285.0,4
E02006146,3921.0,397.0,5
E02006147,3615.0,325.0,5
E02006148,3148.0,278.0,4
E02006149,5250.0,566.0,6
E02006150,5329.0,358.0,7
E02006151,4416.0,401.0,6
E02006152,4726.0,382.0,5
E02006153,3921.0,389.0,5
E02006154,4411.0,398.0,6
E02006155,2522.0,299.0,4
E02006156,3306.0,291.0,5
E02006157,2954.0,393.0,4
E02006173,3120.0,375.0,4
E02006174,4912.0,487.0,6
E02006175,2892.0,291.0,4
E02006176,3312.0,484.0,5
E02006177,4383.0,380.0,7
E02006178,3363.0,365.0,5
E02006179,2972.0,231.0,4
E02006180,2892.0,287.0,4
E02006181,2672.0,301.0,4
E02006182,3033.0,241.0,5
E02006185,3331.0,350.0,5
E02006186,5501.0,518.0,7
E02006187,3250.0,326.0,5
E02006189,3247.0,420.0,5
E02006190,5320.0,579.0,6
E02006191,3620.0,294.0,5
E02006192,4096.0,522.0,5
E02006193,3380.0,293.0,4
E02006194,3768.0,402.0,5
E02006195,4010.0,434.0,5
E02006196,3044.0,438.0,4
E02006197,5070.0,859.0,6
E02006198,3840.0,299.0,6
E02006199,3740.0,336.0,5
E02006200,3610.0,409.0,5
E02006201,5304.0,405.0,7
E02006202,4211.0,543.0,5
E02006203,3558.0,361.0,4
E02006217,4362.0,356.0,6
E02006218,4262.0,511.0,5
E02006219,3539.0,292.0,5
E02006220,3318.0,381.0,5
E02006221,2634.0,210.0,4
E02006222,2912.0,347.0,5
E02006223,2775.0,363.0,5
E02006224,3134.0,192.0,5
E02006225,3151.0,213.0,5
E02006226,4193.0,370.0,6
E02006468,4704.0,486.0,6
E02006469,3755.0,509.0,5
E02006470,5449.0,650.0,7
E02006471,3049.0,338.0,4
E02006472,4293.0,533.0,6
E02006473,4732.0,431.0,6
E02006474,2779.0,469.0,4
E02006475,4194.0,315.0,6
E02006476,4132.0,443.0,5
E02006477,3610.0,226.0,6
E02006478,3552.0,249.0,5
E02006479,4264.0,776.0,5
E02006480,3357.0,442.0,5
E02006481,3160.0,405.0,5
E02006482,3164.0,323.0,4
E02006483,3333.0,479.0,5
E02006484,3524.0,420.0,5
E02006485,2935.0,174.0,5
E02006486,3211.0,295.0,5
E02006487,3181.0,404.0,5
E02006488,2922.0,271.0,4
E02006489,3497.0,400.0,5
E02006490,3247.0,307.0,4
E02006494,3417.0,509.0,4
E02006495,3466.0,343.0,5
E02006497,3597.0,532.0,4
E02006498,5567.0,413.0,8
E02006503,4389.0,446.0,6
E02006504,2487.0,316.0,3
E02006505,3363.0,423.0,4
E02006506,2749.0,302.0,4
E02006507,4982.0,463.0,6
E02006508,4884.0,643.0,7
E02006509,2922.0,331.0,4
E02006510,3092.0,358.0,3
E02006511,4752.0,504.0,8
E02006512,5941.0,607.0,7
E02006513,3789.0,249.0,5
E02006514,4413.0,437.0,5
E02006516,4358.0,609.0,5
E02006519,3819.0,376.0,5
E02006520,3793.0,247.0,5
E02006521,3345.0,286.0,5
E02006522,2551.0,343.0,4
E02006523,4537.0,455.0,7
E02006524,2467.0,262.0,4
E02006525,6147.0,698.0,8
E02006526,4057.0,381.0,6
E02006527,4366.0,508.0,6
E02006528,5021.0,712.0,7
E02006529,5836.0,561.0,7
E02006530,5803.0,371.0,8
E02006531,4242.0,672.0,6
E02006532,4940.0,359.0,5
E02006533,4348.0,321.0,5
E02006696,2982.0,194.0,4
E02006697,3222.0,422.0,5
E02006698,2801.0,264.0,4
E02006699,2662.0,209.0,4
E02006700,2687.0,209.0,4
E02006701,3035.0,179.0,4
E02006702,2690.0,257.0,4
E02006703,3365.0,214.0,5
E02006704,3000.0,310.0,4
E02006705,3286.0,358.0,4
E02006706,3402.0,303.0,4
E02006707,2787.0,179.0,4
E02006708,3592.0,400.0,5
E02006709,3447.0,287.0,5
E02006710,3821.0,589.0,4
E02006711,3666.0,523.0,4
E02006712,3308.0,398.0,4
E02006721,2902.0,163.0,4
E02006722,2422.0,286.0,4
E02006723,4019.0,359.0,6
E02006724,2911.0,519.0,4
E02006725,2499.0,245.0,4
E02006726,2743.0,325.0,4
E02006727,2597.0,214.0,4
E02006728,3407.0,225.0,5
E02006729,3162.0,274.0,5
E02006730,2703.0,293.0,4
E02006731,2716.0,262.0,4
E02006732,3122.0,231.0,5
E02006733,2682.0,257.0,4
E02006734,3695.0,356.0,5
E02006735,2532.0,316.0,4
E02006736,2935.0,143.0,4
E02006737,3876.0,414.0,5
E02006738,3882.0,562.0,6
E02006739,2207.0,215.0,4
E02006740,3985.0,663.0,5
E02006741,2560.0,111.0,3
E02006748,3804.0,421.0,5
E02006749,2335.0,264.0,4
E02006750,2780.0,256.0,3
E02006751,2721.0,300.0,4
E02006752,3604.0,167.0,5
E02006753,3207.0,347.0,3
E02006754,2519.0,352.0,4
E02006755,2574.0,342.0,4
E02006767,4240.0,529.0,6
E02006768,3123.0,302.0,5
E02006769,3201.0,320.0,5
E02006770,3966.0,526.0,5
E02006771,3215.0,364.0,4
E02006772,3046.0,308.0,4
E02006773,3951.0,494.0,6
E02006774,3582.0,523.0,5
E02006775,2627.0,354.0,4
E02006776,2970.0,201.0,5
E02006777,3492.0,413.0,5
E02006778,3142.0,295.0,5
E02006779,3788.0,341.0,4
E02006780,2832.0,286.0,4
E02006805,3472.0,482.0,5
E02006806,3630.0,351.0,5
E02006807,3154.0,354.0,5
E02006808,2787.0,282.0,4
E02006809,3282.0,387.0,6
E02006810,4491.0,474.0,6
E02006894,5300.0,1024.0,9
E02006895,4337.0,412.0,5
E02006896,3273.0,347.0,5
E02006897,4336.0,524.0,5
E02006898,4420.0,478.0,6
E02006899,4195.0,452.0,4
E02006900,4251.0,843.0,8
E02006919,4738.0,438.0,6
E02006920,3544.0,298.0,5
E02006943,2746.0,374.0,4
E02006944,2448.0,521.0,4
E02006982,5568.0,404.0,7
E02007038,5492.0,689.0,9
E02007039,2280.0,461.0,5
E02007040,2169.0,485.0,4
E02007048,3164.0,442.0,4
E02007050,3382.0,230.0,5
E02007051,3411.0,175.0,5
